customer_id,country,frequency,monetary,items,recency_days,avg_order_value,r_score,f_score,m_score,segment,first_purchase_date,last_purchase_date
12346,United Kingdom,1,77183.6,74215,326,77183.6,1,1,5,Lost,20110118,20110118
12347,Iceland,7,4310.0,2458,2,615.71,5,5,5,Champions,20101207,20111207
12348,Finland,4,1437.24,2332,75,359.31,2,4,4,Can't Lose Them,20101216,20110925
12349,Italy,1,1457.55,630,19,1457.55,4,1,4,New / Promising,20111121,20111121
12350,Norway,1,294.4,196,310,294.4,1,1,2,Lost,20110202,20110202
12352,Norway,7,1385.74,526,36,197.96,3,5,4,Loyal,20110216,20111103
12353,Bahrain,1,89.0,20,204,89.0,1,1,1,Lost,20110519,20110519
12354,Spain,1,1079.4,530,232,1079.4,1,1,4,Lost,20110421,20110421
12355,Bahrain,1,459.4,240,214,459.4,1,1,2,Lost,20110509,20110509
12356,Portugal,3,2487.43,1573,23,829.14,4,3,5,Loyal,20110118,20111117
12357,Switzerland,1,6207.67,2708,33,6207.67,4,1,5,New / Promising,20111106,20111106
12358,Austria,2,928.06,242,2,464.03,5,2,4,New / Promising,20110712,20111208
12359,Cyprus,4,6310.03,1609,58,1577.51,3,4,5,Loyal,20110112,20111013
12360,Austria,3,2302.06,1156,52,767.35,3,3,5,Loyal,20110523,20111018
12361,Belgium,1,174.9,90,287,174.9,1,1,1,Lost,20110225,20110225
12362,Belgium,10,4737.23,2197,3,473.72,5,5,5,Champions,20110217,20111206
12363,Unspecified,2,552.0,408,110,276.0,2,2,3,At Risk,20110411,20110822
12364,Belgium,4,1208.1,1499,8,302.02,5,4,4,Champions,20110819,20111202
12365,Cyprus,1,320.69,173,291,320.69,1,1,2,Lost,20110221,20110221
12367,Denmark,1,150.9,172,4,150.9,5,1,1,New / Promising,20111205,20111205
12370,Cyprus,4,3421.94,2349,51,855.48,3,4,5,Loyal,20101214,20111019
12371,Switzerland,1,1527.96,582,60,1527.96,3,1,4,Need Attention,20111011,20111011
12372,Denmark,3,1196.04,788,72,398.68,3,3,4,Loyal,20110216,20110929
12373,Austria,1,324.6,196,311,324.6,1,1,2,Lost,20110201,20110201
12374,Austria,1,622.93,339,25,622.93,4,1,3,New / Promising,20111114,20111114
12375,Finland,2,377.5,176,11,188.75,5,2,2,New / Promising,20110902,20111129
12377,Switzerland,2,1548.12,942,315,774.06,1,2,4,At Risk,20101220,20110128
12378,Switzerland,1,4008.62,2529,130,4008.62,2,1,5,Lost,20110802,20110802
12379,Belgium,2,777.24,402,82,388.62,2,2,3,At Risk,20110622,20110919
12380,Belgium,4,2427.81,1110,22,606.95,4,4,5,Champions,20110607,20111118
12381,Norway,3,1474.81,797,5,491.6,5,3,4,Loyal,20110812,20111205
12383,Belgium,5,1628.56,1518,185,325.71,1,4,4,Can't Lose Them,20101222,20110608
12384,Switzerland,2,425.27,122,29,212.64,4,2,2,New / Promising,20110810,20111111
12386,Australia,2,401.9,354,338,200.95,1,2,2,At Risk,20101208,20110106
12388,Australia,6,2780.66,1462,16,463.44,4,5,5,Champions,20110117,20111124
12390,Belgium,1,504.84,350,80,504.84,2,1,3,Lost,20110921,20110921
12391,Cyprus,1,439.66,293,22,439.66,4,1,2,New / Promising,20111118,20111118
12393,Australia,4,1582.6,816,72,395.65,2,4,4,Can't Lose Them,20110111,20110928
12394,Belgium,2,1080.48,808,64,540.24,3,2,4,Need Attention,20110506,20111007
12395,Belgium,12,2682.63,2097,19,223.55,4,5,5,Champions,20101203,20111120
12397,Belgium,2,2214.9,1250,36,1107.45,3,2,5,Need Attention,20110727,20111104
12398,Switzerland,1,1435.66,1389,46,1435.66,3,1,4,Need Attention,20111025,20111025
12399,Belgium,4,1033.65,1173,119,258.41,2,4,4,Can't Lose Them,20110323,20110812
12401,Belgium,1,69.3,10,303,69.3,1,1,1,Lost,20110209,20110209
12402,Belgium,1,195.6,92,323,195.6,1,1,1,Lost,20110120,20110120
12403,Denmark,1,391.7,94,50,391.7,3,1,2,Need Attention,20111021,20111021
12405,Finland,1,1390.39,849,149,1390.39,2,1,4,Lost,20110714,20110714
12406,Denmark,2,3415.3,1818,22,1707.65,4,2,5,New / Promising,20110609,20111117
12407,Belgium,5,1507.12,1403,50,301.42,3,4,4,Loyal,20110320,20111021
12408,Belgium,5,2618.55,1391,33,523.71,4,4,5,Champions,20110324,20111107
12409,Switzerland,3,11072.67,5551,79,3690.89,2,3,5,At Risk,20110610,20110922
12410,Switzerland,2,533.33,207,309,266.67,1,2,3,At Risk,20110204,20110204
12412,Denmark,3,1142.88,824,75,380.96,2,3,4,At Risk,20110623,20110926
12413,France,3,686.1,282,67,228.7,3,3,3,Loyal,20110106,20111004
12414,Austria,3,442.41,297,217,147.47,1,3,2,At Risk,20110202,20110506
12415,Australia,20,124564.53,77373,24,6228.23,4,5,5,Champions,20110106,20111115
12417,Belgium,9,3226.1,1527,3,358.46,5,5,5,Champions,20101217,20111206
12418,Switzerland,1,668.58,407,113,668.58,2,1,3,Lost,20110819,20110819
12420,Cyprus,1,600.39,345,64,600.39,3,1,3,Need Attention,20111007,20111007
12421,Spain,4,639.04,478,16,159.76,4,4,3,Champions,20110124,20111124
12422,Australia,3,683.56,367,96,227.85,2,3,3,At Risk,20110119,20110905
12423,Belgium,8,1634.31,1324,1,204.29,5,5,4,Champions,20101221,20111209
12424,Australia,2,1760.96,740,163,880.48,2,2,4,At Risk,20110630,20110630
12425,Portugal,1,777.2,496,78,777.2,2,1,3,Lost,20110922,20110922
12426,Germany,1,510.73,254,195,510.73,1,1,3,Lost,20110529,20110529
12427,Germany,3,699.8,526,22,233.27,4,3,3,Loyal,20101203,20111118
12428,Finland,8,6405.26,3509,26,800.66,4,5,5,Champions,20110301,20111114
12429,Denmark,4,3388.4,1538,9,847.1,5,4,5,Champions,20101209,20111130
12430,Norway,1,216.4,116,43,216.4,3,1,1,Need Attention,20111027,20111027
12431,Australia,15,6314.95,2889,36,421.0,3,5,5,Loyal,20101201,20111104
12432,Norway,4,4359.32,1800,43,1089.83,3,4,5,Loyal,20110620,20111028
12433,Norway,7,13375.87,11071,1,1910.84,5,5,5,Champions,20101201,20111209
12434,Australia,2,806.14,394,85,403.07,2,2,3,At Risk,20110324,20110916
12435,Denmark,2,7829.89,2055,80,3914.94,2,2,5,At Risk,20110317,20110921
12436,Norway,1,429.01,209,100,429.01,2,1,2,Lost,20110901,20110901
12437,France,18,4447.41,2894,2,247.08,5,5,5,Champions,20110112,20111208
12438,Norway,2,2466.85,1169,14,1233.42,5,2,5,New / Promising,20110722,20111125
12441,France,1,155.55,120,367,155.55,1,1,1,Lost,20101208,20101208
12442,Spain,1,144.06,181,3,144.06,5,1,1,New / Promising,20111206,20111206
12444,Norway,5,4085.46,1130,21,817.09,4,4,5,Champions,20110621,20111118
12445,Spain,1,77.4,60,22,77.4,4,1,1,New / Promising,20111117,20111117
12446,RSA,1,1002.31,351,58,1002.31,3,1,4,Need Attention,20111013,20111013
12447,Belgium,1,431.49,187,243,431.49,1,1,2,Lost,20110410,20110410
12448,Spain,1,365.45,240,44,365.45,3,1,2,Need Attention,20111026,20111026
12449,Belgium,4,3596.29,1523,22,899.07,4,4,5,Champions,20110605,20111117
12450,Spain,2,197.88,128,156,98.94,2,2,1,At Risk,20110619,20110706
12451,Switzerland,5,8995.52,6574,11,1799.1,5,4,5,Champions,20110119,20111129
12452,Switzerland,1,348.57,181,17,348.57,4,1,2,New / Promising,20111123,20111123
12453,Austria,1,707.09,473,134,707.09,2,1,3,Lost,20110728,20110728
12454,Spain,1,3528.34,1006,56,3528.34,3,1,5,Need Attention,20111014,20111014
12455,Cyprus,5,2339.86,2084,73,467.97,2,4,5,Can't Lose Them,20110216,20110927
12456,Switzerland,3,2581.04,1618,44,860.35,3,3,5,Loyal,20110330,20111026
12457,Switzerland,6,2043.23,835,66,340.54,3,5,5,Loyal,20110414,20111004
12458,Switzerland,2,787.4,502,71,393.7,3,2,3,Need Attention,20110228,20110929
12461,Switzerland,1,626.88,282,155,626.88,2,1,3,Lost,20110708,20110708
12462,Spain,2,937.59,527,19,468.8,4,2,4,New / Promising,20110209,20111121
12463,Belgium,4,1200.78,768,53,300.2,3,4,4,Loyal,20110412,20111017
12464,Belgium,8,957.05,95,10,119.63,5,5,4,Champions,20110203,20111129
12465,Belgium,2,682.19,475,17,341.1,4,2,3,New / Promising,20110623,20111122
12468,Germany,2,657.54,362,188,328.77,1,2,3,At Risk,20110127,20110605
12471,Germany,27,17388.65,8092,2,644.02,5,5,5,Champions,20101210,20111207
12472,Germany,7,6068.11,4120,32,866.87,4,5,5,Champions,20101205,20111107
12473,Germany,3,2585.73,2394,54,861.91,3,3,5,Loyal,20110601,20111017
12474,Germany,18,6694.09,4798,17,371.89,4,5,5,Champions,20110114,20111122
12475,Germany,1,669.38,532,54,669.38,3,1,3,Need Attention,20111017,20111017
12476,Germany,11,5898.42,2357,16,536.22,4,5,5,Champions,20101213,20111124
12477,Germany,6,13219.74,3653,23,2203.29,4,5,5,Champions,20110211,20111117
12478,Greece,1,545.99,233,4,545.99,5,1,3,New / Promising,20111206,20111206
12479,Germany,1,473.2,382,11,473.2,5,1,2,New / Promising,20111128,20111128
12480,Germany,4,2885.63,1685,28,721.41,4,4,5,Champions,20110107,20111111
12481,Germany,10,5003.82,3262,23,500.38,4,5,5,Champions,20101209,20111117
12483,Sweden,8,1910.98,1094,17,238.87,4,5,4,Champions,20110104,20111122
12484,Spain,4,3939.32,2166,35,984.83,3,4,5,Loyal,20110107,20111104
12488,France,3,1244.66,526,10,414.89,5,3,4,Loyal,20110925,20111130
12489,France,1,298.93,103,336,298.93,1,1,2,Lost,20110107,20110107
12490,France,10,4859.93,3033,5,485.99,5,5,5,Champions,20110114,20111204
12491,France,1,424.4,258,39,424.4,3,1,2,Need Attention,20111101,20111101
12492,Germany,2,227.21,190,63,113.6,3,2,1,Need Attention,20110826,20111007
12493,France,2,379.74,204,166,189.87,2,2,2,At Risk,20110526,20110627
12494,France,7,1084.1,698,16,154.87,4,5,4,Champions,20101209,20111124
12497,Germany,1,953.1,1231,82,953.1,2,1,4,Lost,20110919,20110919
12498,Germany,3,349.7,156,21,116.57,4,3,2,Loyal,20111013,20111118
12500,Germany,11,4059.82,2667,23,369.07,4,5,5,Champions,20110110,20111116
12501,Germany,1,2025.39,1775,337,2025.39,1,1,4,Lost,20110107,20110107
12502,Spain,5,2995.87,794,96,599.17,2,4,5,Can't Lose Them,20110203,20110905
12504,Germany,2,428.05,87,18,214.02,4,2,2,New / Promising,20111109,20111121
12506,France,1,73.5,23,233,73.5,1,1,1,Lost,20110421,20110421
12507,Spain,3,1052.81,885,134,350.94,2,3,4,At Risk,20110214,20110728
12508,France,2,397.88,271,26,198.94,4,2,2,New / Promising,20111110,20111113
12509,France,1,158.5,54,284,158.5,1,1,1,Lost,20110228,20110228
12510,Spain,2,814.57,347,143,407.28,2,2,3,At Risk,20110118,20110720
12512,Israel,2,132.18,96,66,66.09,3,2,1,Need Attention,20111004,20111004
12513,France,1,558.29,459,113,558.29,2,1,3,Lost,20110819,20110819
12514,Italy,1,1017.68,440,267,1017.68,1,1,4,Lost,20110317,20110317
12515,Italy,1,278.7,128,353,278.7,1,1,2,Lost,20101221,20101221
12516,Germany,2,1186.06,868,78,593.03,2,2,4,At Risk,20110612,20110923
12517,Germany,4,2301.6,1351,28,575.4,4,4,5,Champions,20110602,20111111
12518,Germany,5,1840.89,1306,1,368.18,5,4,4,Champions,20110821,20111209
12519,Germany,1,276.84,172,64,276.84,3,1,2,Need Attention,20111007,20111007
12520,Germany,5,2346.26,1423,79,469.25,2,4,5,Can't Lose Them,20110311,20110921
12521,Germany,1,545.68,306,143,545.68,2,1,3,Lost,20110720,20110720
12522,Germany,2,156.72,192,39,78.36,3,2,1,Need Attention,20111019,20111031
12523,France,11,1699.77,860,19,154.52,4,5,4,Champions,20110112,20111120
12524,Germany,8,3945.72,3669,9,493.22,5,5,5,Champions,20110110,20111130
12526,Germany,3,1172.66,624,1,390.89,5,3,4,Loyal,20110906,20111209
12527,Germany,3,330.71,233,82,110.24,2,3,2,At Risk,20110118,20110919
12528,Germany,6,1645.48,740,9,274.25,5,5,4,Champions,20110131,20111130
12530,Germany,4,1500.28,904,60,375.07,3,4,4,Loyal,20110107,20111011
12531,Germany,1,125.22,45,15,125.22,4,1,1,New / Promising,20111125,20111125
12532,France,1,313.83,151,30,313.83,4,1,2,New / Promising,20111109,20111109
12534,Germany,1,981.18,645,131,981.18,2,1,4,Lost,20110801,20110801
12535,France,2,716.35,219,92,358.18,2,2,3,At Risk,20110606,20110909
12536,France,1,4279.71,2801,59,4279.71,3,1,5,Need Attention,20111011,20111011
12538,Spain,1,363.95,191,29,363.95,4,1,2,New / Promising,20111110,20111110
12539,Spain,4,5568.35,2067,22,1392.09,4,4,5,Champions,20110110,20111117
12540,Spain,17,11580.24,6620,20,681.19,4,5,5,Champions,20101213,20111120
12541,Spain,3,841.18,675,30,280.39,4,3,3,Loyal,20110304,20111110
12544,Spain,1,316.7,134,36,316.7,3,1,2,Need Attention,20111103,20111103
12545,Spain,2,832.39,517,75,416.2,2,2,3,At Risk,20110325,20110925
12546,Spain,2,1021.5,628,47,510.75,3,2,4,Need Attention,20110923,20111024
12547,Spain,2,151.8,132,198,75.9,1,2,1,At Risk,20110304,20110526
12548,Spain,1,67.2,48,166,67.2,2,1,1,Lost,20110626,20110626
12550,Spain,1,824.83,564,79,824.83,2,1,3,Lost,20110921,20110921
12551,Spain,1,168.0,100,358,168.0,1,1,1,Lost,20101217,20101217
12552,Italy,1,317.82,85,40,317.82,3,1,2,Need Attention,20111031,20111031
12553,France,10,3278.28,1942,8,327.83,5,5,5,Champions,20110114,20111201
12556,Spain,2,599.56,355,50,299.78,3,2,3,Need Attention,20110711,20111020
12557,Spain,5,11990.96,4384,16,2398.19,4,4,5,Champions,20101203,20111123
12558,USA,1,269.96,196,8,269.96,5,1,2,New / Promising,20111202,20111202
12559,Germany,2,525.71,281,311,262.86,1,2,3,At Risk,20110124,20110202
12560,Germany,2,1918.01,1098,5,959.0,5,2,4,New / Promising,20110719,20111204
12561,Germany,1,238.85,177,303,238.85,1,1,1,Lost,20110210,20110210
12562,France,7,3385.74,1757,8,483.68,5,5,5,Champions,20110525,20111201
12564,France,1,402.9,130,261,402.9,1,1,2,Lost,20110323,20110323
12565,Saudi Arabia,1,145.92,80,289,145.92,1,1,1,Lost,20110224,20110224
12566,Germany,1,297.65,262,86,297.65,2,1,2,Lost,20110914,20110914
12567,France,10,8609.28,4261,23,860.93,4,5,5,Champions,20101205,20111117
12569,Germany,32,3152.69,1747,2,98.52,5,5,5,Champions,20110401,20111207
12571,France,2,519.61,523,40,259.8,3,2,3,Need Attention,20110810,20111031
12572,Germany,2,912.42,446,9,456.21,5,2,3,New / Promising,20111019,20111201
12573,France,1,160.54,84,227,160.54,1,1,1,Lost,20110426,20110426
12574,France,1,182.45,59,316,182.45,1,1,1,Lost,20110128,20110128
12576,Poland,5,1315.83,967,36,263.17,3,4,4,Loyal,20110208,20111104
12577,France,3,622.65,468,35,207.55,3,3,3,Loyal,20101215,20111104
12578,Italy,2,2402.51,1182,21,1201.26,4,2,5,New / Promising,20110113,20111118
12579,France,1,386.42,282,78,386.42,2,1,2,Lost,20110922,20110922
12580,Germany,1,379.7,236,247,379.7,1,1,2,Lost,20110407,20110407
12581,Germany,1,179.71,160,40,179.71,3,1,1,Need Attention,20111031,20111031
12582,Finland,2,351.36,296,239,175.68,1,2,2,At Risk,20110224,20110415
12583,France,15,6705.38,5028,3,447.03,5,5,5,Champions,20101201,20111207
12584,Italy,9,2254.15,413,4,250.46,5,5,5,Champions,20110304,20111206
12585,Germany,2,1824.1,1267,234,912.05,1,2,4,At Risk,20101223,20110419
12586,Italy,1,196.94,79,17,196.94,4,1,1,New / Promising,20111122,20111122
12587,Finland,1,104.0,50,8,104.0,5,1,1,New / Promising,20111202,20111202
12588,Finland,1,174.9,52,39,174.9,3,1,1,Need Attention,20111031,20111031
12589,France,2,574.68,302,29,287.34,4,2,3,New / Promising,20110718,20111111
12590,Germany,1,9341.26,4282,211,9341.26,1,1,5,Lost,20110512,20110512
12591,Italy,1,368.85,225,317,368.85,1,1,2,Lost,20110126,20110126
12592,Germany,2,401.6,288,92,200.8,2,2,2,At Risk,20110510,20110908
12593,France,3,382.1,204,109,127.37,2,3,2,At Risk,20110505,20110823
12594,Italy,9,3208.22,1772,38,356.47,3,5,5,Loyal,20110121,20111102
12596,Spain,2,450.27,468,51,225.14,3,2,2,Need Attention,20110411,20111019
12597,Spain,4,3195.22,2214,19,798.8,4,4,5,Champions,20110316,20111120
12598,France,7,2807.08,1952,10,401.01,5,5,5,Champions,20110228,20111130
12599,France,7,888.58,948,29,126.94,4,5,3,Champions,20110208,20111110
12600,Germany,10,2311.04,758,29,231.1,4,5,5,Champions,20101203,20111111
12601,Germany,5,487.06,240,190,97.41,1,4,3,Can't Lose Them,20110111,20110603
12602,France,1,153.12,162,59,153.12,3,1,1,Need Attention,20111012,20111012
12603,Germany,1,613.2,56,22,613.2,4,1,3,New / Promising,20111118,20111118
12604,France,2,236.18,200,79,118.09,2,2,1,At Risk,20110323,20110921
12607,USA,1,1579.51,1228,60,1579.51,3,1,4,Need Attention,20111010,20111010
12609,Germany,3,964.85,639,78,321.62,2,3,4,At Risk,20110125,20110922
12610,Italy,4,1747.54,1039,23,436.88,4,4,4,Champions,20110805,20111117
12611,Italy,1,1193.32,846,52,1193.32,3,1,4,Need Attention,20111018,20111018
12612,Germany,1,668.04,260,74,668.04,2,1,3,Lost,20110926,20110926
12613,Germany,4,3092.38,1630,57,773.1,3,4,5,Loyal,20110322,20111013
12614,Germany,1,315.6,76,278,315.6,1,1,2,Lost,20110307,20110307
12615,France,4,2093.19,1365,2,523.3,5,4,5,Champions,20110624,20111207
12616,France,2,641.3,280,95,320.65,2,2,3,At Risk,20110215,20110905
12617,France,1,352.98,210,29,352.98,4,1,2,New / Promising,20111110,20111110
12618,Italy,1,137.31,95,22,137.31,4,1,1,New / Promising,20111118,20111118
12619,Germany,8,2945.56,3360,16,368.2,4,5,5,Champions,20110331,20111123
12620,France,3,1303.41,1179,15,434.47,4,3,4,Loyal,20110519,20111125
12621,Germany,20,12411.67,7369,2,620.58,5,5,5,Champions,20101209,20111208
12622,Germany,1,162.1,68,232,162.1,1,1,1,Lost,20110421,20110421
12623,Germany,1,269.1,189,276,269.1,1,1,2,Lost,20110308,20110308
12624,France,2,569.13,351,106,284.56,2,2,3,At Risk,20110615,20110825
12625,Germany,2,2413.82,1597,212,1206.91,1,2,5,At Risk,20110124,20110512
12626,Germany,9,5954.48,3416,23,661.61,4,5,5,Champions,20110117,20111116
12627,Germany,6,4082.53,2730,11,680.42,5,5,5,Champions,20110722,20111129
12628,Germany,3,732.46,445,4,244.15,5,3,3,Loyal,20111006,20111205
12630,Finland,2,1030.88,542,10,515.44,5,2,4,New / Promising,20111027,20111130
12631,Finland,1,480.5,232,57,480.5,3,1,2,Need Attention,20111013,20111013
12633,Germany,4,1929.98,1149,59,482.5,3,4,4,Loyal,20110225,20111012
12635,Germany,2,1509.18,1162,90,754.59,2,2,4,At Risk,20110708,20110911
12637,France,8,5804.9,2983,67,725.61,3,5,5,Loyal,20110120,20111003
12638,Sweden,1,511.69,573,33,511.69,4,1,3,New / Promising,20111106,20111106
12639,Sweden,1,366.1,198,239,366.1,1,1,2,Lost,20110415,20110415
12640,France,3,994.58,301,24,331.53,4,3,4,Loyal,20110919,20111116
12641,Sweden,1,145.9,71,115,145.9,2,1,1,Lost,20110816,20110816
12642,Germany,3,905.26,546,25,301.75,4,3,3,Loyal,20110824,20111114
12643,France,6,3041.64,1788,128,506.94,2,5,5,Can't Lose Them,20110111,20110803
12644,Germany,1,477.91,325,130,477.91,2,1,2,Lost,20110802,20110802
12645,Germany,4,1631.18,1076,34,407.8,3,4,4,Loyal,20110127,20111106
12646,USA,2,1346.97,897,5,673.48,5,2,4,New / Promising,20111021,20111205
12647,Germany,12,3146.82,1399,22,262.24,4,5,5,Champions,20101205,20111117
12648,Germany,1,300.05,159,155,300.05,2,1,2,Lost,20110708,20110708
12649,Germany,3,569.51,583,107,189.84,2,3,3,At Risk,20110511,20110824
12650,France,1,242.44,250,3,242.44,5,1,1,New / Promising,20111206,20111206
12651,France,1,114.0,78,335,114.0,1,1,1,Lost,20110109,20110109
12652,France,1,793.98,498,331,793.98,1,1,3,Lost,20110112,20110112
12653,Israel,2,2209.85,919,149,1104.92,2,2,5,At Risk,20110216,20110714
12654,Germany,5,529.98,260,11,106.0,5,4,3,Champions,20110217,20111129
12656,France,5,3619.17,1699,17,723.83,4,4,5,Champions,20110420,20111122
12657,France,4,1427.18,1032,11,356.8,5,4,4,Champions,20110922,20111128
12658,Germany,1,632.05,317,19,632.05,4,1,3,New / Promising,20111121,20111121
12659,France,1,73.68,104,30,73.68,4,1,1,New / Promising,20111110,20111110
12660,France,1,227.1,126,11,227.1,5,1,1,New / Promising,20111128,20111128
12662,Germany,11,3543.78,2041,1,322.16,5,5,5,Champions,20101201,20111209
12664,Finland,9,4391.88,1188,8,487.99,5,5,5,Champions,20110121,20111201
12665,Germany,1,45.0,36,325,45.0,1,1,1,Lost,20110119,20110119
12667,Finland,1,460.13,391,58,460.13,3,1,2,Need Attention,20111012,20111012
12668,Germany,4,3177.15,1599,12,794.29,5,4,5,Champions,20101219,20111128
12669,France,2,1427.73,1104,151,713.86,2,2,4,At Risk,20110328,20110712
12670,France,5,2744.05,1383,10,548.81,5,4,5,Champions,20110421,20111129
12672,France,1,225.9,78,330,225.9,1,1,1,Lost,20110114,20110114
12673,Germany,2,574.52,349,5,287.26,5,2,3,New / Promising,20110117,20111204
12674,France,4,1844.6,1126,39,461.15,3,4,4,Loyal,20110516,20111101
12676,Sweden,6,1091.39,664,25,181.9,4,5,4,Champions,20110201,20111115
12678,France,9,16331.46,10900,42,1814.61,3,5,5,Loyal,20101221,20111028
12679,France,4,951.02,545,59,237.76,3,4,4,Loyal,20110301,20111012
12680,France,4,790.81,439,1,197.7,5,4,3,Champions,20110818,20111209
12681,France,22,12365.54,7457,15,562.07,4,5,5,Champions,20101207,20111125
12682,France,31,11019.82,5485,4,355.48,5,5,5,Champions,20101203,20111206
12683,France,14,7612.57,4934,4,543.76,5,5,5,Champions,20101209,20111205
12684,France,6,2073.63,1973,8,345.6,5,5,5,Champions,20110510,20111202
12685,France,6,2575.08,1507,28,429.18,4,5,5,Champions,20110907,20111111
12686,France,1,71.14,106,372,71.14,1,1,1,Lost,20101203,20101203
12688,Israel,1,4873.81,3028,114,4873.81,2,1,5,Lost,20110818,20110818
12689,France,2,1139.61,622,26,569.8,4,2,4,New / Promising,20110804,20111114
12690,France,1,335.01,103,206,335.01,1,1,2,Lost,20110518,20110518
12691,France,5,927.8,388,28,185.56,4,4,4,Champions,20101217,20111111
12693,Germany,4,711.91,247,127,177.98,2,4,3,Can't Lose Them,20110124,20110804
12694,France,2,761.67,503,70,380.84,3,2,3,Need Attention,20110609,20110930
12695,France,4,582.1,220,7,145.52,5,4,3,Champions,20110513,20111202
12697,Sweden,3,757.59,503,29,252.53,4,3,3,Loyal,20110623,20111111
12700,France,4,4525.99,2944,8,1131.5,5,4,5,Champions,20110508,20111202
12701,Germany,2,725.71,674,80,362.86,2,2,3,At Risk,20110411,20110921
12702,Germany,1,201.0,52,20,201.0,4,1,1,New / Promising,20111120,20111120
12703,Germany,1,265.55,163,71,265.55,3,1,2,Need Attention,20110929,20110929
12704,Finland,8,1740.84,991,7,217.6,5,5,4,Champions,20110623,20111202
12705,Germany,8,6382.29,3970,15,797.79,4,5,5,Champions,20101217,20111124
12707,France,1,603.42,256,292,603.42,1,1,3,Lost,20110221,20110221
12708,Germany,10,2442.91,1292,30,244.29,4,5,5,Champions,20101206,20111110
12709,Germany,15,9400.52,3895,15,626.7,4,5,5,Champions,20101208,20111124
12710,Germany,3,1023.02,844,97,341.01,2,3,4,At Risk,20110522,20110904
12712,Germany,13,3928.13,1036,29,302.16,4,5,5,Champions,20101203,20111111
12713,Germany,1,794.55,505,1,794.55,5,1,3,New / Promising,20111209,20111209
12714,France,5,4294.86,3046,9,858.97,5,4,5,Champions,20110218,20111130
12715,Sweden,1,263.36,190,106,263.36,2,1,2,Lost,20110825,20110825
12716,France,2,963.49,703,4,481.74,5,2,4,New / Promising,20110729,20111206
12717,Greece,2,830.98,502,151,415.49,2,2,3,At Risk,20110408,20110711
12718,France,1,202.25,201,71,202.25,3,1,1,Need Attention,20110929,20110929
12719,France,2,572.95,370,5,286.48,5,2,3,New / Promising,20111005,20111204
12720,Germany,25,5115.73,4635,3,204.63,5,5,5,Champions,20101205,20111207
12721,France,6,2386.13,1944,32,397.69,4,5,5,Champions,20101220,20111108
12722,France,4,979.63,565,85,244.91,2,4,4,Can't Lose Them,20110712,20110915
12723,France,5,707.07,433,4,141.41,5,4,3,Champions,20111005,20111206
12724,France,4,923.41,439,5,230.85,5,4,4,Champions,20110111,20111204
12725,Italy,1,371.8,162,371,371.8,1,1,2,Lost,20101203,20101203
12726,France,7,2411.1,3132,28,344.44,4,5,5,Champions,20101217,20111111
12727,France,7,3440.7,2068,11,491.53,5,5,5,Champions,20110123,20111129
12728,France,4,728.33,413,71,182.08,3,4,3,Loyal,20110111,20110929
12729,France,1,417.01,231,114,417.01,2,1,2,Lost,20110818,20110818
12731,France,12,18751.91,8429,24,1562.66,4,5,5,Champions,20101210,20111116
12732,France,1,218.26,110,180,218.26,1,1,1,Lost,20110613,20110613
12733,USA,1,383.95,137,234,383.95,1,1,2,Lost,20110419,20110419
12734,France,1,110.4,88,353,110.4,1,1,1,Lost,20101222,20101222
12735,France,2,689.57,363,315,344.78,1,2,3,At Risk,20110106,20110128
12736,France,1,144.0,168,333,144.0,1,1,1,Lost,20110111,20110111
12738,Germany,1,137.35,147,372,137.35,1,1,1,Lost,20101202,20101202
12739,United Arab Emirates,1,975.54,485,99,975.54,2,1,4,Lost,20110901,20110901
12740,France,1,427.6,342,64,427.6,3,1,2,Need Attention,20111007,20111007
12743,Unspecified,2,540.13,315,134,270.06,2,2,3,At Risk,20110728,20110728
12744,Singapore,4,9120.39,5234,56,2280.1,3,4,5,Loyal,20110125,20111014
12747,United Kingdom,11,4196.01,1275,2,381.46,5,5,5,Champions,20101205,20111207
12748,United Kingdom,206,31650.78,25051,1,153.64,5,5,5,Champions,20101201,20111209
12749,United Kingdom,5,4040.88,1470,4,808.18,5,4,5,Champions,20110510,20111206
12750,Poland,1,275.88,137,129,275.88,2,1,2,Lost,20110803,20110803
12752,Norway,1,4366.78,2262,81,4366.78,2,1,5,Lost,20110919,20110919
12753,Japan,6,21429.39,11421,23,3571.56,4,5,5,Champions,20101212,20111117
12754,Japan,3,3010.74,6481,236,1003.58,1,3,5,At Risk,20110204,20110418
12755,Japan,2,3811.95,1491,281,1905.98,1,2,5,At Risk,20101209,20110304
12756,Japan,1,112.08,144,87,112.08,2,1,1,Lost,20110914,20110914
12757,Portugal,9,4176.75,2387,16,464.08,4,5,5,Champions,20110512,20111124
12758,Portugal,2,2791.59,2135,117,1395.8,2,2,5,At Risk,20110308,20110815
12759,Netherlands,3,1411.44,894,52,470.48,3,3,4,Loyal,20110309,20111018
12762,Portugal,2,1702.52,1220,8,851.26,5,2,4,New / Promising,20111114,20111202
12763,Japan,2,494.08,316,138,247.04,2,2,3,At Risk,20101205,20110724
12764,Lebanon,1,1693.88,386,317,1693.88,1,1,4,Lost,20110127,20110127
12766,Portugal,7,6457.63,3627,4,922.52,5,5,5,Champions,20101208,20111206
12769,Brazil,1,1143.6,356,239,1143.6,1,1,4,Lost,20110415,20110415
12770,Japan,1,1351.45,743,211,1351.45,1,1,4,Lost,20110513,20110513
12772,Portugal,1,752.47,551,60,752.47,3,1,3,Need Attention,20111011,20111011
12775,Netherlands,5,1281.04,870,17,256.21,4,4,4,Champions,20110201,20111122
12778,Netherlands,6,693.23,817,20,115.54,4,5,3,Champions,20110131,20111120
12779,Poland,8,3981.36,2024,38,497.67,3,5,5,Loyal,20101203,20111102
12781,Czech Republic,2,786.74,670,64,393.37,3,2,3,Need Attention,20110228,20111007
12782,Portugal,5,1938.92,1072,5,387.78,5,4,4,Champions,20101217,20111205
12783,Portugal,4,1295.87,611,2,323.97,5,4,4,Champions,20110925,20111207
12784,Portugal,1,476.82,278,15,476.82,4,1,2,New / Promising,20111124,20111124
12785,Portugal,1,255.95,129,364,255.95,1,1,2,Lost,20101210,20101210
12787,Netherlands,3,418.66,258,10,139.55,5,3,2,Loyal,20110531,20111130
12789,Netherlands,1,76.85,3,65,76.85,3,1,1,Need Attention,20111005,20111005
12790,Netherlands,1,294.92,164,192,294.92,1,1,2,Lost,20110531,20110531
12791,Netherlands,1,177.6,96,374,177.6,1,1,1,Lost,20101201,20101201
12792,Portugal,1,344.54,215,257,344.54,1,1,2,Lost,20110328,20110328
12793,Portugal,2,461.48,292,335,230.74,1,2,2,At Risk,20101203,20110109
12794,Portugal,2,860.41,592,53,430.2,3,2,3,Need Attention,20110902,20111017
12795,Portugal,1,318.48,64,19,318.48,4,1,2,New / Promising,20111121,20111121
12797,Portugal,1,226.03,117,366,226.03,1,1,1,Lost,20101209,20101209
12798,Japan,3,6977.04,5256,10,2325.68,5,3,5,Loyal,20110622,20111129
12802,Netherlands,1,397.58,312,187,397.58,1,1,2,Lost,20110606,20110606
12808,Portugal,3,455.65,187,37,151.88,3,3,2,Loyal,20101206,20111103
12809,Portugal,1,405.31,217,178,405.31,2,1,2,Lost,20110615,20110615
12811,Portugal,2,458.85,227,262,229.42,1,2,2,At Risk,20110228,20110323
12812,Japan,1,229.64,164,45,229.64,3,1,1,Need Attention,20111026,20111026
12814,Poland,1,85.92,48,102,85.92,2,1,1,Lost,20110830,20110830
12815,Poland,2,863.46,374,148,431.73,2,2,3,At Risk,20110525,20110715
12816,Poland,2,452.2,125,96,226.1,2,2,2,At Risk,20110616,20110905
12817,Austria,1,126.04,52,281,126.04,1,1,1,Lost,20110303,20110303
12818,Austria,1,1182.08,920,262,1182.08,1,1,4,Lost,20110323,20110323
12820,United Kingdom,4,942.34,722,3,235.58,5,4,4,Champions,20110117,20111206
12821,United Kingdom,1,92.72,70,214,92.72,1,1,1,Lost,20110509,20110509
12822,United Kingdom,2,948.88,550,71,474.44,3,2,4,Need Attention,20110913,20110930
12823,United Kingdom,5,1759.5,230,75,351.9,2,4,4,Can't Lose Them,20110216,20110926
12824,United Kingdom,1,397.12,232,60,397.12,3,1,2,Need Attention,20111011,20111011
12826,United Kingdom,7,1474.72,1058,3,210.67,5,5,4,Champions,20101209,20111207
12827,United Kingdom,3,430.15,197,6,143.38,5,3,2,Loyal,20111026,20111204
12828,United Kingdom,6,1018.71,494,3,169.78,5,5,4,Champions,20110801,20111207
12829,United Kingdom,2,293.0,376,337,146.5,1,2,2,At Risk,20101214,20110107
12830,United Kingdom,6,6814.64,9848,38,1135.77,3,5,5,Loyal,20110621,20111102
12831,United Kingdom,1,215.05,135,262,215.05,1,1,1,Lost,20110322,20110322
12832,United Kingdom,2,383.03,195,32,191.52,4,2,2,New / Promising,20110902,20111107
12833,United Kingdom,1,417.38,156,145,417.38,2,1,2,Lost,20110717,20110717
12834,United Kingdom,1,312.38,110,283,312.38,1,1,2,Lost,20110302,20110302
12836,United Kingdom,4,2610.36,1062,59,652.59,3,4,5,Loyal,20110201,20111011
12837,United Kingdom,1,134.1,24,173,134.1,2,1,1,Lost,20110619,20110619
12838,United Kingdom,2,671.95,355,34,335.98,3,2,3,Need Attention,20101201,20111106
12839,United Kingdom,14,5591.42,3807,3,399.39,5,5,5,Champions,20101207,20111207
12840,United Kingdom,4,2726.77,1511,144,681.69,2,4,5,Can't Lose Them,20110427,20110719
12841,United Kingdom,25,3991.58,2720,5,159.66,5,5,5,Champions,20101203,20111205
12842,United Kingdom,2,1118.99,547,70,559.5,3,2,4,Need Attention,20110204,20110930
12843,United Kingdom,8,1702.26,781,66,212.78,3,5,4,Loyal,20110320,20111005
12844,United Kingdom,2,325.96,125,29,162.98,4,2,2,New / Promising,20110801,20111110
12845,United Kingdom,4,354.09,204,267,88.52,1,4,2,Can't Lose Them,20110222,20110317
12847,United Kingdom,1,843.64,873,22,843.64,4,1,3,New / Promising,20111117,20111117
12849,United Kingdom,2,992.65,579,31,496.32,4,2,4,New / Promising,20110316,20111108
12851,United Kingdom,1,131.81,106,97,131.81,2,1,1,Lost,20110904,20110904
12852,United Kingdom,1,311.55,149,295,311.55,1,1,2,Lost,20110218,20110218
12853,United Kingdom,6,1957.1,800,135,326.18,2,5,4,Can't Lose Them,20110128,20110728
12854,United Kingdom,3,1316.25,626,79,438.75,2,3,4,At Risk,20110125,20110922
12855,United Kingdom,1,38.1,30,373,38.1,1,1,1,Lost,20101202,20101202
12856,United Kingdom,6,2170.78,1076,8,361.8,5,5,5,Champions,20111007,20111202
12857,United Kingdom,2,1106.4,343,211,553.2,1,2,4,At Risk,20110210,20110513
12863,United Kingdom,1,521.2,188,52,521.2,3,1,3,Need Attention,20111018,20111018
12864,United Kingdom,1,147.12,216,138,147.12,2,1,1,Lost,20110724,20110724
12865,Austria,2,1568.23,925,26,784.12,4,2,4,New / Promising,20110808,20111113
12866,Belgium,1,499.12,167,283,499.12,1,1,3,Lost,20110301,20110301
12867,United Kingdom,7,4009.34,4284,26,572.76,4,5,5,Champions,20101214,20111113
12868,United Kingdom,6,1607.06,928,186,267.84,1,5,4,Can't Lose Them,20101201,20110607
12871,United Kingdom,2,380.64,200,84,190.32,2,2,2,At Risk,20110516,20110916
12872,United Kingdom,2,599.97,319,327,299.98,1,2,3,At Risk,20101209,20110117
12873,United Kingdom,1,374.0,128,282,374.0,1,1,2,Lost,20110302,20110302
12875,United Kingdom,2,343.23,2019,143,171.62,2,2,2,At Risk,20101212,20110719
12876,Belgium,2,2053.02,1930,58,1026.51,3,2,5,Need Attention,20110527,20111013
12877,United Kingdom,12,1535.77,1178,4,127.98,5,5,4,Champions,20101216,20111206
12878,United Kingdom,2,854.99,547,236,427.5,1,2,3,At Risk,20110318,20110417
12879,United Kingdom,3,573.22,370,45,191.07,3,3,3,Loyal,20110909,20111026
12881,United Kingdom,1,298.0,21,276,298.0,1,1,2,Lost,20110309,20110309
12882,United Kingdom,2,1463.04,246,9,731.52,5,2,4,New / Promising,20111106,20111130
12883,United Kingdom,4,703.47,196,25,175.87,4,4,3,Champions,20110911,20111115
12884,United Kingdom,1,309.05,43,88,309.05,2,1,2,Lost,20110912,20110912
12885,United Kingdom,3,1175.22,655,63,391.74,3,3,4,Loyal,20110808,20111007
12886,United Kingdom,2,1378.4,770,68,689.2,3,2,4,Need Attention,20110504,20111003
12888,United Kingdom,2,354.12,76,214,177.06,1,2,2,At Risk,20110329,20110509
12890,United Kingdom,1,376.72,256,24,376.72,4,1,2,New / Promising,20111115,20111115
12891,United Kingdom,3,331.0,950,186,110.33,1,3,2,At Risk,20110220,20110607
12893,United Kingdom,1,176.55,90,31,176.55,4,1,1,New / Promising,20111109,20111109
12895,United Kingdom,2,372.8,210,42,186.4,3,2,2,Need Attention,20110914,20111028
12897,United Kingdom,2,216.5,110,205,108.25,1,2,1,At Risk,20110211,20110519
12901,United Kingdom,28,17654.54,23075,9,630.52,5,5,5,Champions,20110314,20111201
12902,United Kingdom,1,138.68,66,265,138.68,1,1,1,Lost,20110320,20110320
12904,United Kingdom,2,496.06,294,18,248.03,4,2,3,New / Promising,20110620,20111121
12906,United Kingdom,5,2919.81,1749,12,583.96,5,4,5,Champions,20110922,20111128
12908,United Kingdom,2,750.0,1200,176,375.0,2,2,3,At Risk,20110131,20110616
12909,United Kingdom,5,2178.67,1280,40,435.73,3,4,5,Loyal,20110331,20111031
12910,United Kingdom,8,3075.04,1692,23,384.38,4,5,5,Champions,20110412,20111116
12912,United Kingdom,5,1662.3,670,3,332.46,5,4,4,Champions,20111030,20111207
12913,United Kingdom,5,2483.63,1419,5,496.73,5,4,5,Champions,20101206,20111205
12915,United Kingdom,2,363.65,93,149,181.82,2,2,2,At Risk,20101202,20110714
12916,United Kingdom,4,2944.95,1083,139,736.24,2,4,5,Can't Lose Them,20110123,20110724
12917,United Kingdom,1,594.0,120,128,594.0,2,1,3,Lost,20110803,20110803
12919,United Kingdom,6,1335.19,673,8,222.53,5,5,4,Champions,20110623,20111201
12920,United Kingdom,1,162.78,128,17,162.78,4,1,1,New / Promising,20111122,20111122
12921,United Kingdom,37,16587.09,9526,9,448.3,5,5,5,Champions,20101201,20111130
12922,United Kingdom,1,405.38,370,161,405.38,2,1,2,Lost,20110701,20110701
12923,United Kingdom,1,171.57,67,64,171.57,3,1,1,Need Attention,20111006,20111006
12924,United Kingdom,4,925.75,480,88,231.44,2,4,4,Can't Lose Them,20110116,20110912
12925,United Kingdom,2,694.05,541,5,347.02,5,2,3,New / Promising,20110926,20111205
12928,United Kingdom,5,2062.7,1472,35,412.54,3,4,5,Loyal,20101215,20111104
12929,United Kingdom,1,117.85,37,312,117.85,1,1,1,Lost,20110201,20110201
12930,United Kingdom,2,415.8,252,78,207.9,2,2,2,At Risk,20110621,20110922
12931,United Kingdom,15,42055.96,28004,22,2803.73,4,5,5,Champions,20101217,20111118
12933,United Kingdom,3,607.53,499,24,202.51,4,3,3,Loyal,20110301,20111115
12935,United Kingdom,7,2160.7,1853,2,308.67,5,5,5,Champions,20110124,20111207
12936,United Kingdom,4,1063.9,559,17,265.98,4,4,4,Champions,20110922,20111122
12937,United Kingdom,4,1504.27,1007,15,376.07,4,4,4,Champions,20110317,20111124
12938,United Kingdom,1,114.14,140,26,114.14,4,1,1,New / Promising,20111114,20111114
12939,United Kingdom,8,11581.8,4876,64,1447.72,3,5,5,Loyal,20110109,20111006
12940,United Kingdom,2,899.69,404,55,449.84,3,2,3,Need Attention,20110913,20111016
12942,United Kingdom,3,675.6,198,131,225.2,2,3,3,At Risk,20101209,20110731
12944,United Kingdom,2,604.51,289,36,302.26,3,2,3,Need Attention,20101220,20111104
12945,United Kingdom,1,462.95,165,288,462.95,1,1,2,Lost,20110224,20110224
12947,United Kingdom,6,1603.99,1165,144,267.33,2,5,4,Can't Lose Them,20101201,20110719
12948,United Kingdom,7,2064.95,1080,16,294.99,4,5,5,Champions,20110320,20111123
12949,United Kingdom,8,4167.22,2381,31,520.9,4,5,5,Champions,20110401,20111109
12950,United Kingdom,3,1843.0,1380,2,614.33,5,3,4,Loyal,20111115,20111207
12951,United Kingdom,6,1064.07,503,9,177.34,5,5,4,Champions,20110113,20111201
12952,United Kingdom,4,1387.79,653,6,346.95,5,4,4,Champions,20110922,20111204
12953,United Kingdom,1,329.85,84,10,329.85,5,1,2,New / Promising,20111130,20111130
12955,United Kingdom,11,4757.16,3664,1,432.47,5,5,5,Champions,20110317,20111208
12956,United Kingdom,1,108.07,34,306,108.07,1,1,1,Lost,20110206,20110206
12957,United Kingdom,8,4017.54,2549,10,502.19,5,5,5,Champions,20110104,20111130
12962,United Kingdom,2,266.39,129,7,133.2,5,2,2,New / Promising,20110818,20111202
12963,United Kingdom,8,1856.63,881,8,232.08,5,5,4,Champions,20101209,20111201
12965,United Kingdom,1,769.81,282,89,769.81,2,1,3,Lost,20110911,20110911
12966,United Kingdom,1,160.18,75,10,160.18,5,1,1,New / Promising,20111130,20111130
12967,United Kingdom,2,1660.9,438,358,830.45,1,2,4,At Risk,20101203,20101216
12968,United Kingdom,1,135.95,73,112,135.95,2,1,1,Lost,20110819,20110819
12970,United Kingdom,4,405.47,268,7,101.37,5,4,2,Champions,20110121,20111202
12971,United Kingdom,86,11189.91,9289,4,130.12,5,5,5,Champions,20101202,20111206
12974,United Kingdom,1,144.8,24,198,144.8,1,1,1,Lost,20110526,20110526
12976,United Kingdom,1,738.6,561,212,738.6,1,1,3,Lost,20110512,20110512
12977,United Kingdom,1,39.24,12,156,39.24,2,1,1,Lost,20110706,20110706
12980,United Kingdom,9,7374.9,886,158,819.43,2,5,5,Can't Lose Them,20101216,20110705
12981,United Kingdom,2,372.22,242,30,186.11,4,2,2,New / Promising,20110729,20111110
12982,United Kingdom,1,390.54,288,243,390.54,1,1,2,Lost,20110411,20110411
12984,United Kingdom,1,97.5,26,19,97.5,4,1,1,New / Promising,20111121,20111121
12985,United Kingdom,2,1239.38,1533,1,619.69,5,2,4,New / Promising,20111111,20111209
12987,United Kingdom,2,558.7,219,74,279.35,2,2,3,At Risk,20110526,20110927
12988,United Kingdom,1,505.82,126,292,505.82,1,1,3,Lost,20110220,20110220
12989,United Kingdom,15,6924.11,2943,3,461.61,5,5,5,Champions,20101210,20111206
12990,United Kingdom,3,409.5,200,31,136.5,4,3,2,Loyal,20110202,20111108
12991,United Kingdom,2,503.76,405,23,251.88,4,2,3,New / Promising,20110819,20111116
12993,United Kingdom,4,414.76,240,23,103.69,4,4,2,Champions,20110214,20111116
12994,United Kingdom,3,974.42,459,4,324.81,5,3,4,Loyal,20110316,20111205
12995,United Kingdom,1,211.32,108,85,211.32,2,1,1,Lost,20110915,20110915
12997,United Kingdom,4,1226.89,664,22,306.72,4,4,4,Champions,20110126,20111117
12999,United Kingdom,3,455.88,342,196,151.96,1,3,2,At Risk,20110408,20110527
13000,United Kingdom,3,534.85,379,107,178.28,2,3,3,At Risk,20101210,20110825
13001,United Kingdom,13,9785.97,5490,4,752.77,5,5,5,Champions,20110117,20111205
13002,United Kingdom,1,120.95,73,318,120.95,1,1,1,Lost,20110125,20110125
13003,United Kingdom,3,149.05,103,106,49.68,2,3,1,At Risk,20110509,20110826
13004,United Kingdom,18,5655.91,4822,12,314.22,5,5,5,Champions,20101217,20111128
13005,United Kingdom,2,513.7,172,174,256.85,2,2,3,At Risk,20110407,20110619
13006,United Kingdom,1,81.57,55,56,81.57,3,1,1,Need Attention,20111014,20111014
13008,United Kingdom,1,229.47,175,323,229.47,1,1,1,Lost,20110120,20110120
13011,United Kingdom,1,50.55,13,372,50.55,1,1,1,Lost,20101202,20101202
13012,United Kingdom,8,1646.84,820,9,205.86,5,5,4,Champions,20110218,20111130
13013,United Kingdom,13,4810.94,2224,1,370.07,5,5,5,Champions,20101203,20111208
13014,United Kingdom,10,3466.28,905,11,346.63,5,5,5,Champions,20110303,20111129
13015,United Kingdom,5,3339.64,1609,53,667.93,3,4,5,Loyal,20110404,20111017
13016,United Kingdom,3,789.89,527,73,263.3,2,3,3,At Risk,20110808,20110927
13017,United Kingdom,1,204.0,48,7,204.0,5,1,1,New / Promising,20111202,20111202
13018,United Kingdom,28,7277.7,5435,16,259.92,4,5,5,Champions,20110217,20111123
13021,United Kingdom,9,2616.38,1352,4,290.71,5,5,5,Champions,20101216,20111205
13023,United Kingdom,2,599.9,280,64,299.95,3,2,3,Need Attention,20110802,20111006
13026,United Kingdom,5,975.36,1620,1,195.07,5,4,4,Champions,20110309,20111208
13027,United Kingdom,6,6912.0,17280,114,1152.0,2,5,5,Can't Lose Them,20101220,20110818
13028,United Kingdom,2,661.32,798,23,330.66,4,2,3,New / Promising,20111025,20111117
13029,United Kingdom,3,1247.5,134,31,415.83,4,3,4,Loyal,20101221,20111109
13030,United Kingdom,2,752.44,348,11,376.22,5,2,3,New / Promising,20101206,20111128
13032,United Kingdom,2,1010.18,375,52,505.09,3,2,4,Need Attention,20110913,20111018
13033,United Kingdom,1,190.55,83,357,190.55,1,1,1,Lost,20101217,20101217
13034,United Kingdom,2,642.77,369,55,321.38,3,2,3,Need Attention,20101205,20111016
13035,United Kingdom,2,921.88,644,74,460.94,2,2,3,At Risk,20110324,20110927
13037,United Kingdom,3,881.07,431,138,293.69,2,3,3,At Risk,20110328,20110724
13038,United Kingdom,3,908.46,360,80,302.82,2,3,3,At Risk,20110222,20110920
13040,United Kingdom,2,676.99,355,9,338.5,5,2,3,New / Promising,20111106,20111201
13043,United Kingdom,1,516.42,254,273,516.42,1,1,3,Lost,20110311,20110311
13044,United Kingdom,1,560.47,429,291,560.47,1,1,3,Lost,20110221,20110221
13045,United Kingdom,1,305.28,221,99,305.28,2,1,2,Lost,20110901,20110901
13046,United Kingdom,2,629.31,264,31,314.65,4,2,3,New / Promising,20110318,20111109
13047,United Kingdom,9,3232.59,1390,57,359.18,3,5,5,Loyal,20101201,20111014
13048,United Kingdom,4,1819.41,1228,14,454.85,5,4,4,Champions,20110116,20111125
13049,United Kingdom,2,656.68,268,64,328.34,3,2,3,Need Attention,20110125,20111006
13050,United Kingdom,17,5833.11,3747,15,343.12,4,5,5,Champions,20101208,20111125
13052,United Kingdom,1,348.15,222,212,348.15,1,1,2,Lost,20110511,20110511
13055,United Kingdom,3,1214.41,894,78,404.8,2,3,4,At Risk,20110510,20110922
13058,United Kingdom,3,271.4,52,25,90.47,4,3,2,Loyal,20110711,20111115
13059,United Kingdom,1,183.4,35,250,183.4,1,1,1,Lost,20110404,20110404
13060,United Kingdom,1,307.53,123,254,307.53,1,1,2,Lost,20110331,20110331
13061,United Kingdom,1,248.61,107,72,248.61,2,1,2,Lost,20110928,20110928
13062,United Kingdom,1,346.98,343,191,346.98,1,1,2,Lost,20110601,20110601
13064,United Kingdom,4,1105.59,514,13,276.4,5,4,4,Champions,20110116,20111127
13065,United Kingdom,1,205.86,74,373,205.86,1,1,1,Lost,20101201,20101201
13066,United Kingdom,2,470.8,322,24,235.4,4,2,2,New / Promising,20111107,20111115
13067,United Kingdom,1,115.46,32,82,115.46,2,1,1,Lost,20110918,20110918
13068,United Kingdom,2,344.0,200,10,172.0,5,2,2,New / Promising,20110124,20111129
13069,United Kingdom,24,4431.44,5873,1,184.64,5,5,5,Champions,20101205,20111209
13070,United Kingdom,1,228.8,110,192,228.8,1,1,1,Lost,20110531,20110531
13072,United Kingdom,1,177.15,69,267,177.15,1,1,1,Lost,20110318,20110318
13075,United Kingdom,1,919.61,485,130,919.61,2,1,3,Lost,20110802,20110802
13077,United Kingdom,4,728.02,862,1,182.0,5,4,3,Champions,20101208,20111208
13078,United Kingdom,26,12627.94,5630,3,485.69,5,5,5,Champions,20101208,20111206
13079,United Kingdom,5,220.1,62,4,44.02,5,4,1,Champions,20110722,20111205
13080,United Kingdom,1,58.08,120,179,58.08,2,1,1,Lost,20110613,20110613
13081,United Kingdom,11,28337.38,19068,12,2576.13,5,5,5,Champions,20101203,20111128
13082,United Kingdom,9,3613.63,4324,126,401.51,2,5,5,Can't Lose Them,20110105,20110805
13083,United Kingdom,2,303.75,187,4,151.88,5,2,2,New / Promising,20110925,20111205
13085,United Kingdom,2,416.08,216,158,208.04,2,2,2,At Risk,20110217,20110705
13089,United Kingdom,97,58762.08,31025,3,605.79,5,5,5,Champions,20101205,20111207
13090,United Kingdom,13,8895.82,2262,9,684.29,5,5,5,Champions,20101202,20111201
13091,United Kingdom,1,345.82,466,28,345.82,4,1,2,New / Promising,20111111,20111111
13092,United Kingdom,5,477.83,279,71,95.57,3,4,2,Loyal,20101215,20110930
13093,United Kingdom,8,7832.47,3961,276,979.06,1,5,5,Can't Lose Them,20101201,20110309
13094,United Kingdom,12,1927.32,1716,21,160.61,4,5,4,Champions,20101206,20111118
13095,United Kingdom,1,74.4,144,71,74.4,3,1,1,Need Attention,20110930,20110930
13097,United Kingdom,10,6003.22,2360,33,600.32,4,5,5,Champions,20101214,20111107
13098,United Kingdom,28,28882.44,15968,1,1031.52,5,5,5,Champions,20110126,20111208
13099,United Kingdom,1,207.36,288,99,207.36,2,1,1,Lost,20110901,20110901
13101,United Kingdom,1,101.19,113,234,101.19,1,1,1,Lost,20110419,20110419
13102,United Kingdom,24,6424.09,4204,1,267.67,5,5,5,Champions,20101209,20111208
13103,United Kingdom,1,243.94,82,40,243.94,3,1,1,Need Attention,20111031,20111031
13104,United Kingdom,6,1098.48,504,3,183.08,5,5,4,Champions,20101220,20111206
13106,United Kingdom,1,76.5,18,133,76.5,2,1,1,Lost,20110729,20110729
13107,United Kingdom,4,1531.62,1293,44,382.9,3,4,4,Loyal,20110110,20111026
13108,United Kingdom,1,350.06,298,373,350.06,1,1,2,Lost,20101202,20101202
13109,United Kingdom,2,786.54,520,60,393.27,3,2,3,Need Attention,20110705,20111011
13110,United Kingdom,7,1488.67,388,31,212.67,4,5,4,Champions,20110201,20111108
13113,United Kingdom,24,12245.96,3045,1,510.25,5,5,5,Champions,20101208,20111209
13115,United Kingdom,4,2294.78,1567,12,573.7,5,4,5,Champions,20110608,20111128
13116,United Kingdom,1,501.14,291,138,501.14,2,1,3,Lost,20110724,20110724
13117,United Kingdom,8,984.91,945,22,123.11,4,5,4,Champions,20101202,20111118
13118,United Kingdom,5,1197.81,410,20,239.56,4,4,4,Champions,20110224,20111120
13120,United Kingdom,1,30.6,12,239,30.6,1,1,1,Lost,20110415,20110415
13121,United Kingdom,1,283.73,252,269,283.73,1,1,2,Lost,20110315,20110315
13122,United Kingdom,2,922.39,585,94,461.2,2,2,4,At Risk,20110413,20110906
13124,United Kingdom,3,3756.33,2119,90,1252.11,2,3,5,At Risk,20101215,20110911
13126,United Kingdom,8,2099.64,2143,5,262.46,5,5,5,Champions,20101208,20111205
13127,United Kingdom,1,259.17,127,78,259.17,2,1,2,Lost,20110923,20110923
13130,United Kingdom,1,64.0,32,94,64.0,2,1,1,Lost,20110906,20110906
13131,United Kingdom,3,1073.3,447,23,357.77,4,3,4,Loyal,20110605,20111116
13132,United Kingdom,1,77.3,20,262,77.3,1,1,1,Lost,20110323,20110323
13133,United Kingdom,2,109.8,32,274,54.9,1,2,1,At Risk,20110208,20110311
13134,United Kingdom,4,1793.58,1059,86,448.4,2,4,4,Can't Lose Them,20110413,20110915
13135,United Kingdom,1,3096.0,4300,197,3096.0,1,1,5,Lost,20110527,20110527
13136,United Kingdom,5,2607.61,1328,56,521.52,3,4,5,Loyal,20110511,20111014
13137,United Kingdom,8,3603.29,2204,11,450.41,5,5,5,Champions,20110204,20111129
13138,United Kingdom,6,962.39,473,22,160.4,4,5,4,Champions,20101202,20111117
13139,United Kingdom,7,5064.94,2425,16,723.56,4,5,5,Champions,20110325,20111123
13140,United Kingdom,3,422.47,185,108,140.82,2,3,2,At Risk,20101208,20110823
13141,United Kingdom,5,2388.75,1548,85,477.75,2,4,5,Can't Lose Them,20110128,20110916
13142,United Kingdom,1,307.09,258,19,307.09,4,1,2,New / Promising,20111120,20111120
13144,United Kingdom,1,110.95,21,333,110.95,1,1,1,Lost,20110111,20110111
13145,United Kingdom,4,618.52,145,40,154.63,3,4,3,Loyal,20101202,20111031
13146,United Kingdom,1,228.91,154,26,228.91,4,1,1,New / Promising,20111113,20111113
13147,United Kingdom,4,712.8,144,10,178.2,5,4,3,Champions,20110901,20111129
13148,United Kingdom,12,3683.26,1965,29,306.94,4,5,5,Champions,20101210,20111110
13149,United Kingdom,4,1676.06,1280,14,419.02,4,4,4,Champions,20110223,20111125
13151,United Kingdom,1,1257.87,363,296,1257.87,1,1,4,Lost,20110217,20110217
13153,United Kingdom,1,486.22,418,6,486.22,5,1,3,New / Promising,20111204,20111204
13155,United Kingdom,4,971.76,497,33,242.94,4,4,4,Champions,20101206,20111106
13157,United Kingdom,4,1741.22,1439,49,435.3,3,4,4,Loyal,20110214,20111021
13158,United Kingdom,4,1201.06,784,95,300.26,2,4,4,Can't Lose Them,20110125,20110906
13159,United Kingdom,4,1429.35,1058,9,357.34,5,4,4,Champions,20110816,20111201
13160,United Kingdom,1,91.8,56,22,91.8,4,1,1,New / Promising,20111117,20111117
13161,United Kingdom,1,112.75,29,313,112.75,1,1,1,Lost,20110130,20110130
13162,United Kingdom,4,1688.29,1713,122,422.07,2,4,4,Can't Lose Them,20110109,20110809
13165,United Kingdom,2,1021.48,1376,46,510.74,3,2,4,Need Attention,20101223,20111024
13166,United Kingdom,1,417.2,216,283,417.2,1,1,2,Lost,20110301,20110301
13167,United Kingdom,4,779.33,773,19,194.83,4,4,3,Champions,20110719,20111121
13168,United Kingdom,4,1299.59,670,36,324.9,3,4,4,Loyal,20110125,20111103
13169,United Kingdom,2,712.88,272,64,356.44,3,2,3,Need Attention,20110401,20111007
13170,United Kingdom,1,108.81,141,27,108.81,4,1,1,New / Promising,20111113,20111113
13171,United Kingdom,3,468.41,229,22,156.14,4,3,2,Loyal,20110213,20111118
13173,United Kingdom,2,353.65,277,4,176.82,5,2,2,New / Promising,20101207,20111205
13174,United Kingdom,3,2738.82,1351,16,912.94,4,3,5,Loyal,20101205,20111123
13176,United Kingdom,1,481.49,448,46,481.49,3,1,2,Need Attention,20111024,20111024
13177,United Kingdom,1,282.45,91,65,282.45,3,1,2,Need Attention,20111006,20111006
13178,United Kingdom,11,5725.47,3570,26,520.5,4,5,5,Champions,20101214,20111113
13182,United Kingdom,1,121.18,201,45,121.18,3,1,1,Need Attention,20111025,20111025
13183,United Kingdom,9,3957.78,2208,8,439.75,5,5,5,Champions,20110109,20111202
13184,United Kingdom,10,1667.95,1661,15,166.8,4,5,4,Champions,20110222,20111125
13185,United Kingdom,1,71.4,12,268,71.4,1,1,1,Lost,20110317,20110317
13186,United Kingdom,3,1575.89,820,40,525.3,3,3,4,Loyal,20110803,20111031
13187,United Kingdom,1,236.02,95,337,236.02,1,1,1,Lost,20110106,20110106
13188,United Kingdom,1,114.6,25,11,114.6,5,1,1,New / Promising,20111128,20111128
13189,United Kingdom,2,260.68,842,19,130.34,4,2,2,New / Promising,20110816,20111121
13192,United Kingdom,2,911.94,595,95,455.97,2,2,3,At Risk,20110518,20110905
13193,United Kingdom,1,112.08,46,61,112.08,3,1,1,Need Attention,20111009,20111009
13194,United Kingdom,1,60.7,26,136,60.7,2,1,1,Lost,20110727,20110727
13196,United Kingdom,4,1797.78,1224,11,449.44,5,4,4,Champions,20110322,20111128
13198,United Kingdom,6,3401.24,2648,10,566.87,5,5,5,Champions,20101213,20111129
13199,United Kingdom,37,9802.12,6175,4,264.92,5,5,5,Champions,20101208,20111206
13200,United Kingdom,4,870.09,516,19,217.52,4,4,3,Champions,20110805,20111120
13203,United Kingdom,4,869.46,800,10,217.36,5,4,3,Champions,20110411,20111130
13207,United Kingdom,2,250.26,130,15,125.13,4,2,2,New / Promising,20110712,20111124
13208,United Kingdom,5,1193.17,767,59,238.63,3,4,4,Loyal,20110203,20111011
13209,United Kingdom,8,5891.61,4253,30,736.45,4,5,5,Champions,20101213,20111109
13210,United Kingdom,1,353.48,316,94,353.48,2,1,2,Lost,20110907,20110907
13211,United Kingdom,3,1095.42,834,10,365.14,5,3,4,Loyal,20101213,20111129
13212,United Kingdom,3,786.83,309,20,262.28,4,3,3,Loyal,20111009,20111120
13213,United Kingdom,5,1520.58,1360,57,304.12,3,4,4,Loyal,20110524,20111014
13216,United Kingdom,1,333.74,297,268,333.74,1,1,2,Lost,20110317,20110317
13217,United Kingdom,3,533.98,262,122,177.99,2,3,3,At Risk,20110706,20110809
13218,United Kingdom,1,62.64,88,127,62.64,2,1,1,Lost,20110804,20110804
13220,United Kingdom,4,819.29,196,78,204.82,2,4,3,Can't Lose Them,20110417,20110922
13221,United Kingdom,2,844.86,243,240,422.43,1,2,3,At Risk,20101215,20110413
13223,United Kingdom,2,163.2,88,200,81.6,1,2,1,At Risk,20110421,20110523
13224,United Kingdom,2,2152.95,1515,60,1076.47,3,2,5,Need Attention,20110711,20111010
13225,United Kingdom,7,6463.84,3416,3,923.41,5,5,5,Champions,20101213,20111206
13226,United Kingdom,1,108.21,80,273,108.21,1,1,1,Lost,20110311,20110311
13227,United Kingdom,1,257.7,99,202,257.7,1,1,2,Lost,20110522,20110522
13228,United Kingdom,1,358.0,200,81,358.0,2,1,2,Lost,20110919,20110919
13229,United Kingdom,1,160.95,63,226,160.95,1,1,1,Lost,20110428,20110428
13230,United Kingdom,14,2755.63,1638,4,196.83,5,5,5,Champions,20101209,20111205
13232,United Kingdom,7,1327.75,771,13,189.68,5,5,4,Champions,20110410,20111127
13233,United Kingdom,2,605.12,1004,74,302.56,2,2,3,At Risk,20110107,20110926
13235,United Kingdom,1,1031.07,441,212,1031.07,1,1,4,Lost,20110511,20110511
13236,United Kingdom,2,744.85,416,25,372.42,4,2,3,New / Promising,20110825,20111115
13238,United Kingdom,4,700.73,298,17,175.18,4,4,3,Champions,20101214,20111122
13239,United Kingdom,1,329.56,327,262,329.56,1,1,2,Lost,20110323,20110323
13240,United Kingdom,4,648.7,297,96,162.18,2,4,3,Can't Lose Them,20101209,20110904
13242,United Kingdom,3,270.4,130,112,90.13,2,3,2,At Risk,20110510,20110819
13243,United Kingdom,1,585.12,232,203,585.12,1,1,3,Lost,20110520,20110520
13244,United Kingdom,1,121.74,38,93,121.74,2,1,1,Lost,20110908,20110908
13245,United Kingdom,1,430.5,125,51,430.5,3,1,2,Need Attention,20111020,20111020
13246,United Kingdom,6,1961.52,1587,18,326.92,4,5,4,Champions,20110113,20111121
13247,United Kingdom,4,501.12,328,18,125.28,4,4,3,Champions,20110918,20111122
13248,United Kingdom,2,465.68,305,125,232.84,2,2,2,At Risk,20110603,20110807
13249,United Kingdom,3,711.41,546,92,237.14,2,3,3,At Risk,20110323,20110908
13253,United Kingdom,2,1030.4,1572,157,515.2,2,2,4,At Risk,20110104,20110706
13255,United Kingdom,2,399.51,177,9,199.76,5,2,2,New / Promising,20101201,20111130
13258,United Kingdom,3,672.83,282,12,224.28,5,3,3,Loyal,20110518,20111128
13259,United Kingdom,1,283.18,126,62,283.18,3,1,2,Need Attention,20111009,20111009
13260,United Kingdom,1,557.62,142,61,557.62,3,1,3,Need Attention,20111009,20111009
13261,United Kingdom,2,944.1,210,269,472.05,1,2,4,At Risk,20110227,20110316
13262,United Kingdom,1,200.29,125,263,200.29,1,1,1,Lost,20110321,20110321
13263,United Kingdom,34,7411.71,4761,1,217.99,5,5,5,Champions,20110118,20111208
13265,United Kingdom,5,2092.66,1740,53,418.53,3,4,5,Loyal,20110311,20111017
13266,United Kingdom,12,3834.26,4428,11,319.52,5,5,5,Champions,20110328,20111128
13267,United Kingdom,19,4521.49,1969,3,237.97,5,5,5,Champions,20101208,20111207
13268,United Kingdom,10,3152.71,3548,18,315.27,4,5,5,Champions,20110317,20111122
13269,United Kingdom,15,5343.28,3513,1,356.22,5,5,5,Champions,20101205,20111208
13270,United Kingdom,1,590.0,200,366,590.0,1,1,3,Lost,20101208,20101208
13271,United Kingdom,1,211.49,240,37,211.49,3,1,1,Need Attention,20111102,20111102
13272,United Kingdom,2,276.56,96,31,138.28,4,2,2,New / Promising,20110911,20111108
13273,United Kingdom,1,138.98,153,113,138.98,2,1,1,Lost,20110818,20110818
13276,United Kingdom,2,590.93,161,64,295.46,3,2,3,Need Attention,20110901,20111007
13277,United Kingdom,4,258.4,176,16,64.6,4,4,2,Champions,20110729,20111124
13278,United Kingdom,1,542.73,537,41,542.73,3,1,3,Need Attention,20111030,20111030
13279,United Kingdom,1,137.75,73,78,137.75,2,1,1,Lost,20110922,20110922
13280,United Kingdom,3,798.46,518,122,266.15,2,3,3,At Risk,20110106,20110809
13282,United Kingdom,3,1132.14,307,18,377.38,4,3,4,Loyal,20110503,20111121
13283,United Kingdom,2,93.66,90,60,46.83,3,2,1,Need Attention,20110607,20111011
13284,United Kingdom,1,201.19,91,331,201.19,1,1,1,Lost,20110113,20110113
13285,United Kingdom,4,2709.12,2051,23,677.28,4,4,5,Champions,20110222,20111116
13291,United Kingdom,1,361.11,233,156,361.11,2,1,2,Lost,20110707,20110707
13292,United Kingdom,2,578.94,347,39,289.47,3,2,3,Need Attention,20110228,20111101
13294,United Kingdom,2,873.74,453,190,436.87,1,2,3,At Risk,20110404,20110603
13295,United Kingdom,1,201.2,82,360,201.2,1,1,1,Lost,20101215,20101215
13296,United Kingdom,1,87.4,78,137,87.4,2,1,1,Lost,20110725,20110725
13297,United Kingdom,4,2089.85,963,8,522.46,5,4,5,Champions,20111003,20111202
13298,United Kingdom,1,360.0,96,1,360.0,5,1,2,New / Promising,20111208,20111208
13299,United Kingdom,1,142.5,30,268,142.5,1,1,1,Lost,20110316,20110316
13300,United Kingdom,1,371.89,203,169,371.89,2,1,2,Lost,20110623,20110623
13301,United Kingdom,4,600.19,343,104,150.05,2,4,3,Can't Lose Them,20110220,20110828
13302,United Kingdom,1,63.75,5,155,63.75,2,1,1,Lost,20110707,20110707
13304,United Kingdom,1,300.42,238,351,300.42,1,1,2,Lost,20101223,20101223
13305,United Kingdom,10,2000.86,1232,4,200.09,5,5,4,Champions,20101202,20111205
13307,United Kingdom,1,15.0,4,120,15.0,2,1,1,Lost,20110811,20110811
13308,United Kingdom,3,1385.51,843,23,461.84,4,3,4,Loyal,20110520,20111117
13309,United Kingdom,5,1456.79,1544,7,291.36,5,4,4,Champions,20110204,20111202
13310,United Kingdom,3,1132.03,587,28,377.34,4,3,4,Loyal,20110119,20111111
13311,United Kingdom,2,598.57,305,4,299.29,5,2,3,New / Promising,20110712,20111205
13313,United Kingdom,5,1555.32,851,22,311.06,4,4,4,Champions,20110104,20111117
13314,United Kingdom,3,775.94,560,2,258.65,5,3,3,Loyal,20110927,20111208
13316,United Kingdom,4,5732.93,5508,37,1433.23,3,4,5,Loyal,20110330,20111102
13317,United Kingdom,6,2273.68,1035,66,378.95,3,5,5,Loyal,20101216,20111004
13318,United Kingdom,3,640.76,304,1,213.59,5,3,3,Loyal,20111102,20111208
13319,United Kingdom,26,10845.55,4724,5,417.14,5,5,5,Champions,20101209,20111204
13320,United Kingdom,4,1532.2,1086,78,383.05,2,4,4,Can't Lose Them,20110510,20110922
13321,United Kingdom,2,567.36,372,72,283.68,2,2,3,At Risk,20110914,20110928
13322,United Kingdom,1,199.48,117,17,199.48,4,1,1,New / Promising,20111122,20111122
13323,United Kingdom,5,787.85,175,3,157.57,5,4,3,Champions,20110916,20111206
13324,United Kingdom,10,7121.95,5205,36,712.2,3,5,5,Loyal,20101214,20111103
13325,United Kingdom,1,675.3,240,82,675.3,2,1,3,Lost,20110919,20110919
13327,United Kingdom,8,3627.77,1600,39,453.47,3,5,5,Loyal,20101209,20111101
13328,United Kingdom,1,1308.48,680,316,1308.48,1,1,4,Lost,20110127,20110127
13329,United Kingdom,2,789.0,463,32,394.5,4,2,3,New / Promising,20101208,20111108
13330,United Kingdom,3,1140.93,751,93,380.31,2,3,4,At Risk,20110128,20110908
13332,United Kingdom,1,350.9,179,14,350.9,4,1,2,New / Promising,20111125,20111125
13334,United Kingdom,3,3502.32,1764,82,1167.44,2,3,5,At Risk,20110207,20110918
13336,United Kingdom,1,795.12,559,77,795.12,2,1,3,Lost,20110923,20110923
13338,United Kingdom,1,437.02,255,158,437.02,2,1,2,Lost,20110705,20110705
13339,United Kingdom,1,860.12,326,201,860.12,1,1,3,Lost,20110523,20110523
13340,United Kingdom,7,10736.48,5770,45,1533.78,3,5,5,Loyal,20110308,20111025
13341,United Kingdom,1,775.85,301,261,775.85,1,1,3,Lost,20110324,20110324
13343,United Kingdom,1,303.43,134,178,303.43,2,1,2,Lost,20110615,20110615
13344,United Kingdom,3,2511.69,952,68,837.23,3,3,5,Loyal,20110307,20111003
13345,United Kingdom,1,339.5,140,288,339.5,1,1,2,Lost,20110225,20110225
13347,United Kingdom,1,291.36,204,70,291.36,3,1,2,Need Attention,20110930,20110930
13348,United Kingdom,1,233.76,136,64,233.76,3,1,1,Need Attention,20111006,20111006
13349,United Kingdom,1,197.32,224,11,197.32,5,1,1,New / Promising,20111129,20111129
13350,United Kingdom,2,879.12,285,16,439.56,4,2,3,New / Promising,20110921,20111123
13351,United Kingdom,1,323.94,116,66,323.94,3,1,2,Need Attention,20111004,20111004
13352,United Kingdom,1,347.98,320,60,347.98,3,1,2,Need Attention,20111010,20111010
13354,United Kingdom,1,743.53,604,71,743.53,3,1,3,Need Attention,20110929,20110929
13355,United Kingdom,1,674.7,314,122,674.7,2,1,3,Lost,20110809,20110809
13356,United Kingdom,1,768.24,325,80,768.24,2,1,3,Lost,20110920,20110920
13357,United Kingdom,1,609.4,321,257,609.4,1,1,3,Lost,20110327,20110327
13358,United Kingdom,1,389.03,284,269,389.03,1,1,2,Lost,20110316,20110316
13359,United Kingdom,1,389.56,160,64,389.56,3,1,2,Need Attention,20111007,20111007
13362,United Kingdom,4,3090.74,1382,9,772.68,5,4,5,Champions,20110225,20111130
13363,United Kingdom,2,892.5,708,18,446.25,4,2,3,New / Promising,20111027,20111122
13364,United Kingdom,1,134.96,71,71,134.96,3,1,1,Need Attention,20110929,20110929
13365,United Kingdom,2,2225.37,1247,34,1112.68,3,2,5,Need Attention,20110506,20111106
13366,United Kingdom,1,56.16,144,50,56.16,3,1,1,Need Attention,20111020,20111020
13368,United Kingdom,2,573.4,326,257,286.7,1,2,3,At Risk,20110106,20110328
13369,United Kingdom,1,258.28,148,366,258.28,1,1,2,Lost,20101209,20101209
13370,United Kingdom,1,754.87,343,372,754.87,1,1,3,Lost,20101203,20101203
13372,United Kingdom,1,328.64,158,90,328.64,2,1,2,Lost,20110911,20110911
13373,United Kingdom,3,3312.25,1651,61,1104.08,3,3,5,Loyal,20110308,20111010
13375,United Kingdom,1,778.65,442,89,778.65,2,1,3,Lost,20110912,20110912
13376,United Kingdom,3,869.76,490,99,289.92,2,3,3,At Risk,20110419,20110901
13379,United Kingdom,3,572.56,601,26,190.85,4,3,3,Loyal,20110726,20111113
13381,United Kingdom,6,3639.31,2029,32,606.55,4,5,5,Champions,20110214,20111108
13382,United Kingdom,1,222.99,131,281,222.99,1,1,1,Lost,20110304,20110304
13384,United Kingdom,7,4151.93,2422,31,593.13,4,5,5,Champions,20110614,20111109
13385,United Kingdom,1,534.57,281,330,534.57,1,1,3,Lost,20110114,20110114
13388,United Kingdom,2,677.1,282,131,338.55,2,2,3,At Risk,20110731,20110731
13389,United Kingdom,3,797.96,429,11,265.99,5,3,3,Loyal,20110421,20111128
13390,United Kingdom,1,544.08,224,75,544.08,2,1,3,Lost,20110926,20110926
13391,United Kingdom,1,59.8,4,204,59.8,1,1,1,Lost,20110520,20110520
13394,United Kingdom,8,2520.02,2392,2,315.0,5,5,5,Champions,20110203,20111208
13395,United Kingdom,1,307.72,336,185,307.72,1,1,2,Lost,20110607,20110607
13396,United Kingdom,2,1360.99,600,29,680.5,4,2,4,New / Promising,20110124,20111110
13397,United Kingdom,5,1544.13,430,73,308.83,2,4,4,Can't Lose Them,20110104,20110928
13398,United Kingdom,1,457.34,281,192,457.34,1,1,2,Lost,20110531,20110531
13402,United Kingdom,2,621.23,479,127,310.62,2,2,3,At Risk,20101202,20110804
13403,United Kingdom,1,75.0,44,18,75.0,4,1,1,New / Promising,20111122,20111122
13404,United Kingdom,2,252.49,111,1,126.24,5,2,2,New / Promising,20110511,20111208
13405,United Kingdom,2,557.45,163,204,278.73,1,2,3,At Risk,20110126,20110519
13408,United Kingdom,62,28117.04,16232,2,453.5,5,5,5,Champions,20101201,20111208
13410,United Kingdom,5,1003.06,518,24,200.61,4,4,4,Champions,20110221,20111115
13411,United Kingdom,1,213.55,72,107,213.55,2,1,1,Lost,20110824,20110824
13414,United Kingdom,3,1390.5,1574,134,463.5,2,3,4,At Risk,20110216,20110729
13416,United Kingdom,2,712.5,142,44,356.25,3,2,3,Need Attention,20110919,20111027
13417,United Kingdom,2,640.83,162,5,320.42,5,2,3,New / Promising,20110518,20111205
13418,United Kingdom,18,6127.43,3918,12,340.41,5,5,5,Champions,20101202,20111128
13419,United Kingdom,1,221.06,275,64,221.06,3,1,1,Need Attention,20111007,20111007
13420,United Kingdom,2,159.85,101,150,79.92,2,2,1,At Risk,20110622,20110713
13421,United Kingdom,2,1823.21,1103,40,911.6,3,2,4,Need Attention,20110222,20111030
13422,United Kingdom,1,2626.3,1326,64,2626.3,3,1,5,Need Attention,20111006,20111006
13425,United Kingdom,3,1624.21,1123,108,541.4,2,3,4,At Risk,20110218,20110823
13426,United Kingdom,10,3641.32,2245,1,364.13,5,5,5,Champions,20101215,20111209
13427,United Kingdom,3,582.6,545,19,194.2,4,3,3,Loyal,20110508,20111120
13428,United Kingdom,1,201.78,151,10,201.78,5,1,1,New / Promising,20111129,20111129
13429,United Kingdom,4,1006.8,1390,11,251.7,5,4,4,Champions,20110925,20111129
13430,United Kingdom,2,679.45,751,19,339.72,4,2,3,New / Promising,20110914,20111121
13431,United Kingdom,2,1269.1,672,67,634.55,3,2,4,Need Attention,20110912,20111003
13434,United Kingdom,2,534.24,300,74,267.12,2,2,3,At Risk,20110904,20110926
13435,United Kingdom,7,3809.89,2129,5,544.27,5,5,5,Champions,20110603,20111204
13436,United Kingdom,1,196.89,76,2,196.89,5,1,1,New / Promising,20111208,20111208
13437,United Kingdom,7,3408.06,1283,14,486.87,4,5,5,Champions,20110602,20111125
13439,United Kingdom,1,283.71,242,255,283.71,1,1,2,Lost,20110329,20110329
13441,United Kingdom,1,296.64,204,92,296.64,2,1,2,Lost,20110909,20110909
13447,United Kingdom,3,1129.14,584,23,376.38,4,3,4,Loyal,20111104,20111116
13448,United Kingdom,6,3534.69,1648,17,589.12,4,5,5,Champions,20101201,20111123
13449,United Kingdom,1,291.88,222,24,291.88,4,1,2,New / Promising,20111116,20111116
13450,United Kingdom,6,2043.72,1982,27,340.62,4,5,5,Champions,20110505,20111113
13451,United Kingdom,5,2898.26,2128,26,579.65,4,4,5,Champions,20110109,20111113
13452,United Kingdom,2,590.0,2,259,295.0,1,2,3,At Risk,20110314,20110325
13453,United Kingdom,2,356.98,134,166,178.49,2,2,2,At Risk,20110223,20110627
13455,United Kingdom,2,1058.34,354,25,529.17,4,2,4,New / Promising,20101208,20111115
13456,United Kingdom,6,1766.72,765,18,294.45,4,5,4,Champions,20110516,20111122
13458,United Kingdom,14,9646.57,5508,7,689.04,5,5,5,Champions,20101215,20111202
13460,United Kingdom,2,183.44,286,29,91.72,4,2,1,New / Promising,20111021,20111110
13461,United Kingdom,3,1445.0,1170,39,481.67,3,3,4,Loyal,20110629,20111101
13462,United Kingdom,1,151.5,62,253,151.5,1,1,1,Lost,20110401,20110401
13464,United Kingdom,1,674.68,403,58,674.68,3,1,3,Need Attention,20111012,20111012
13466,United Kingdom,1,307.9,259,184,307.9,1,1,2,Lost,20110608,20110608
13467,United Kingdom,2,1071.91,580,11,535.96,5,2,4,New / Promising,20111103,20111129
13468,United Kingdom,37,5704.97,2589,2,154.19,5,5,5,Champions,20101201,20111208
13470,United Kingdom,2,165.0,100,99,82.5,2,2,1,At Risk,20110816,20110901
13471,United Kingdom,4,2501.84,1583,1,625.46,5,4,5,Champions,20111023,20111208
13473,United Kingdom,2,422.64,266,61,211.32,3,2,2,Need Attention,20110111,20111010
13474,United Kingdom,1,226.84,129,236,226.84,1,1,1,Lost,20110417,20110417
13475,United Kingdom,4,1431.78,1012,191,357.94,1,4,4,Can't Lose Them,20110214,20110601
13476,United Kingdom,2,1238.47,417,179,619.24,2,2,4,At Risk,20110303,20110614
13477,United Kingdom,6,1454.58,1021,38,242.43,3,5,4,Loyal,20110221,20111102
13479,United Kingdom,2,300.95,134,201,150.48,1,2,2,At Risk,20110419,20110523
13481,United Kingdom,5,1804.56,1142,46,360.91,3,4,4,Loyal,20110328,20111025
13482,United Kingdom,1,184.64,116,232,184.64,1,1,1,Lost,20110421,20110421
13483,United Kingdom,1,140.34,160,66,140.34,3,1,1,Need Attention,20111005,20111005
13484,United Kingdom,1,313.8,44,241,313.8,1,1,2,Lost,20110412,20110412
13485,United Kingdom,1,454.24,277,233,454.24,1,1,2,Lost,20110420,20110420
13486,United Kingdom,3,1122.41,669,78,374.14,2,3,4,At Risk,20110707,20110922
13487,United Kingdom,3,575.4,265,58,191.8,3,3,3,Loyal,20101221,20111013
13488,United Kingdom,13,8968.31,4518,17,689.87,4,5,5,Champions,20101207,20111122
13489,United Kingdom,4,449.52,560,105,112.38,2,4,2,Can't Lose Them,20110218,20110826
13491,United Kingdom,10,1215.82,903,52,121.58,3,5,4,Loyal,20101202,20111019
13492,Switzerland,3,1269.84,408,136,423.28,2,3,4,At Risk,20110509,20110726
13493,Switzerland,2,498.63,377,275,249.32,1,2,3,At Risk,20110225,20110309
13494,United Kingdom,1,316.26,162,312,316.26,1,1,2,Lost,20110201,20110201
13495,United Kingdom,5,2044.87,829,8,408.97,5,4,5,Champions,20101206,20111202
13496,United Kingdom,2,653.33,341,11,326.67,5,2,3,New / Promising,20101215,20111129
13497,United Kingdom,2,348.05,163,283,174.02,1,2,2,At Risk,20101206,20110302
13499,United Kingdom,5,1159.11,1365,18,231.82,4,4,4,Champions,20110315,20111122
13500,United Kingdom,3,1166.77,609,23,388.92,4,3,4,Loyal,20110809,20111116
13501,Switzerland,1,1340.32,560,288,1340.32,1,1,4,Lost,20110224,20110224
13502,United Kingdom,3,292.0,264,17,97.33,4,3,2,Loyal,20110120,20111123
13503,United Kingdom,1,216.85,248,71,216.85,3,1,1,Need Attention,20110929,20110929
13504,United Kingdom,1,295.93,178,64,295.93,3,1,2,Need Attention,20111006,20111006
13505,Switzerland,4,3633.63,2467,73,908.41,2,4,5,Can't Lose Them,20110421,20110928
13506,United Kingdom,2,458.52,324,316,229.26,1,2,2,At Risk,20101205,20110127
13507,United Kingdom,4,2479.16,1597,3,619.79,5,4,5,Champions,20110717,20111206
13508,United Kingdom,1,110.97,24,244,110.97,1,1,1,Lost,20110410,20110410
13509,United Kingdom,6,964.72,1105,9,160.79,5,5,4,Champions,20110228,20111201
13510,United Kingdom,4,1791.56,1386,1,447.89,5,4,4,Champions,20110609,20111208
13512,United Kingdom,1,251.21,143,261,251.21,1,1,2,Lost,20110324,20110324
13513,United Kingdom,1,205.1,109,127,205.1,2,1,1,Lost,20110805,20110805
13514,United Kingdom,1,152.2,40,74,152.2,2,1,1,Lost,20110927,20110927
13515,United Kingdom,4,891.12,681,73,222.78,2,4,3,Can't Lose Them,20110406,20110928
13516,United Kingdom,3,1389.41,985,21,463.14,4,3,4,Loyal,20110415,20111118
13517,United Kingdom,3,2128.42,1369,60,709.47,3,3,5,Loyal,20110613,20111011
13518,United Kingdom,1,627.16,382,86,627.16,2,1,3,Lost,20110915,20110915
13519,United Kingdom,1,122.75,23,78,122.75,2,1,1,Lost,20110922,20110922
13520,Switzerland,6,2984.35,1633,59,497.39,3,5,5,Loyal,20101203,20111012
13521,United Kingdom,3,1070.47,715,1,356.82,5,3,4,Loyal,20111129,20111208
13522,United Kingdom,1,125.8,44,30,125.8,4,1,1,New / Promising,20111109,20111109
13523,United Kingdom,5,3964.88,1752,33,792.98,4,4,5,Champions,20101208,20111106
13524,United Kingdom,5,680.18,324,41,136.04,3,4,3,Loyal,20110504,20111030
13525,United Kingdom,2,628.78,394,15,314.39,4,2,3,New / Promising,20110405,20111125
13527,United Kingdom,7,2242.36,1683,34,320.34,3,5,5,Loyal,20110117,20111106
13529,United Kingdom,2,307.76,74,79,153.88,2,2,2,At Risk,20110519,20110922
13531,United Kingdom,2,483.8,174,205,241.9,1,2,3,At Risk,20101208,20110518
13532,United Kingdom,1,210.31,129,34,210.31,3,1,1,Need Attention,20111106,20111106
13533,United Kingdom,3,269.09,202,183,89.7,1,3,2,At Risk,20110317,20110610
13534,United Kingdom,25,5870.08,2961,2,234.8,5,5,5,Champions,20101216,20111207
13536,United Kingdom,7,3444.39,2126,1,492.06,5,5,5,Champions,20110925,20111208
13538,United Kingdom,7,1280.85,175,43,182.98,3,5,4,Loyal,20110128,20111027
13539,United Kingdom,3,631.34,320,86,210.45,2,3,3,At Risk,20110203,20110915
13544,United Kingdom,2,276.06,112,40,138.03,3,2,2,Need Attention,20110413,20111031
13546,United Kingdom,3,621.09,357,12,207.03,5,3,3,Loyal,20110523,20111127
13548,United Kingdom,2,678.16,436,96,339.08,2,2,3,At Risk,20110410,20110904
13549,United Kingdom,7,918.2,458,26,131.17,4,5,3,Champions,20110411,20111114
13551,United Kingdom,1,91.8,12,319,91.8,1,1,1,Lost,20110124,20110124
13552,United Kingdom,12,3740.07,1417,66,311.67,3,5,5,Loyal,20110128,20111004
13555,United Kingdom,4,4098.88,2636,74,1024.72,2,4,5,Can't Lose Them,20110522,20110927
13557,United Kingdom,2,584.06,546,28,292.03,4,2,3,New / Promising,20110304,20111111
13558,United Kingdom,4,594.52,338,6,148.63,5,4,3,Champions,20111002,20111204
13560,United Kingdom,1,171.42,63,7,171.42,5,1,1,New / Promising,20111202,20111202
13561,United Kingdom,1,141.86,83,216,141.86,1,1,1,Lost,20110508,20110508
13562,United Kingdom,3,1799.33,757,82,599.78,2,3,4,At Risk,20110408,20110919
13563,United Kingdom,2,777.53,209,84,388.76,2,2,3,At Risk,20110722,20110916
13564,United Kingdom,2,1174.03,635,354,587.02,1,2,4,At Risk,20101206,20101220
13565,United Kingdom,2,240.22,172,19,120.11,4,2,1,New / Promising,20110109,20111120
13566,United Kingdom,2,856.84,567,41,428.42,3,2,3,Need Attention,20110918,20111030
13568,United Kingdom,1,187.05,66,173,187.05,2,1,1,Lost,20110619,20110619
13569,United Kingdom,2,337.12,155,17,168.56,4,2,2,New / Promising,20101207,20111122
13570,United Kingdom,1,239.49,161,243,239.49,1,1,1,Lost,20110410,20110410
13571,United Kingdom,12,2088.94,1757,13,174.08,5,5,5,Champions,20110331,20111127
13572,United Kingdom,1,1384.25,534,206,1384.25,1,1,4,Lost,20110518,20110518
13573,United Kingdom,2,290.25,302,50,145.12,3,2,2,Need Attention,20110331,20111020
13575,United Kingdom,5,732.07,449,23,146.41,4,4,3,Champions,20110616,20111116
13576,United Kingdom,18,6717.34,2646,10,373.19,5,5,5,Champions,20101201,20111129
13577,United Kingdom,4,1687.6,791,25,421.9,4,4,4,Champions,20110412,20111114
13579,United Kingdom,2,467.04,176,15,233.52,4,2,2,New / Promising,20101205,20111125
13581,United Kingdom,1,118.0,30,309,118.0,1,1,1,Lost,20110203,20110203
13583,United Kingdom,1,781.03,725,156,781.03,2,1,3,Lost,20110707,20110707
13584,United Kingdom,1,142.4,37,307,142.4,1,1,1,Lost,20110206,20110206
13587,United Kingdom,1,712.4,180,64,712.4,3,1,3,Need Attention,20111007,20111007
13588,United Kingdom,9,2478.95,2606,16,275.44,4,5,5,Champions,20110329,20111124
13589,United Kingdom,2,379.65,114,15,189.82,4,2,2,New / Promising,20110613,20111125
13590,United Kingdom,6,1981.92,1848,11,330.32,5,5,4,Champions,20110209,20111128
13591,United Kingdom,3,1117.13,485,65,372.38,3,3,4,Loyal,20110318,20111006
13592,United Kingdom,4,247.96,84,36,61.99,3,4,2,Loyal,20110320,20111104
13593,United Kingdom,5,2011.88,719,108,402.38,2,4,4,Can't Lose Them,20110107,20110823
13594,United Kingdom,1,396.97,359,53,396.97,3,1,2,Need Attention,20111018,20111018
13596,United Kingdom,2,664.11,384,6,332.06,5,2,3,New / Promising,20111127,20111204
13598,United Kingdom,1,160.04,52,47,160.04,3,1,1,Need Attention,20111023,20111023
13599,United Kingdom,21,5149.92,3293,1,245.23,5,5,5,Champions,20101208,20111208
13600,United Kingdom,1,219.52,324,312,219.52,1,1,1,Lost,20110131,20110131
13601,United Kingdom,2,693.32,548,45,346.66,3,2,3,Need Attention,20110512,20111025
13602,United Kingdom,1,428.89,267,65,428.89,3,1,2,Need Attention,20111006,20111006
13603,United Kingdom,1,164.34,164,26,164.34,4,1,1,New / Promising,20111113,20111113
13606,United Kingdom,3,276.75,276,29,92.25,4,3,2,Loyal,20110201,20111110
13607,United Kingdom,1,675.51,288,40,675.51,3,1,3,Need Attention,20111030,20111030
13610,United Kingdom,7,1082.33,488,12,154.62,5,5,4,Champions,20110227,20111127
13611,United Kingdom,3,1154.4,754,89,384.8,2,3,4,At Risk,20101215,20110911
13614,United Kingdom,4,1585.46,564,24,396.36,4,4,4,Champions,20110113,20111115
13615,United Kingdom,1,417.69,189,319,417.69,1,1,2,Lost,20110125,20110125
13617,United Kingdom,3,544.18,300,40,181.39,3,3,3,Loyal,20110612,20111030
13618,United Kingdom,1,177.34,246,174,177.34,2,1,1,Lost,20110619,20110619
13621,United Kingdom,1,213.85,343,117,213.85,2,1,1,Lost,20110815,20110815
13623,United Kingdom,5,727.74,286,31,145.55,4,4,3,Champions,20110215,20111109
13626,United Kingdom,1,257.23,209,253,257.23,1,1,2,Lost,20110401,20110401
13627,United Kingdom,5,1638.47,1269,59,327.69,3,4,4,Loyal,20101217,20111011
13629,United Kingdom,11,7792.36,4372,23,708.4,4,5,5,Champions,20110105,20111116
13630,United Kingdom,7,2031.78,1391,5,290.25,5,5,5,Champions,20110227,20111204
13631,United Kingdom,11,3070.42,467,100,279.13,2,5,5,Can't Lose Them,20110317,20110901
13632,United Kingdom,5,2118.93,1031,25,423.79,4,4,5,Champions,20110410,20111115
13634,United Kingdom,5,1547.36,700,33,309.47,3,4,4,Loyal,20110116,20111106
13635,United Kingdom,1,1071.03,677,68,1071.03,3,1,4,Need Attention,20111003,20111003
13636,United Kingdom,5,949.12,592,37,189.82,3,4,4,Loyal,20110227,20111103
13637,United Kingdom,3,803.05,404,52,267.68,3,3,3,Loyal,20110427,20111018
13638,United Kingdom,1,122.64,93,16,122.64,4,1,1,New / Promising,20111124,20111124
13639,United Kingdom,1,1033.34,800,74,1033.34,2,1,4,Lost,20110926,20110926
13642,United Kingdom,1,312.28,151,216,312.28,1,1,2,Lost,20110508,20110508
13643,United Kingdom,3,519.44,273,31,173.15,4,3,3,Loyal,20110607,20111108
13644,United Kingdom,4,2624.26,2067,16,656.06,4,4,5,Champions,20110826,20111123
13645,United Kingdom,1,252.1,158,120,252.1,2,1,2,Lost,20110811,20110811
13647,United Kingdom,4,1648.12,887,10,412.03,5,4,4,Champions,20110419,20111130
13649,United Kingdom,2,346.6,139,257,173.3,1,2,2,At Risk,20101208,20110328
13650,United Kingdom,6,1836.34,922,17,306.06,4,5,4,Champions,20110317,20111123
13651,United Kingdom,1,79.2,32,40,79.2,3,1,1,Need Attention,20111031,20111031
13652,United Kingdom,3,1095.08,578,46,365.03,3,3,4,Loyal,20101206,20111025
13654,United Kingdom,6,2707.33,2182,43,451.22,3,5,5,Loyal,20110311,20111027
13655,United Kingdom,2,932.97,605,114,466.48,2,2,4,At Risk,20110412,20110817
13656,United Kingdom,2,379.65,490,165,189.82,2,2,2,At Risk,20110106,20110628
13657,United Kingdom,2,382.14,209,11,191.07,5,2,2,New / Promising,20110522,20111129
13658,United Kingdom,5,2639.17,1019,10,527.83,5,4,5,Champions,20110519,20111130
13659,United Kingdom,2,1563.0,882,206,781.5,1,2,4,At Risk,20110123,20110518
13662,United Kingdom,3,881.26,533,86,293.75,2,3,3,At Risk,20110325,20110915
13663,United Kingdom,1,189.47,91,179,189.47,2,1,1,Lost,20110613,20110613
13666,United Kingdom,3,84.65,41,60,28.22,3,3,1,Loyal,20110225,20111010
13667,United Kingdom,1,299.05,149,149,299.05,2,1,2,Lost,20110713,20110713
13668,United Kingdom,21,6309.83,3722,3,300.47,5,5,5,Champions,20101212,20111207
13669,United Kingdom,2,218.55,237,51,109.28,3,2,1,Need Attention,20110713,20111020
13670,United Kingdom,1,349.7,282,75,349.7,2,1,2,Lost,20110925,20110925
13672,United Kingdom,2,186.39,57,301,93.2,1,2,1,At Risk,20110111,20110211
13673,United Kingdom,2,387.44,114,19,193.72,4,2,2,New / Promising,20111107,20111121
13675,United Kingdom,2,486.82,330,151,243.41,2,2,3,At Risk,20110228,20110711
13678,United Kingdom,1,232.6,924,152,232.6,2,1,1,Lost,20110711,20110711
13680,United Kingdom,4,3719.12,1934,1,929.78,5,4,5,Champions,20110104,20111208
13681,United Kingdom,4,827.83,360,18,206.96,4,4,3,Champions,20110707,20111122
13682,United Kingdom,1,59.5,10,187,59.5,1,1,1,Lost,20110605,20110605
13684,United Kingdom,1,65.13,38,286,65.13,1,1,1,Lost,20110227,20110227
13685,United Kingdom,7,3119.44,5056,3,445.63,5,5,5,Champions,20111010,20111207
13686,United Kingdom,1,72.0,70,183,72.0,1,1,1,Lost,20110610,20110610
13689,United Kingdom,1,910.0,512,63,910.0,3,1,3,Need Attention,20111007,20111007
13690,United Kingdom,1,172.25,67,59,172.25,3,1,1,Need Attention,20111011,20111011
13692,United Kingdom,3,1488.32,1226,25,496.11,4,3,4,Loyal,20110417,20111115
13694,United Kingdom,50,65039.62,63312,4,1300.79,5,5,5,Champions,20101201,20111206
13695,United Kingdom,15,2504.13,1603,31,166.94,4,5,5,Champions,20110325,20111108
13697,United Kingdom,1,151.3,177,39,151.3,3,1,1,Need Attention,20111101,20111101
13699,United Kingdom,1,308.58,66,155,308.58,2,1,2,Lost,20110707,20110707
13700,United Kingdom,10,2248.63,2281,26,224.86,4,5,5,Champions,20110116,20111113
13703,United Kingdom,1,99.5,10,318,99.5,1,1,1,Lost,20110125,20110125
13704,United Kingdom,9,2308.06,1531,5,256.45,5,5,5,Champions,20110912,20111204
13705,United Kingdom,3,711.86,363,8,237.29,5,3,3,Loyal,20101201,20111202
13706,United Kingdom,1,330.79,189,303,330.79,1,1,2,Lost,20110210,20110210
13707,United Kingdom,2,806.41,351,267,403.2,1,2,3,At Risk,20110128,20110317
13708,United Kingdom,1,283.33,300,271,283.33,1,1,2,Lost,20110313,20110313
13709,United Kingdom,13,6307.65,3508,4,485.2,5,5,5,Champions,20110128,20111206
13710,United Kingdom,1,180.48,176,32,180.48,4,1,1,New / Promising,20111108,20111108
13711,United Kingdom,2,252.06,140,219,126.03,1,2,2,At Risk,20110505,20110505
13712,United Kingdom,1,228.84,352,247,228.84,1,1,1,Lost,20110407,20110407
13715,United Kingdom,5,1077.39,562,281,215.48,1,4,4,Can't Lose Them,20101202,20110303
13716,United Kingdom,1,138.28,138,269,138.28,1,1,1,Lost,20110315,20110315
13717,United Kingdom,6,1445.01,1959,32,240.84,4,5,4,Champions,20110214,20111107
13718,United Kingdom,2,306.55,173,246,153.28,1,2,2,At Risk,20110217,20110407
13719,United Kingdom,5,1041.68,609,15,208.34,4,4,4,Champions,20110419,20111124
13720,United Kingdom,4,799.9,501,117,199.98,2,4,3,Can't Lose Them,20110330,20110815
13721,United Kingdom,1,524.14,316,36,524.14,3,1,3,Need Attention,20111103,20111103
13722,United Kingdom,3,2375.41,1401,132,791.8,2,3,5,At Risk,20110302,20110731
13723,United Kingdom,1,199.85,43,217,199.85,1,1,1,Lost,20110506,20110506
13725,United Kingdom,8,1980.56,806,50,247.57,3,5,4,Loyal,20110204,20111021
13726,United Kingdom,2,1079.66,1054,39,539.83,3,2,4,Need Attention,20110831,20111101
13727,United Kingdom,2,333.48,162,29,166.74,4,2,2,New / Promising,20111106,20111111
13728,United Kingdom,6,1016.14,458,37,169.36,3,5,4,Loyal,20110202,20111103
13730,United Kingdom,2,752.6,488,136,376.3,2,2,3,At Risk,20110701,20110727
13731,United Kingdom,2,610.59,278,219,305.3,1,2,3,At Risk,20110407,20110504
13732,United Kingdom,1,491.86,498,28,491.86,4,1,3,New / Promising,20111111,20111111
13735,United Kingdom,4,2883.54,1128,25,720.88,4,4,5,Champions,20110419,20111115
13736,United Kingdom,2,729.8,496,5,364.9,5,2,3,New / Promising,20110324,20111204
13737,United Kingdom,1,339.6,125,200,339.6,1,1,2,Lost,20110523,20110523
13739,United Kingdom,1,216.9,54,18,216.9,4,1,1,New / Promising,20111121,20111121
13740,United Kingdom,1,350.75,425,241,350.75,1,1,2,Lost,20110413,20110413
13741,United Kingdom,3,668.43,218,72,222.81,2,3,3,At Risk,20110506,20110929
13742,United Kingdom,12,3107.87,1115,17,258.99,4,5,5,Champions,20110123,20111123
13743,United Kingdom,7,1341.6,1776,3,191.66,5,5,4,Champions,20110325,20111207
13744,United Kingdom,2,1080.52,1153,95,540.26,2,2,4,At Risk,20110220,20110905
13745,United Kingdom,1,300.04,496,162,300.04,2,1,2,Lost,20110630,20110630
13747,United Kingdom,1,79.6,8,374,79.6,1,1,1,Lost,20101201,20101201
13748,United Kingdom,5,948.25,439,96,189.65,2,4,4,Can't Lose Them,20101201,20110905
13750,United Kingdom,5,1647.26,516,54,329.45,3,4,4,Loyal,20110107,20111017
13751,United Kingdom,1,296.25,152,288,296.25,1,1,2,Lost,20110224,20110224
13752,United Kingdom,6,1175.38,874,124,195.9,2,5,4,Can't Lose Them,20110407,20110807
13753,United Kingdom,1,741.26,512,288,741.26,1,1,3,Lost,20110225,20110225
13754,United Kingdom,2,282.6,214,152,141.3,2,2,2,At Risk,20110126,20110711
13755,United Kingdom,9,2108.06,1242,4,234.23,5,5,5,Champions,20111007,20111206
13756,United Kingdom,14,5189.52,3188,2,370.68,5,5,5,Champions,20101207,20111207
13758,United Kingdom,7,3190.55,1844,12,455.79,5,5,5,Champions,20101201,20111128
13759,United Kingdom,2,659.41,287,33,329.7,3,2,3,Need Attention,20110929,20111106
13760,United Kingdom,2,286.79,197,54,143.4,3,2,2,Need Attention,20110328,20111016
13761,United Kingdom,2,1070.65,642,50,535.33,3,2,4,Need Attention,20110613,20111020
13762,United Kingdom,1,306.72,272,219,306.72,1,1,2,Lost,20110505,20110505
13763,United Kingdom,1,1714.96,728,63,1714.96,3,1,4,Need Attention,20111007,20111007
13764,United Kingdom,3,1516.42,923,71,505.47,3,3,4,Loyal,20110106,20110930
13767,United Kingdom,37,17220.36,7322,2,465.42,5,5,5,Champions,20101201,20111207
13769,United Kingdom,10,2796.51,1163,2,279.65,5,5,5,Champions,20101207,20111207
13771,United Kingdom,4,2634.45,1477,64,658.61,3,4,5,Loyal,20110406,20111006
13772,United Kingdom,3,1122.63,540,34,374.21,3,3,4,Loyal,20110414,20111106
13774,United Kingdom,1,345.0,192,82,345.0,2,1,2,Lost,20110919,20110919
13777,United Kingdom,33,25977.16,12897,1,787.19,5,5,5,Champions,20101201,20111209
13778,United Kingdom,1,178.7,70,103,178.7,2,1,1,Lost,20110828,20110828
13780,United Kingdom,2,360.01,318,7,180.0,5,2,2,New / Promising,20110622,20111202
13781,United Kingdom,1,127.84,30,251,127.84,1,1,1,Lost,20110403,20110403
13782,United Kingdom,6,908.86,369,13,151.48,5,5,3,Champions,20110116,20111127
13784,United Kingdom,11,2462.79,2493,10,223.89,5,5,5,Champions,20110111,20111130
13786,United Kingdom,1,230.4,136,367,230.4,1,1,1,Lost,20101207,20101207
13787,United Kingdom,2,309.04,337,76,154.52,2,2,2,At Risk,20101210,20110925
13790,United Kingdom,1,348.8,748,4,348.8,5,1,2,New / Promising,20111205,20111205
13791,United Kingdom,2,1516.0,1200,128,758.0,2,2,4,At Risk,20110624,20110804
13792,United Kingdom,2,195.55,92,66,97.78,3,2,1,Need Attention,20110225,20111004
13798,United Kingdom,57,37153.85,23948,1,651.82,5,5,5,Champions,20101202,20111208
13799,United Kingdom,2,688.86,402,117,344.43,2,2,3,At Risk,20110218,20110815
13800,United Kingdom,1,558.32,331,310,558.32,1,1,3,Lost,20110203,20110203
13801,United Kingdom,1,324.8,168,67,324.8,3,1,2,Need Attention,20111004,20111004
13802,United Kingdom,3,4599.42,2572,139,1533.14,2,3,5,At Risk,20110201,20110724
13803,United Kingdom,1,277.07,121,255,277.07,1,1,2,Lost,20110329,20110329
13804,United Kingdom,7,2588.39,1462,31,369.77,4,5,5,Champions,20110223,20111109
13805,United Kingdom,2,924.6,1900,52,462.3,3,2,4,Need Attention,20110802,20111018
13806,United Kingdom,1,256.38,56,64,256.38,3,1,2,Need Attention,20111007,20111007
13807,United Kingdom,1,112.6,36,367,112.6,1,1,1,Lost,20101207,20101207
13808,United Kingdom,5,1747.66,782,6,349.53,5,4,4,Champions,20110904,20111204
13809,Cyprus,1,155.05,29,305,155.05,1,1,1,Lost,20110207,20110207
13810,Germany,2,827.51,307,29,413.76,4,2,3,New / Promising,20111014,20111111
13811,Germany,2,519.75,63,184,259.88,1,2,3,At Risk,20110414,20110609
13812,Germany,3,485.0,330,42,161.67,3,3,3,Loyal,20110826,20111028
13813,Germany,4,1168.86,541,40,292.21,3,4,4,Loyal,20110728,20111031
13814,Germany,2,1579.12,864,92,789.56,2,2,4,At Risk,20110725,20110908
13815,Germany,4,3667.36,2540,22,916.84,4,4,5,Champions,20110125,20111117
13816,Germany,2,499.67,265,24,249.84,4,2,3,New / Promising,20111006,20111116
13817,Germany,2,328.98,208,29,164.49,4,2,2,New / Promising,20101223,20111110
13819,United Kingdom,3,1140.35,1109,302,380.12,1,3,4,At Risk,20110124,20110211
13821,United Kingdom,2,385.64,153,145,192.82,2,2,2,At Risk,20110323,20110718
13822,United Kingdom,2,632.0,611,6,316.0,5,2,3,New / Promising,20111030,20111204
13823,United Kingdom,2,957.66,439,19,478.83,4,2,4,New / Promising,20110909,20111121
13824,United Kingdom,5,1698.94,768,33,339.79,3,4,4,Loyal,20110202,20111107
13826,United Kingdom,1,189.5,82,176,189.5,2,1,1,Lost,20110616,20110616
13827,United Kingdom,3,409.8,138,58,136.6,3,3,2,Loyal,20110719,20111013
13828,United Kingdom,1,209.49,311,22,209.49,4,1,1,New / Promising,20111117,20111117
13831,United Kingdom,6,2198.45,743,16,366.41,4,5,5,Champions,20101205,20111123
13832,United Kingdom,1,52.2,28,19,52.2,4,1,1,New / Promising,20111120,20111120
13833,United Kingdom,1,383.85,117,159,383.85,2,1,2,Lost,20110703,20110703
13835,United Kingdom,4,834.57,442,25,208.64,4,4,3,Champions,20110508,20111114
13837,United Kingdom,2,266.59,182,212,133.29,1,2,2,At Risk,20110126,20110512
13838,United Kingdom,4,674.82,254,6,168.7,5,4,3,Champions,20101205,20111204
13841,United Kingdom,1,85.0,100,253,85.0,1,1,1,Lost,20110401,20110401
13842,United Kingdom,9,3385.62,1768,59,376.18,3,5,5,Loyal,20101208,20111012
13844,United Kingdom,1,361.62,196,11,361.62,5,1,2,New / Promising,20111128,20111128
13845,United Kingdom,1,312.98,182,65,312.98,3,1,2,Need Attention,20111006,20111006
13846,United Kingdom,3,865.06,388,25,288.35,4,3,3,Loyal,20101214,20111115
13848,United Kingdom,3,1255.0,3700,92,418.33,2,3,4,At Risk,20101208,20110908
13849,United Kingdom,2,1537.95,1016,52,768.98,3,2,4,Need Attention,20110622,20111019
13850,United Kingdom,1,1595.48,944,129,1595.48,2,1,4,Lost,20110802,20110802
13851,United Kingdom,3,2651.46,1705,96,883.82,2,3,5,At Risk,20110224,20110905
13853,United Kingdom,1,1090.14,312,57,1090.14,3,1,4,Need Attention,20111013,20111013
13854,United Kingdom,25,8109.52,2296,9,324.38,5,5,5,Champions,20101209,20111201
13856,United Kingdom,3,388.5,494,169,129.5,2,3,2,At Risk,20110520,20110624
13858,United Kingdom,1,216.17,75,57,216.17,3,1,1,Need Attention,20111013,20111013
13859,United Kingdom,1,201.16,129,326,201.16,1,1,1,Lost,20110117,20110117
13860,United Kingdom,5,1245.9,591,1,249.18,5,4,4,Champions,20110914,20111208
13862,United Kingdom,8,2209.36,1688,18,276.17,4,5,5,Champions,20110111,20111121
13863,United Kingdom,1,305.78,224,248,305.78,1,1,2,Lost,20110406,20110406
13865,United Kingdom,4,501.56,204,58,125.39,3,4,3,Loyal,20110223,20111012
13866,United Kingdom,1,145.67,57,74,145.67,2,1,1,Lost,20110926,20110926
13867,United Kingdom,3,1005.09,501,31,335.03,4,3,4,Loyal,20110505,20111108
13868,United Kingdom,2,3192.54,1964,7,1596.27,5,2,5,New / Promising,20111101,20111202
13869,United Kingdom,4,3083.65,1709,123,770.91,2,4,5,Can't Lose Them,20101217,20110808
13870,United Kingdom,8,2770.94,1325,2,346.37,5,5,5,Champions,20110225,20111207
13871,United Kingdom,13,6403.25,2806,23,492.56,4,5,5,Champions,20110204,20111117
13873,United Kingdom,3,389.6,140,120,129.87,2,3,2,At Risk,20110203,20110812
13874,United Kingdom,1,540.45,180,358,540.45,1,1,3,Lost,20101216,20101216
13875,United Kingdom,5,1786.79,1316,54,357.36,3,4,4,Loyal,20110211,20111017
13876,United Kingdom,1,122.7,36,64,122.7,3,1,1,Need Attention,20111007,20111007
13877,United Kingdom,1,117.24,108,86,117.24,2,1,1,Lost,20110914,20110914
13878,United Kingdom,1,1271.57,463,55,1271.57,3,1,4,Need Attention,20111016,20111016
13880,United Kingdom,13,3219.77,1842,21,247.67,4,5,5,Champions,20101207,20111118
13881,United Kingdom,20,17159.52,10118,4,857.98,5,5,5,Champions,20110201,20111206
13882,United Kingdom,5,1191.13,953,3,238.23,5,4,4,Champions,20111006,20111207
13883,United Kingdom,5,2674.48,1436,11,534.9,5,4,5,Champions,20110331,20111129
13884,United Kingdom,5,787.6,300,7,157.52,5,4,3,Champions,20110301,20111202
13885,United Kingdom,2,506.8,182,189,253.4,1,2,3,At Risk,20110523,20110603
13886,United Kingdom,1,243.56,126,71,243.56,3,1,1,Need Attention,20110929,20110929
13887,United Kingdom,1,349.55,147,204,349.55,1,1,2,Lost,20110519,20110519
13888,United Kingdom,2,595.67,254,120,297.83,2,2,3,At Risk,20110505,20110812
13889,United Kingdom,1,416.9,146,93,416.9,2,1,2,Lost,20110908,20110908
13890,United Kingdom,10,1883.81,831,1,188.38,5,5,4,Champions,20101216,20111208
13892,United Kingdom,4,632.97,983,27,158.24,4,4,3,Champions,20110407,20111113
13893,United Kingdom,1,821.1,190,298,821.1,1,1,3,Lost,20110215,20110215
13894,United Kingdom,3,564.62,354,24,188.21,4,3,3,Loyal,20110202,20111116
13895,United Kingdom,4,2593.07,1365,28,648.27,4,4,5,Champions,20110628,20111111
13897,United Kingdom,1,311.16,200,50,311.16,3,1,2,Need Attention,20111020,20111020
13898,United Kingdom,1,155.93,133,326,155.93,1,1,1,Lost,20110118,20110118
13899,United Kingdom,2,388.52,156,16,194.26,4,3,2,Loyal,20110310,20111123
13900,United Kingdom,3,740.95,430,183,246.98,1,3,3,At Risk,20110322,20110609
13901,United Kingdom,5,2867.2,1739,72,573.44,2,4,5,Can't Lose Them,20110125,20110928
13904,United Kingdom,2,332.64,332,37,166.32,3,3,2,Loyal,20110218,20111102
13908,United Kingdom,4,2319.55,1477,80,579.89,2,4,5,Can't Lose Them,20110308,20110921
13911,United Kingdom,9,2580.91,2731,57,286.77,3,5,5,Loyal,20110204,20111013
13914,United Kingdom,2,626.45,380,12,313.23,5,3,3,Loyal,20111103,20111128
13917,United Kingdom,2,272.04,228,50,136.02,3,3,2,Loyal,20110601,20111021
13918,United Kingdom,2,1212.84,1140,50,606.42,3,3,4,Loyal,20110331,20111021
13919,Denmark,2,348.81,472,59,174.4,3,3,2,Loyal,20110810,20111011
13922,United Kingdom,1,172.25,93,352,172.25,1,1,1,Lost,20101223,20101223
13923,United Kingdom,1,351.13,185,54,351.13,3,1,2,Need Attention,20111017,20111017
13924,United Kingdom,6,1838.85,1575,2,306.47,5,5,4,Champions,20110928,20111208
13925,United Kingdom,4,678.25,331,93,169.56,2,4,3,Can't Lose Them,20110728,20110908
13926,United Kingdom,1,223.85,104,23,223.85,4,1,1,New / Promising,20111116,20111116
13927,United Kingdom,1,348.99,214,75,348.99,2,1,2,Lost,20110926,20110926
13928,United Kingdom,4,464.57,129,11,116.14,5,4,2,Champions,20110729,20111129
13929,United Kingdom,2,842.65,143,169,421.32,2,3,3,At Risk,20110117,20110623
13930,United Kingdom,2,337.34,274,58,168.67,3,3,2,Loyal,20110726,20111013
13931,United Kingdom,2,1237.53,725,96,618.76,2,3,4,At Risk,20110304,20110905
13932,United Kingdom,1,307.4,72,295,307.4,1,1,2,Lost,20110218,20110218
13933,United Kingdom,2,608.79,205,109,304.4,2,3,3,At Risk,20110714,20110822
13934,United Kingdom,1,922.1,390,264,922.1,1,1,3,Lost,20110321,20110321
13936,United Kingdom,1,376.58,330,180,376.58,1,1,2,Lost,20110613,20110613
13937,United Kingdom,1,158.85,123,169,158.85,2,1,1,Lost,20110623,20110623
13938,United Kingdom,1,71.66,70,35,71.66,3,1,1,Need Attention,20111104,20111104
13939,United Kingdom,3,568.55,847,23,189.52,4,3,3,Loyal,20110201,20111116
13940,United Kingdom,4,839.14,516,17,209.78,4,4,3,Champions,20110718,20111122
13941,United Kingdom,5,5112.96,2364,22,1022.59,4,4,5,Champions,20101202,20111118
13946,United Kingdom,3,561.57,443,79,187.19,2,3,3,At Risk,20110317,20110921
13947,United Kingdom,1,90.6,44,65,90.6,3,1,1,Need Attention,20111005,20111005
13948,United Kingdom,1,102.0,40,361,102.0,1,1,1,Lost,20101214,20101214
13949,United Kingdom,6,2427.32,2474,3,404.55,5,5,5,Champions,20110906,20111207
13950,United Kingdom,4,745.06,323,11,186.26,5,4,3,Champions,20110407,20111128
13951,United Kingdom,3,674.45,459,176,224.82,2,3,3,At Risk,20110218,20110616
13952,United Kingdom,2,3251.07,1430,218,1625.54,1,3,5,At Risk,20110415,20110506
13953,United Kingdom,7,3515.68,2724,7,502.24,5,5,5,Champions,20101222,20111202
13954,United Kingdom,2,439.92,150,2,219.96,5,3,2,Loyal,20110930,20111208
13955,United Kingdom,2,322.96,154,154,161.48,2,3,2,At Risk,20110207,20110708
13956,United Kingdom,5,1019.27,486,5,203.85,5,4,4,Champions,20110313,20111204
13959,United Kingdom,3,594.04,355,79,198.01,2,3,3,At Risk,20101212,20110921
13960,United Kingdom,2,230.22,142,21,115.11,4,3,1,Loyal,20110929,20111118
13962,United Kingdom,2,169.55,87,22,84.78,4,3,1,Loyal,20110408,20111118
13963,United Kingdom,4,664.54,460,308,166.14,1,4,3,Can't Lose Them,20101207,20110204
13967,United Kingdom,1,80.7,42,146,80.7,2,1,1,Lost,20110717,20110717
13969,United Kingdom,18,9024.17,4528,7,501.34,5,5,5,Champions,20101209,20111202
13971,United Kingdom,8,2758.26,1844,19,344.78,4,5,5,Champions,20110227,20111121
13972,United Kingdom,2,190.25,187,71,95.12,3,3,1,Loyal,20110522,20110930
13973,United Kingdom,1,264.7,109,287,264.7,1,1,2,Lost,20110225,20110225
13974,United Kingdom,1,413.59,249,49,413.59,3,1,2,Need Attention,20111021,20111021
13975,United Kingdom,6,2461.24,1697,31,410.21,4,5,5,Champions,20110308,20111108
13976,United Kingdom,1,357.98,154,207,357.98,1,1,2,Lost,20110517,20110517
13978,United Kingdom,2,196.79,315,15,98.4,4,3,1,Loyal,20111025,20111125
13979,United Kingdom,1,869.87,639,73,869.87,2,1,3,Lost,20110927,20110927
13980,United Kingdom,1,200.14,172,60,200.14,3,1,1,Need Attention,20111010,20111010
13982,United Kingdom,4,1871.81,1136,39,467.95,3,4,4,Loyal,20101209,20111031
13983,United Kingdom,12,2603.43,1183,30,216.95,4,5,5,Champions,20101208,20111110
13984,United Kingdom,5,920.51,679,27,184.1,4,4,3,Champions,20101208,20111113
13985,United Kingdom,15,7060.13,3445,4,470.68,5,5,5,Champions,20110320,20111205
13986,United Kingdom,1,320.46,430,17,320.46,4,1,2,New / Promising,20111122,20111122
13988,United Kingdom,6,4147.96,3044,20,691.33,4,5,5,Champions,20110330,20111120
13989,United Kingdom,2,1266.08,1313,66,633.04,3,3,4,Loyal,20110414,20111005
13990,United Kingdom,1,311.3,190,213,311.3,1,1,2,Lost,20110510,20110510
13991,United Kingdom,6,851.88,994,12,141.98,5,5,3,Champions,20110719,20111127
13992,United Kingdom,1,76.8,64,30,76.8,4,1,1,New / Promising,20111109,20111109
13993,United Kingdom,9,3466.36,900,43,385.15,3,5,5,Loyal,20110113,20111028
13994,United Kingdom,6,2274.14,932,4,379.02,5,5,5,Champions,20110714,20111206
13995,United Kingdom,5,1393.69,879,15,278.74,4,4,4,Champions,20110408,20111124
13999,United Kingdom,12,3901.81,2243,10,325.15,5,5,5,Champions,20101213,20111129
14000,United Kingdom,1,635.66,710,211,635.66,1,1,3,Lost,20110512,20110512
14001,United Kingdom,3,2043.08,962,46,681.03,3,3,5,Loyal,20101201,20111025
14002,United Kingdom,2,529.73,877,134,264.86,2,3,3,At Risk,20110706,20110728
14004,United Kingdom,7,4582.64,2668,43,654.66,3,5,5,Loyal,20110224,20111027
14005,United Kingdom,5,2874.72,2478,10,574.94,5,4,5,Champions,20110508,20111130
14006,United Kingdom,3,962.19,641,116,320.73,2,3,4,At Risk,20110131,20110816
14009,United Kingdom,2,695.61,365,198,347.8,1,3,3,At Risk,20110518,20110525
14012,United Kingdom,1,328.8,160,278,328.8,1,1,2,Lost,20110307,20110307
14013,United Kingdom,3,473.02,462,110,157.67,2,3,2,At Risk,20110309,20110821
14014,United Kingdom,1,505.18,1076,77,505.18,2,1,3,Lost,20110923,20110923
14015,United Kingdom,1,917.34,378,53,917.34,3,1,3,Need Attention,20111018,20111018
14016,EIRE,4,4291.21,2124,162,1072.8,2,4,5,Can't Lose Them,20101217,20110701
14019,United Kingdom,3,1421.61,1037,47,473.87,3,3,4,Loyal,20110724,20111024
14020,United Kingdom,2,642.8,441,17,321.4,4,3,3,Loyal,20110912,20111123
14021,United Kingdom,3,631.9,192,155,210.63,2,3,3,At Risk,20110328,20110707
14022,United Kingdom,1,440.0,487,225,440.0,1,1,2,Lost,20110428,20110428
14023,United Kingdom,2,584.07,345,7,292.04,5,3,3,Loyal,20110403,20111202
14024,United Kingdom,2,327.7,150,122,163.85,2,3,2,At Risk,20110807,20110810
14027,United Kingdom,1,104.82,62,61,104.82,3,1,1,Need Attention,20111010,20111010
14029,United Kingdom,2,467.66,198,63,233.83,3,3,2,Loyal,20110718,20111007
14030,United Kingdom,8,2358.84,1478,18,294.86,4,5,5,Champions,20101208,20111121
14031,United Kingdom,19,17286.86,5788,7,909.83,5,5,5,Champions,20101202,20111202
14032,United Kingdom,11,2975.59,2032,2,270.51,5,5,5,Champions,20101208,20111207
14034,United Kingdom,3,648.89,420,22,216.3,4,3,3,Loyal,20110705,20111117
14035,United Kingdom,5,1428.02,739,29,285.6,4,4,4,Champions,20110215,20111111
14036,United Kingdom,1,626.65,268,285,626.65,1,1,3,Lost,20110228,20110228
14037,United Kingdom,2,147.2,46,176,73.6,2,3,1,At Risk,20101210,20110616
14038,United Kingdom,3,1560.38,965,78,520.13,2,3,4,At Risk,20110516,20110922
14039,United Kingdom,1,152.2,92,33,152.2,3,1,1,Need Attention,20111106,20111106
14040,United Kingdom,12,3560.32,1544,41,296.69,3,5,5,Loyal,20110112,20111030
14041,United Kingdom,1,141.41,94,266,141.41,1,1,1,Lost,20110318,20110318
14044,United Kingdom,4,646.42,304,27,161.6,4,4,3,Champions,20110203,20111113
14045,United Kingdom,4,1659.75,535,109,414.94,2,4,4,Can't Lose Them,20101201,20110822
14046,United Kingdom,1,151.59,443,284,151.59,1,1,1,Lost,20110228,20110228
14047,United Kingdom,5,1308.61,381,9,261.72,5,4,4,Champions,20101202,20111201
14048,United Kingdom,1,409.93,288,305,409.93,1,1,2,Lost,20110207,20110207
14049,United Kingdom,4,5578.72,3808,17,1394.68,4,4,5,Champions,20110126,20111123
14050,United Kingdom,2,746.36,689,32,373.18,4,3,3,Loyal,20110825,20111108
14051,United Kingdom,23,15610.39,3756,1,678.71,5,5,5,Champions,20101208,20111209
14052,United Kingdom,1,225.36,89,20,225.36,4,1,1,New / Promising,20111120,20111120
14053,United Kingdom,2,260.25,215,124,130.12,2,3,2,At Risk,20110703,20110807
14054,United Kingdom,1,92.46,62,65,92.46,3,1,1,Need Attention,20111005,20111005
14055,United Kingdom,1,725.64,216,106,725.64,2,1,3,Lost,20110825,20110825
14056,United Kingdom,23,8152.71,4252,1,354.47,5,5,5,Champions,20110228,20111208
14057,United Kingdom,17,6211.66,4873,24,365.39,4,5,5,Champions,20101214,20111116
14059,United Kingdom,1,183.6,128,267,183.6,1,1,1,Lost,20110318,20110318
14060,United Kingdom,19,6140.42,5386,5,323.18,5,5,5,Champions,20101202,20111205
14062,United Kingdom,12,10464.85,5593,10,872.07,5,5,5,Champions,20101210,20111130
14064,United Kingdom,5,1334.34,1772,29,266.87,4,4,4,Champions,20110310,20111110
14066,United Kingdom,1,152.55,45,267,152.55,1,1,1,Lost,20110318,20110318
14067,United Kingdom,2,374.7,361,64,187.35,3,3,2,Loyal,20110904,20111007
14068,United Kingdom,1,265.85,73,320,265.85,1,1,2,Lost,20110123,20110123
14071,United Kingdom,8,1422.75,956,4,177.84,5,5,4,Champions,20110320,20111206
14073,United Kingdom,1,151.04,130,32,151.04,4,1,1,New / Promising,20111107,20111107
14075,United Kingdom,3,942.26,754,5,314.09,5,3,4,Loyal,20110323,20111205
14076,United Kingdom,1,118.67,79,129,118.67,2,1,1,Lost,20110802,20110802
14077,United Kingdom,5,499.42,268,41,99.88,3,4,3,Loyal,20110310,20111030
14078,United Kingdom,6,1049.37,310,102,174.9,2,5,4,Can't Lose Them,20101201,20110830
14079,United Kingdom,1,375.1,301,125,375.1,2,1,2,Lost,20110807,20110807
14080,United Kingdom,1,45.6,48,33,45.6,3,1,1,Need Attention,20111107,20111107
14081,United Kingdom,2,921.62,592,302,460.81,1,3,3,At Risk,20101205,20110210
14082,United Kingdom,1,182.25,110,365,182.25,1,1,1,Lost,20101210,20101210
14083,United Kingdom,9,1002.9,705,4,111.43,5,5,4,Champions,20101203,20111205
14085,United Kingdom,18,4421.29,3177,2,245.63,5,5,5,Champions,20101206,20111207
14087,United Kingdom,1,191.47,250,3,191.47,5,1,1,New / Promising,20111207,20111207
14088,United Kingdom,13,50491.81,12665,10,3883.99,5,5,5,Champions,20110121,20111129
14089,United Kingdom,1,158.75,133,57,158.75,3,1,1,Need Attention,20111014,20111014
14090,United Kingdom,1,76.32,72,325,76.32,1,1,1,Lost,20110119,20110119
14092,United Kingdom,14,4076.91,2066,8,291.21,5,5,5,Champions,20101216,20111202
14093,United Kingdom,1,433.86,391,12,433.86,5,1,2,New / Promising,20111127,20111127
14096,United Kingdom,17,53258.43,16336,4,3132.85,5,5,5,Champions,20110830,20111205
14098,United Kingdom,1,147.35,104,37,147.35,3,1,1,Need Attention,20111103,20111103
14099,United Kingdom,11,3104.17,2179,16,282.2,4,5,5,Champions,20101220,20111123
14100,United Kingdom,1,191.95,63,138,191.95,2,1,1,Lost,20110725,20110725
14101,United Kingdom,6,5976.79,6942,74,996.13,2,5,5,Can't Lose Them,20110117,20110927
14102,United Kingdom,5,1105.88,769,5,221.18,5,4,4,Champions,20111026,20111204
14104,United Kingdom,2,216.21,72,155,108.1,2,3,1,At Risk,20110627,20110708
14105,United Kingdom,1,1266.23,800,239,1266.23,1,1,4,Lost,20110414,20110414
14107,United Kingdom,7,2703.23,1793,52,386.18,3,5,5,Loyal,20101210,20111019
14108,United Kingdom,2,597.91,381,31,298.96,4,3,3,Loyal,20110830,20111109
14109,United Kingdom,1,144.2,88,73,144.2,2,1,1,Lost,20110928,20110928
14110,United Kingdom,12,5683.15,2445,4,473.6,5,5,5,Champions,20110318,20111206
14111,United Kingdom,4,692.85,458,14,173.21,4,4,3,Champions,20110412,20111125
14112,United Kingdom,7,2915.15,1651,23,416.45,4,5,5,Champions,20110309,20111117
14113,United Kingdom,4,1840.42,745,4,460.1,5,4,4,Champions,20101220,20111206
14114,United Kingdom,2,386.53,101,274,193.26,1,3,2,At Risk,20110113,20110311
14116,United Kingdom,5,1382.74,707,20,276.55,4,4,4,Champions,20110810,20111120
14117,United Kingdom,1,90.0,72,144,90.0,2,1,1,Lost,20110719,20110719
14121,United Kingdom,4,2780.15,2082,4,695.04,5,4,5,Champions,20111011,20111206
14124,United Kingdom,1,419.58,1618,84,419.58,2,1,2,Lost,20110916,20110916
14125,United Kingdom,3,2720.63,1628,11,906.88,5,3,5,Loyal,20110922,20111129
14126,United Kingdom,3,706.13,508,8,235.38,5,3,3,Loyal,20111129,20111202
14127,United Kingdom,3,709.71,321,123,236.57,2,3,3,At Risk,20110202,20110809
14128,United Kingdom,2,637.5,564,61,318.75,3,3,3,Loyal,20110329,20111010
14129,United Kingdom,5,1123.86,592,2,224.77,5,4,4,Champions,20110324,20111208
14130,United Kingdom,1,480.91,257,319,480.91,1,1,2,Lost,20110124,20110124
14132,United Kingdom,11,3586.03,3368,2,326.0,5,5,5,Champions,20110609,20111207
14133,United Kingdom,3,605.64,348,130,201.88,2,3,3,At Risk,20110128,20110802
14135,United Kingdom,15,4690.31,3850,2,312.69,5,5,5,Champions,20101202,20111208
14138,United Kingdom,2,965.88,600,2,482.94,5,3,4,Loyal,20111007,20111208
14139,United Kingdom,1,415.82,510,46,415.82,3,1,2,Need Attention,20111024,20111024
14140,United Kingdom,2,935.05,811,4,467.52,5,3,4,Loyal,20111108,20111206
14141,United Kingdom,4,915.13,355,3,228.78,5,4,3,Champions,20110826,20111207
14142,United Kingdom,1,311.81,313,373,311.81,1,1,2,Lost,20101201,20101201
14143,United Kingdom,1,115.8,30,134,115.8,2,1,1,Lost,20110729,20110729
14145,United Kingdom,4,3742.2,756,47,935.55,3,4,5,Loyal,20110506,20111024
14146,United Kingdom,5,4191.0,2437,9,838.2,5,4,5,Champions,20101217,20111201
14147,United Kingdom,2,483.4,108,78,241.7,2,3,3,At Risk,20110227,20110922
14148,United Kingdom,1,157.2,16,234,157.2,1,1,1,Lost,20110420,20110420
14149,United Kingdom,1,446.62,218,221,446.62,1,1,2,Lost,20110503,20110503
14150,United Kingdom,2,658.64,496,36,329.32,3,3,3,Loyal,20101215,20111104
14152,United Kingdom,2,621.29,711,75,310.64,2,3,3,At Risk,20110419,20110925
14154,United Kingdom,2,1345.62,465,239,672.81,1,3,4,At Risk,20110414,20110414
14155,United Kingdom,1,118.75,25,266,118.75,1,1,1,Lost,20110318,20110318
14156,EIRE,54,116560.08,57755,10,2158.52,5,5,5,Champions,20101203,20111130
14157,United Kingdom,2,424.89,271,20,212.44,4,3,2,Loyal,20110227,20111120
14158,United Kingdom,1,507.66,781,40,507.66,3,1,3,Need Attention,20111030,20111030
14159,United Kingdom,11,4627.98,4345,20,420.73,4,5,5,Champions,20101212,20111120
14161,United Kingdom,3,1097.62,450,216,365.87,1,3,4,At Risk,20101205,20110508
14162,United Kingdom,2,289.36,142,174,144.68,2,3,2,At Risk,20110220,20110619
14163,United Kingdom,4,2445.91,893,87,611.48,2,4,5,Can't Lose Them,20110414,20110913
14164,United Kingdom,2,1631.77,1033,71,815.88,3,3,4,Loyal,20110920,20110930
14165,United Kingdom,1,120.44,53,276,120.44,1,1,1,Lost,20110309,20110309
14167,United Kingdom,4,562.59,147,39,140.65,3,4,3,Loyal,20110112,20111031
14171,United Kingdom,1,363.79,167,98,363.79,2,1,2,Lost,20110902,20110902
14173,United Kingdom,4,450.84,150,11,112.71,5,4,2,Champions,20110504,20111129
14174,United Kingdom,1,134.46,94,33,134.46,3,1,1,Need Attention,20111106,20111106
14175,United Kingdom,3,3222.3,1515,60,1074.1,3,3,5,Loyal,20110114,20111011
14176,United Kingdom,4,576.9,209,297,144.22,1,4,3,Can't Lose Them,20101207,20110215
14177,United Kingdom,4,549.46,204,86,137.36,2,4,3,Can't Lose Them,20110613,20110914
14178,United Kingdom,7,1580.26,1492,9,225.75,5,5,4,Champions,20110610,20111201
14179,United Kingdom,2,701.57,319,41,350.78,3,3,3,Loyal,20111018,20111030
14180,United Kingdom,25,4748.52,719,11,189.94,5,5,5,Champions,20101202,20111129
14184,United Kingdom,1,452.89,127,67,452.89,3,1,2,Need Attention,20111004,20111004
14185,United Kingdom,1,197.65,6,331,197.65,1,1,1,Lost,20110112,20110112
14188,United Kingdom,6,2054.36,1162,31,342.39,4,5,5,Champions,20110202,20111109
14189,United Kingdom,15,4654.08,3937,2,310.27,5,5,5,Champions,20101206,20111207
14191,United Kingdom,13,4684.76,3662,2,360.37,5,5,5,Champions,20110503,20111208
14193,United Kingdom,2,853.39,445,68,426.7,3,3,3,Loyal,20110315,20111003
14194,United Kingdom,21,11349.52,5840,5,540.45,5,5,5,Champions,20110204,20111205
14195,United Kingdom,2,1012.0,760,202,506.0,1,3,4,At Risk,20110401,20110522
14196,United Kingdom,1,335.52,142,107,335.52,2,1,2,Lost,20110825,20110825
14198,United Kingdom,4,701.4,290,18,175.35,4,4,3,Champions,20110414,20111121
14199,United Kingdom,1,185.4,28,218,185.4,1,1,1,Lost,20110505,20110505
14201,United Kingdom,7,747.44,590,60,106.78,3,5,3,Loyal,20101215,20111010
14204,United Kingdom,1,150.61,72,2,150.61,5,1,1,New / Promising,20111207,20111207
14205,United Kingdom,2,466.7,204,17,233.35,4,3,2,Loyal,20110320,20111123
14206,United Kingdom,1,328.16,276,239,328.16,1,1,2,Lost,20110414,20110414
14208,United Kingdom,1,151.74,114,95,151.74,2,1,1,Lost,20110906,20110906
14209,United Kingdom,6,2073.43,691,11,345.57,5,5,5,Champions,20110111,20111129
14210,United Kingdom,6,1905.84,760,106,317.64,2,5,4,Can't Lose Them,20101203,20110826
14211,United Kingdom,9,2241.1,1242,53,249.01,3,5,5,Loyal,20110217,20111017
14212,United Kingdom,1,1070.48,1152,90,1070.48,2,1,4,Lost,20110911,20110911
14214,United Kingdom,5,1004.38,751,31,200.88,4,4,4,Champions,20110307,20111109
14215,United Kingdom,6,1789.72,1358,12,298.29,5,5,4,Champions,20101206,20111128
14216,United Kingdom,4,1839.3,594,3,459.82,5,4,4,Champions,20111102,20111206
14217,United Kingdom,17,2004.98,689,2,117.94,5,5,4,Champions,20101208,20111208
14218,United Kingdom,1,169.48,160,43,169.48,3,1,1,Need Attention,20111028,20111028
14219,United Kingdom,1,89.94,78,4,89.94,5,1,1,New / Promising,20111205,20111205
14220,United Kingdom,2,632.4,272,247,316.2,1,3,3,At Risk,20101216,20110406
14221,United Kingdom,9,3432.8,2191,42,381.42,3,5,5,Loyal,20110104,20111028
14222,United Kingdom,1,683.17,607,177,683.17,2,1,3,Lost,20110615,20110615
14223,United Kingdom,3,991.13,585,92,330.38,2,3,4,At Risk,20110320,20110908
14224,United Kingdom,4,1009.73,483,110,252.43,2,4,4,Can't Lose Them,20110123,20110821
14226,United Kingdom,5,2214.79,1296,29,442.96,4,4,5,Champions,20110315,20111111
14227,United Kingdom,10,3350.96,1820,26,335.1,4,5,5,Champions,20110228,20111113
14229,United Kingdom,3,1547.2,610,52,515.73,3,3,4,Loyal,20110110,20111019
14231,United Kingdom,3,925.71,409,184,308.57,1,3,4,At Risk,20110224,20110609
14232,United Kingdom,5,2048.07,1941,43,409.61,3,4,5,Loyal,20110320,20111028
14233,United Kingdom,4,1462.72,680,49,365.68,3,4,4,Loyal,20110126,20111021
14234,United Kingdom,4,754.12,951,22,188.53,4,4,3,Champions,20111013,20111117
14235,United Kingdom,5,3144.86,1959,75,628.97,2,4,5,Can't Lose Them,20110324,20110925
14236,United Kingdom,2,490.86,310,81,245.43,2,3,3,At Risk,20101202,20110920
14237,United Kingdom,1,161.0,38,373,161.0,1,1,1,Lost,20101201,20101201
14238,United Kingdom,1,146.85,111,326,146.85,1,1,1,Lost,20110117,20110117
14239,United Kingdom,11,2380.85,993,43,216.44,3,5,5,Loyal,20110127,20111027
14240,United Kingdom,2,890.34,418,30,445.17,4,3,3,Loyal,20110428,20111109
14241,United Kingdom,1,213.7,146,184,213.7,1,1,1,Lost,20110609,20110609
14242,United Kingdom,2,280.55,123,235,140.28,1,3,2,At Risk,20110118,20110419
14243,United Kingdom,10,2588.77,1221,9,258.88,5,5,5,Champions,20101209,20111201
14245,United Kingdom,2,1693.45,976,220,846.72,1,3,4,At Risk,20110321,20110504
14246,United Kingdom,3,1474.06,804,111,491.35,2,3,4,At Risk,20110408,20110821
14247,United Kingdom,1,136.77,47,278,136.77,1,1,1,Lost,20110306,20110306
14248,United Kingdom,1,302.58,102,318,302.58,1,1,2,Lost,20110125,20110125
14250,United Kingdom,3,1904.05,1200,7,634.68,5,3,4,Loyal,20110911,20111202
14251,United Kingdom,5,2879.7,1674,2,575.94,5,4,5,Champions,20111013,20111208
14256,United Kingdom,2,969.06,414,260,484.53,1,3,4,At Risk,20101210,20110324
14257,United Kingdom,5,3099.72,1682,64,619.94,3,4,5,Loyal,20110125,20111006
14258,United Kingdom,9,12669.98,7100,9,1407.78,5,5,5,Champions,20110106,20111130
14259,United Kingdom,1,120.0,68,142,120.0,2,1,1,Lost,20110721,20110721
14261,United Kingdom,2,1163.45,406,51,581.72,3,3,4,Loyal,20110922,20111020
14262,United Kingdom,8,2618.23,1645,8,327.28,5,5,5,Champions,20110413,20111201
14264,United Kingdom,2,333.97,70,155,166.98,2,3,2,At Risk,20110408,20110708
14265,Unspecified,2,530.18,330,109,265.09,2,3,3,At Risk,20110714,20110822
14267,United Kingdom,3,1516.24,530,163,505.41,2,3,4,At Risk,20110324,20110630
14270,United Kingdom,1,492.65,197,332,492.65,1,1,3,Lost,20110112,20110112
14271,United Kingdom,1,112.32,88,226,112.32,1,1,1,Lost,20110428,20110428
14272,United Kingdom,2,437.96,599,74,218.98,2,3,2,At Risk,20110330,20110927
14273,United Kingdom,4,559.97,264,51,139.99,3,4,3,Loyal,20110411,20111019
14276,United Kingdom,3,1119.74,744,99,373.25,2,3,4,At Risk,20110223,20110902
14277,France,3,4152.0,1974,15,1384.0,4,3,5,Loyal,20110511,20111124
14280,United Kingdom,1,134.04,52,197,134.04,1,1,1,Lost,20110527,20110527
14282,United Kingdom,15,3701.44,2656,3,246.76,5,5,5,Champions,20101207,20111206
14284,United Kingdom,2,595.25,161,31,297.62,4,3,3,Loyal,20110914,20111109
14285,United Kingdom,4,1910.01,541,21,477.5,4,4,4,Champions,20110616,20111118
14286,United Kingdom,3,4628.75,4338,24,1542.92,4,3,5,Loyal,20110411,20111116
14287,United Kingdom,3,176.63,261,8,58.88,5,3,1,Loyal,20110525,20111201
14288,United Kingdom,1,426.6,188,213,426.6,1,1,2,Lost,20110510,20110510
14289,United Kingdom,6,911.26,292,9,151.88,5,5,3,Champions,20110223,20111201
14290,United Kingdom,5,2314.65,915,11,462.93,5,4,5,Champions,20101213,20111128
14291,United Kingdom,11,3883.25,2749,2,353.02,5,5,5,Champions,20110309,20111208
14292,United Kingdom,9,4871.93,1663,8,541.33,5,5,5,Champions,20110302,20111202
14293,United Kingdom,4,1046.56,709,3,261.64,5,4,4,Champions,20101206,20111206
14295,United Kingdom,1,166.2,84,40,166.2,3,1,1,Need Attention,20111030,20111030
14297,United Kingdom,4,1305.33,865,18,326.33,4,4,4,Champions,20110310,20111122
14298,United Kingdom,44,51527.3,58343,8,1171.08,5,5,5,Champions,20101214,20111201
14299,United Kingdom,9,3965.62,2149,8,440.62,5,5,5,Champions,20101209,20111201
14300,United Kingdom,1,43.2,32,19,43.2,4,1,1,New / Promising,20111121,20111121
14301,United Kingdom,1,640.14,606,117,640.14,2,1,3,Lost,20110814,20110814
14304,United Kingdom,1,383.45,139,223,383.45,1,1,2,Lost,20110501,20110501
14305,United Kingdom,3,1858.96,1089,71,619.65,3,3,4,Loyal,20110727,20110929
14306,United Kingdom,2,2093.32,1075,51,1046.66,3,3,5,Loyal,20110915,20111019
14307,United Kingdom,6,2995.72,2058,89,499.29,2,5,5,Can't Lose Them,20101201,20110912
14309,United Kingdom,9,2352.53,1633,8,261.39,5,5,5,Champions,20101216,20111201
14311,United Kingdom,1,310.26,146,243,310.26,1,1,2,Lost,20110411,20110411
14312,United Kingdom,6,1611.59,1012,47,268.6,3,5,4,Loyal,20110106,20111024
14314,United Kingdom,1,120.0,296,107,120.0,2,1,1,Lost,20110825,20110825
14315,United Kingdom,6,2481.13,1021,45,413.52,3,5,5,Loyal,20110318,20111026
14317,United Kingdom,1,508.58,255,65,508.58,3,1,3,Need Attention,20111006,20111006
14320,United Kingdom,2,477.79,325,207,238.9,1,3,2,At Risk,20110111,20110517
14321,United Kingdom,5,1530.75,2406,11,306.15,5,4,4,Champions,20110110,20111129
14323,United Kingdom,2,605.06,350,115,302.53,2,3,3,At Risk,20110415,20110817
14326,United Kingdom,1,183.85,103,242,183.85,1,1,1,Lost,20110411,20110411
14327,United Kingdom,1,311.65,139,163,311.65,2,1,2,Lost,20110629,20110629
14329,United Kingdom,7,4975.24,3087,17,710.75,4,5,5,Champions,20110114,20111122
14331,United Kingdom,2,462.66,252,124,231.33,2,3,2,At Risk,20110727,20110807
14332,United Kingdom,3,840.21,463,23,280.07,4,3,3,Loyal,20110715,20111117
14333,United Kingdom,1,415.2,58,68,415.2,3,1,2,Need Attention,20111003,20111003
14334,United Kingdom,8,2552.21,1731,17,319.03,4,5,5,Champions,20101216,20111123
14335,Germany,2,454.86,375,16,227.43,4,3,2,Loyal,20110904,20111123
14336,United Kingdom,4,1614.91,1759,17,403.73,4,4,4,Champions,20110308,20111123
14338,United Kingdom,2,588.22,335,161,294.11,2,3,3,At Risk,20110527,20110701
14339,United Kingdom,1,309.52,168,243,309.52,1,1,2,Lost,20110411,20110411
14340,United Kingdom,1,134.7,58,219,134.7,1,1,1,Lost,20110505,20110505
14341,United Kingdom,8,2166.98,1397,45,270.87,3,5,5,Loyal,20110125,20111025
14342,United Kingdom,4,668.56,347,21,167.14,4,4,3,Champions,20110513,20111118
14344,United Kingdom,8,889.93,477,127,111.24,2,5,3,Can't Lose Them,20101206,20110804
14345,United Kingdom,1,108.98,50,39,108.98,3,1,1,Need Attention,20111101,20111101
14346,United Kingdom,2,1021.58,605,121,510.79,2,3,4,At Risk,20110215,20110811
14348,United Kingdom,1,409.57,183,260,409.57,1,1,2,Lost,20110324,20110324
14349,United Kingdom,1,133.5,86,10,133.5,5,1,1,New / Promising,20111129,20111129
14350,United Kingdom,1,282.93,183,274,282.93,1,1,2,Lost,20110310,20110310
14351,United Kingdom,1,51.0,12,165,51.0,2,1,1,Lost,20110628,20110628
14352,United Kingdom,4,1078.96,538,157,269.74,2,4,4,Can't Lose Them,20110311,20110705
14353,United Kingdom,1,90.6,64,215,90.6,1,1,1,Lost,20110508,20110508
14354,United Kingdom,2,163.62,210,6,81.81,5,3,1,Loyal,20111109,20111204
14355,United Kingdom,1,174.4,92,366,174.4,1,1,1,Lost,20101209,20101209
14356,United Kingdom,2,701.23,277,80,350.62,2,3,3,At Risk,20110919,20110921
14357,United Kingdom,1,225.12,147,43,225.12,3,1,1,Need Attention,20111027,20111027
14359,United Kingdom,3,912.18,371,19,304.06,4,3,3,Loyal,20110913,20111120
14360,United Kingdom,4,2118.03,1139,32,529.51,4,4,5,Champions,20110906,20111108
14362,United Kingdom,1,151.5,96,22,151.5,4,1,1,New / Promising,20111117,20111117
14364,United Kingdom,8,3717.35,1967,109,464.67,2,5,5,Can't Lose Them,20110512,20110823
14367,United Kingdom,16,9227.82,4426,8,576.74,5,5,5,Champions,20110308,20111201
14368,United Kingdom,1,155.0,36,320,155.0,1,1,1,Lost,20110124,20110124
14371,United Kingdom,1,100.5,34,295,100.5,1,1,1,Lost,20110217,20110217
14373,United Kingdom,1,76.55,17,358,76.55,1,1,1,Lost,20101216,20101216
14375,United Kingdom,1,235.56,184,185,235.56,1,1,1,Lost,20110607,20110607
14377,United Kingdom,2,617.05,219,191,308.52,1,3,3,At Risk,20110322,20110601
14379,United Kingdom,2,348.1,292,44,174.05,3,3,2,Loyal,20110217,20111026
14381,United Kingdom,1,202.68,146,52,202.68,3,1,1,Need Attention,20111018,20111018
14382,United Kingdom,1,615.49,1231,26,615.49,4,1,3,New / Promising,20111113,20111113
14383,United Kingdom,3,1247.69,817,38,415.9,3,3,4,Loyal,20110629,20111101
14385,United Kingdom,3,202.11,159,9,67.37,5,3,1,Loyal,20111116,20111130
14386,United Kingdom,1,142.4,54,297,142.4,1,1,1,Lost,20110216,20110216
14387,United Kingdom,3,1727.6,795,33,575.87,3,3,4,Loyal,20110822,20111107
14388,United Kingdom,8,3212.84,1941,10,401.6,5,5,5,Champions,20101202,20111129
14389,United Kingdom,2,1043.46,729,65,521.73,3,3,4,Loyal,20110602,20111005
14390,United Kingdom,9,4642.57,2133,10,515.84,5,5,5,Champions,20101202,20111129
14393,United Kingdom,1,67.95,13,218,67.95,1,1,1,Lost,20110505,20110505
14395,United Kingdom,9,3479.91,1689,2,386.66,5,5,5,Champions,20101202,20111207
14396,United Kingdom,2,487.99,225,65,244.0,3,3,3,Loyal,20101203,20111005
14397,United Kingdom,19,2612.96,1890,3,137.52,5,5,5,Champions,20110510,20111207
14400,United Kingdom,1,574.7,454,149,574.7,2,1,3,Lost,20110713,20110713
14401,United Kingdom,13,4051.48,4507,4,311.65,5,5,5,Champions,20101215,20111205
14403,United Kingdom,4,1475.81,519,130,368.95,2,4,4,Can't Lose Them,20110406,20110801
14404,United Kingdom,6,1449.32,827,34,241.55,3,5,4,Loyal,20101205,20111106
14406,United Kingdom,1,156.75,77,119,156.75,2,1,1,Lost,20110812,20110812
14407,United Kingdom,5,2142.73,1414,107,428.55,2,4,5,Can't Lose Them,20110308,20110824
14408,United Kingdom,7,2599.03,1610,11,371.29,5,5,5,Champions,20110320,20111129
14409,United Kingdom,6,2059.45,1230,71,343.24,3,5,5,Loyal,20101206,20110929
14410,United Kingdom,9,1099.27,565,92,122.14,2,5,4,Can't Lose Them,20110207,20110908
14411,United Kingdom,1,1063.0,196,311,1063.0,1,1,4,Lost,20110202,20110202
14412,United Kingdom,2,770.03,786,43,385.02,3,3,3,Loyal,20110928,20111028
14413,United Kingdom,1,121.05,67,362,121.05,1,1,1,Lost,20101212,20101212
14414,United Kingdom,7,1496.98,2512,92,213.85,2,5,4,Can't Lose Them,20101216,20110909
14415,United Kingdom,13,5855.57,2996,1,450.43,5,5,5,Champions,20101214,20111208
14416,United Kingdom,2,490.22,326,22,245.11,4,3,3,Loyal,20111028,20111117
14418,United Kingdom,3,1937.25,1711,4,645.75,5,3,4,Loyal,20110823,20111206
14419,United Kingdom,6,1051.79,483,11,175.3,5,5,4,Champions,20101210,20111129
14420,United Kingdom,1,387.52,334,99,387.52,2,1,2,Lost,20110901,20110901
14421,United Kingdom,2,813.11,365,57,406.56,3,3,3,Loyal,20110512,20111013
14422,United Kingdom,6,4263.64,2906,1,710.61,5,5,5,Champions,20110317,20111209
14423,United Kingdom,1,265.2,120,218,265.2,1,1,2,Lost,20110505,20110505
14424,United Kingdom,1,322.08,48,18,322.08,4,1,2,New / Promising,20111122,20111122
14426,United Kingdom,10,4481.67,2699,24,448.17,4,5,5,Champions,20110131,20111116
14427,United Kingdom,2,363.34,228,50,181.67,3,3,2,Loyal,20111007,20111020
14428,United Kingdom,5,1224.06,428,7,244.81,5,4,4,Champions,20110118,20111202
14431,United Kingdom,1,470.36,130,303,470.36,1,1,2,Lost,20110210,20110210
14432,United Kingdom,6,2248.5,2013,10,374.75,5,5,5,Champions,20110911,20111130
14434,United Kingdom,6,1372.8,368,22,228.8,4,5,4,Champions,20110928,20111118
14436,United Kingdom,1,89.06,129,99,89.06,2,1,1,Lost,20110902,20110902
14437,United Kingdom,1,63.0,60,366,63.0,1,1,1,Lost,20101209,20101209
14438,United Kingdom,1,131.9,82,306,131.9,1,1,1,Lost,20110206,20110206
14439,Greece,1,2661.24,526,320,2661.24,1,1,5,Lost,20110124,20110124
14440,United Kingdom,5,2357.68,588,8,471.54,5,4,5,Champions,20101209,20111201
14441,United Kingdom,4,1712.89,446,1,428.22,5,4,4,Champions,20110329,20111209
14442,Channel Islands,2,1589.82,482,205,794.91,1,3,4,At Risk,20110127,20110519
14443,United Kingdom,4,1420.2,938,54,355.05,3,4,4,Loyal,20101206,20111017
14446,United Kingdom,4,1005.55,856,1,251.39,5,4,4,Champions,20110407,20111209
14447,United Kingdom,5,1163.23,571,19,232.65,4,4,4,Champions,20110304,20111121
14448,United Kingdom,2,375.35,104,9,187.68,5,3,2,Loyal,20101210,20111130
14449,United Kingdom,4,885.8,741,19,221.45,4,4,3,Champions,20101202,20111121
14450,United Kingdom,3,483.25,241,181,161.08,1,3,3,At Risk,20110123,20110612
14451,United Kingdom,2,643.9,378,60,321.95,3,3,3,Loyal,20110529,20111010
14452,United Kingdom,2,259.05,116,11,129.52,5,3,2,Loyal,20110907,20111129
14453,United Kingdom,1,119.93,49,190,119.93,1,1,1,Lost,20110602,20110602
14456,United Kingdom,9,3014.32,2848,5,334.92,5,5,5,Champions,20110720,20111204
14457,United Kingdom,1,113.64,88,311,113.64,1,1,1,Lost,20110202,20110202
14459,United Kingdom,1,1837.92,760,155,1837.92,2,1,4,Lost,20110707,20110707
14460,United Kingdom,3,434.34,881,110,144.78,2,3,2,At Risk,20110202,20110821
14461,United Kingdom,3,2102.67,765,148,700.89,2,3,5,At Risk,20110323,20110714
14462,United Kingdom,11,1975.57,954,66,179.6,3,5,4,Loyal,20110104,20111004
14463,United Kingdom,3,529.62,179,98,176.54,2,3,3,At Risk,20110518,20110902
14465,United Kingdom,3,1038.44,398,247,346.15,1,3,4,At Risk,20110210,20110407
14466,United Kingdom,7,2272.4,1006,29,324.63,4,5,5,Champions,20101202,20111110
14467,United Kingdom,4,596.26,276,18,149.06,4,4,3,Champions,20110131,20111122
14470,United Kingdom,2,461.19,193,12,230.6,5,3,2,Loyal,20110225,20111128
14472,United Kingdom,8,1852.67,1135,104,231.58,2,5,4,Can't Lose Them,20101219,20110828
14473,United Kingdom,2,234.34,88,74,117.17,2,3,1,At Risk,20110302,20110926
14474,United Kingdom,1,547.66,140,46,547.66,3,1,3,Need Attention,20111024,20111024
14475,United Kingdom,3,925.85,447,72,308.62,2,3,4,At Risk,20110208,20110929
14476,United Kingdom,1,193.0,110,257,193.0,1,1,1,Lost,20110327,20110327
14477,United Kingdom,4,1309.6,720,20,327.4,4,4,4,Champions,20110215,20111120
14479,United Kingdom,2,316.25,117,254,158.12,1,3,2,At Risk,20101209,20110331
14480,United Kingdom,1,279.05,143,11,279.05,5,1,2,New / Promising,20111128,20111128
14481,United Kingdom,2,636.51,489,165,318.26,2,3,3,At Risk,20110225,20110628
14482,United Kingdom,6,2022.81,1627,18,337.14,4,5,4,Champions,20110414,20111121
14483,United Kingdom,1,137.1,97,282,137.1,1,1,1,Lost,20110303,20110303
14484,United Kingdom,1,321.92,210,50,321.92,3,1,2,Need Attention,20111020,20111020
14485,United Kingdom,1,162.8,70,39,162.8,3,1,1,Need Attention,20111101,20111101
14487,United Kingdom,6,1165.48,712,27,194.25,4,5,4,Champions,20101206,20111113
14488,United Kingdom,1,1064.28,799,68,1064.28,3,1,4,Need Attention,20111003,20111003
14489,United Kingdom,1,463.38,299,207,463.38,1,1,2,Lost,20110516,20110516
14491,United Kingdom,2,340.93,139,175,170.46,2,3,2,At Risk,20101202,20110617
14493,United Kingdom,5,2383.24,1285,7,476.65,5,4,5,Champions,20110707,20111202
14494,United Kingdom,1,139.56,92,26,139.56,4,1,1,New / Promising,20111114,20111114
14495,United Kingdom,2,123.8,62,51,61.9,3,3,1,Loyal,20110810,20111020
14496,United Kingdom,2,538.81,159,312,269.4,1,3,3,At Risk,20101201,20110201
14497,United Kingdom,1,475.37,235,309,475.37,1,1,2,Lost,20110203,20110203
14498,United Kingdom,5,1957.32,1098,43,391.46,3,4,4,Loyal,20101213,20111028
14499,United Kingdom,3,808.44,496,26,269.48,4,3,3,Loyal,20110306,20111113
14500,United Kingdom,3,356.85,117,88,118.95,2,3,2,At Risk,20110603,20110912
14501,United Kingdom,2,251.21,161,184,125.6,1,3,2,At Risk,20110124,20110609
14502,United Kingdom,11,2426.79,1464,20,220.62,4,5,5,Champions,20110130,20111120
14503,United Kingdom,6,3543.26,2004,3,590.54,5,5,5,Champions,20110614,20111206
14504,United Kingdom,4,673.26,308,47,168.32,3,4,3,Loyal,20110306,20111023
14505,United Kingdom,8,5859.43,2739,17,732.43,4,5,5,Champions,20101212,20111122
14506,United Kingdom,5,1960.65,704,17,392.13,4,4,4,Champions,20101205,20111122
14507,United Kingdom,6,1367.88,594,24,227.98,4,5,4,Champions,20110308,20111116
14508,United Kingdom,2,268.05,129,22,134.02,4,3,2,Loyal,20110911,20111117
14511,United Kingdom,5,1314.81,784,11,262.96,5,4,4,Champions,20110729,20111128
14512,United Kingdom,2,275.28,122,188,137.64,1,3,2,At Risk,20110421,20110605
14513,United Kingdom,3,455.59,361,101,151.86,2,3,2,At Risk,20110224,20110831
14514,United Kingdom,3,990.2,564,61,330.07,3,3,4,Loyal,20110112,20111009
14515,United Kingdom,6,2076.89,1110,18,346.15,4,5,5,Champions,20110505,20111122
14517,United Kingdom,2,330.45,91,33,165.22,3,3,2,Loyal,20110721,20111106
14518,United Kingdom,1,174.37,278,64,174.37,3,1,1,Need Attention,20111006,20111006
14520,United Kingdom,2,270.6,146,2,135.3,5,3,2,Loyal,20110222,20111208
14522,United Kingdom,4,974.54,525,24,243.64,4,4,4,Champions,20110525,20111115
14523,United Kingdom,1,241.09,251,108,241.09,2,1,1,Lost,20110823,20110823
14524,United Kingdom,9,1843.83,669,32,204.87,4,5,4,Champions,20101214,20111108
14525,United Kingdom,9,4215.9,2637,20,468.43,4,5,5,Champions,20101213,20111120
14527,United Kingdom,55,8506.13,2086,3,154.66,5,5,5,Champions,20101205,20111207
14528,United Kingdom,1,364.22,278,37,364.22,3,1,2,Need Attention,20111102,20111102
14529,United Kingdom,3,578.61,325,60,192.87,3,3,3,Loyal,20110821,20111010
14530,United Kingdom,6,2862.11,1395,26,477.02,4,5,5,Champions,20110216,20111114
14532,United Kingdom,4,932.85,284,236,233.21,1,4,4,Can't Lose Them,20101222,20110417
14533,United Kingdom,7,1949.72,4019,25,278.53,4,5,4,Champions,20101222,20111115
14534,United Kingdom,18,4395.65,2026,3,244.2,5,5,5,Champions,20110125,20111207
14535,United Kingdom,3,2854.84,1824,60,951.61,3,3,5,Loyal,20110405,20111010
14536,United Kingdom,1,170.95,39,260,170.95,1,1,1,Lost,20110325,20110325
14537,United Kingdom,1,355.56,120,58,355.56,3,1,2,Need Attention,20111013,20111013
14538,United Kingdom,2,388.25,155,65,194.12,3,3,2,Loyal,20110328,20111006
14539,United Kingdom,2,537.48,428,16,268.74,4,3,3,Loyal,20111026,20111124
14540,United Kingdom,3,952.66,411,10,317.55,5,3,4,Loyal,20110203,20111130
14541,United Kingdom,8,1453.35,641,59,181.67,3,5,4,Loyal,20110124,20111012
14542,United Kingdom,1,103.25,19,186,103.25,1,1,1,Lost,20110607,20110607
14543,United Kingdom,16,3560.08,671,29,222.5,4,5,5,Champions,20101210,20111111
14544,United Kingdom,2,2004.3,1536,24,1002.15,4,3,4,Loyal,20101213,20111115
14546,United Kingdom,5,2573.93,1313,5,514.79,5,4,5,Champions,20110405,20111204
14547,United Kingdom,8,3974.75,2639,4,496.84,5,5,5,Champions,20111016,20111206
14548,United Kingdom,2,652.8,256,151,326.4,2,3,3,At Risk,20110126,20110712
14549,United Kingdom,1,289.24,136,311,289.24,1,1,2,Lost,20110201,20110201
14550,United Kingdom,2,757.37,389,11,378.68,5,3,3,Loyal,20111026,20111129
14551,United Kingdom,2,186.23,106,18,93.12,4,3,1,Loyal,20110519,20111121
14552,United Kingdom,1,164.22,90,152,164.22,2,1,1,Lost,20110711,20110711
14553,United Kingdom,5,859.27,493,19,171.85,4,4,3,Champions,20110104,20111120
14554,United Kingdom,4,2279.49,1443,10,569.87,5,4,5,Champions,20111018,20111129
14555,United Kingdom,2,312.54,122,57,156.27,3,3,2,Loyal,20110210,20111013
14557,United Kingdom,1,788.38,510,85,788.38,2,1,3,Lost,20110915,20110915
14560,United Kingdom,22,2237.77,1260,7,101.72,5,5,5,Champions,20101217,20111202
14561,United Kingdom,3,1080.76,1014,76,360.25,2,3,4,At Risk,20110608,20110925
14562,United Kingdom,18,5006.77,1815,4,278.15,5,5,5,Champions,20110208,20111206
14565,United Kingdom,4,2949.12,1537,96,737.28,2,4,5,Can't Lose Them,20101213,20110905
14566,Channel Islands,1,1432.0,800,111,1432.0,2,1,4,Lost,20110821,20110821
14567,United Kingdom,2,1530.36,412,57,765.18,3,3,4,Loyal,20110801,20111014
14569,United Kingdom,1,227.39,79,1,227.39,5,1,1,New / Promising,20111208,20111208
14570,United Kingdom,2,217.21,94,281,108.6,1,3,1,At Risk,20110304,20110304
14572,United Kingdom,7,2804.54,1420,3,400.65,5,5,5,Champions,20110119,20111206
14573,United Kingdom,9,1639.82,534,180,182.2,1,5,4,Can't Lose Them,20101202,20110613
14576,United Kingdom,1,35.4,12,372,35.4,1,1,1,Lost,20101202,20101202
14577,United Kingdom,4,859.71,353,13,214.93,5,4,3,Champions,20101212,20111127
14578,United Kingdom,1,168.63,240,3,168.63,5,1,1,New / Promising,20111206,20111206
14581,United Kingdom,1,138.6,217,17,138.6,4,1,1,New / Promising,20111123,20111123
14582,United Kingdom,1,114.11,73,41,114.11,3,1,1,Need Attention,20111030,20111030
14583,United Kingdom,5,986.96,751,6,197.39,5,4,4,Champions,20110518,20111204
14584,United Kingdom,4,1033.06,381,169,258.26,2,4,4,Can't Lose Them,20110525,20110623
14585,United Kingdom,1,157.05,91,50,157.05,3,1,1,Need Attention,20111020,20111020
14586,United Kingdom,1,237.36,444,277,237.36,1,1,1,Lost,20110308,20110308
14587,United Kingdom,9,1580.29,749,19,175.59,4,5,4,Champions,20110112,20111121
14589,United Kingdom,1,39.75,5,372,39.75,1,1,1,Lost,20101203,20101203
14591,United Kingdom,4,1320.21,1228,15,330.05,4,4,4,Champions,20110510,20111124
14592,United Kingdom,3,557.94,407,35,185.98,3,3,3,Loyal,20111006,20111104
14593,United Kingdom,3,617.15,330,22,205.72,4,3,3,Loyal,20110525,20111118
14594,United Kingdom,2,363.33,183,7,181.66,5,3,2,Loyal,20101201,20111202
14595,United Kingdom,6,1740.6,978,20,290.1,4,5,4,Champions,20110130,20111120
14597,United Kingdom,2,866.24,566,11,433.12,5,3,3,Loyal,20110601,20111128
14598,United Kingdom,1,221.97,189,44,221.97,3,1,1,Need Attention,20111026,20111026
14600,United Kingdom,1,393.33,125,306,393.33,1,1,2,Lost,20110207,20110207
14601,United Kingdom,1,213.96,168,11,213.96,5,1,1,New / Promising,20111129,20111129
14603,United Kingdom,1,660.0,400,275,660.0,1,1,3,Lost,20110310,20110310
14606,United Kingdom,90,11926.15,6177,1,132.51,5,5,5,Champions,20101201,20111208
14607,United Kingdom,12,15021.5,10734,16,1251.79,4,5,5,Champions,20110323,20111124
14608,United Kingdom,4,1785.15,437,4,446.29,5,4,4,Champions,20101212,20111205
14609,United Kingdom,4,601.56,7026,72,150.39,2,4,3,Can't Lose Them,20110216,20110928
14616,United Kingdom,3,406.08,104,243,135.36,1,3,2,At Risk,20110126,20110411
14618,United Kingdom,3,553.44,264,9,184.48,5,3,3,Loyal,20110106,20111130
14619,United Kingdom,1,394.44,152,246,394.44,1,1,2,Lost,20110408,20110408
14620,United Kingdom,2,412.78,214,206,206.39,1,3,2,At Risk,20110301,20110518
14621,United Kingdom,5,1788.36,993,1,357.67,5,4,4,Champions,20101216,20111208
14622,United Kingdom,1,320.58,146,185,320.58,1,1,2,Lost,20110608,20110608
14623,United Kingdom,5,882.02,406,32,176.4,4,4,3,Champions,20110418,20111107
14624,United Kingdom,2,225.85,162,57,112.92,3,3,1,Loyal,20111011,20111013
14625,United Kingdom,2,899.63,335,196,449.82,1,3,3,At Risk,20101213,20110527
14626,United Kingdom,4,2791.27,1403,24,697.82,4,4,5,Champions,20110420,20111116
14628,United Kingdom,2,671.96,272,91,335.98,2,3,3,At Risk,20110411,20110909
14629,United Kingdom,2,955.26,378,4,477.63,5,3,4,Loyal,20111023,20111205
14631,United Kingdom,3,1006.98,622,51,335.66,3,3,4,Loyal,20110214,20111020
14632,United Kingdom,1,114.56,96,263,114.56,1,1,1,Lost,20110322,20110322
14633,United Kingdom,1,344.9,96,266,344.9,1,1,2,Lost,20110318,20110318
14636,United Kingdom,2,609.85,241,36,304.92,3,3,3,Loyal,20110316,20111103
14638,United Kingdom,1,443.6,166,51,443.6,3,1,2,Need Attention,20111020,20111020
14639,United Kingdom,6,2984.49,1431,52,497.42,3,5,5,Loyal,20101213,20111018
14640,United Kingdom,6,2107.38,880,24,351.23,4,5,5,Champions,20110426,20111115
14641,United Kingdom,1,110.46,90,22,110.46,4,1,1,New / Promising,20111118,20111118
14642,United Kingdom,1,96.12,76,59,96.12,3,1,1,Need Attention,20111012,20111012
14643,United Kingdom,2,693.81,815,170,346.9,2,3,3,At Risk,20101216,20110622
14644,United Kingdom,2,830.76,258,68,415.38,3,3,3,Loyal,20110214,20111003
14645,United Kingdom,2,597.09,381,157,298.54,2,3,3,At Risk,20110309,20110706
14646,Netherlands,72,279138.02,196844,2,3876.92,5,5,5,Champions,20101220,20111208
14647,United Kingdom,1,236.04,91,201,236.04,1,1,1,Lost,20110522,20110522
14649,United Kingdom,4,1402.59,1004,5,350.65,5,4,4,Champions,20110511,20111205
14651,United Kingdom,2,653.75,343,67,326.88,3,3,3,Loyal,20110512,20111003
14652,United Kingdom,1,114.18,53,77,114.18,2,1,1,Lost,20110923,20110923
14653,United Kingdom,7,1916.7,944,1,273.81,5,5,4,Champions,20110105,20111208
14655,United Kingdom,4,1932.23,1089,8,483.06,5,4,4,Champions,20110501,20111201
14656,United Kingdom,2,291.05,120,169,145.52,2,3,2,At Risk,20110301,20110623
14657,United Kingdom,4,848.22,466,18,212.06,4,4,3,Champions,20110117,20111122
14658,United Kingdom,2,247.15,47,5,123.58,5,3,2,Loyal,20110814,20111204
14659,United Kingdom,9,2529.93,1195,9,281.1,5,5,5,Champions,20110128,20111201
14660,United Kingdom,2,285.74,228,87,142.87,2,3,2,At Risk,20110831,20110914
14661,United Kingdom,1,107.95,35,27,107.95,4,1,1,New / Promising,20111113,20111113
14662,United Kingdom,4,741.37,578,29,185.34,4,4,3,Champions,20110127,20111111
14664,United Kingdom,2,636.24,465,20,318.12,4,3,3,Loyal,20111106,20111120
14665,United Kingdom,5,1835.7,740,61,367.14,3,4,4,Loyal,20110202,20111010
14666,United Kingdom,1,179.95,155,24,179.95,4,1,1,New / Promising,20111115,20111115
14667,United Kingdom,25,9170.79,5318,11,366.83,5,5,5,Champions,20101206,20111129
14669,United Kingdom,3,1259.24,770,242,419.75,1,3,4,At Risk,20110111,20110412
14670,United Kingdom,2,392.86,326,280,196.43,1,3,2,At Risk,20110304,20110304
14672,United Kingdom,2,765.55,454,235,382.78,1,3,3,At Risk,20110107,20110419
14673,United Kingdom,5,1736.4,1004,3,347.28,5,4,4,Champions,20101207,20111206
14675,United Kingdom,1,596.36,336,16,596.36,4,1,3,New / Promising,20111123,20111123
14676,United Kingdom,6,2548.24,2500,31,424.71,4,5,5,Champions,20110301,20111108
14680,United Kingdom,16,28754.11,13476,25,1797.13,4,5,5,Champions,20101203,20111114
14681,United Kingdom,3,498.95,76,71,166.32,3,3,3,Loyal,20110512,20110929
14682,United Kingdom,2,52.0,80,188,26.0,1,3,1,At Risk,20110522,20110605
14684,United Kingdom,5,1201.51,821,26,240.3,4,4,4,Champions,20101212,20111114
14687,United Kingdom,1,628.38,470,107,628.38,2,1,3,Lost,20110825,20110825
14688,United Kingdom,21,5579.1,3584,8,265.67,5,5,5,Champions,20101201,20111202
14689,United Kingdom,1,112.8,76,209,112.8,1,1,1,Lost,20110515,20110515
14690,United Kingdom,2,355.05,167,44,177.52,3,3,2,Loyal,20110711,20111026
14691,United Kingdom,5,2114.33,707,31,422.87,4,4,5,Champions,20110511,20111109
14692,United Kingdom,4,591.55,265,137,147.89,2,4,3,Can't Lose Them,20110121,20110725
14693,United Kingdom,1,172.9,34,265,172.9,1,1,1,Lost,20110320,20110320
14696,United Kingdom,7,2078.95,1630,4,296.99,5,5,5,Champions,20101201,20111205
14697,United Kingdom,2,188.61,181,218,94.3,1,3,1,At Risk,20110505,20110505
14698,United Kingdom,5,1217.27,602,2,243.45,5,4,4,Champions,20111019,20111208
14699,United Kingdom,1,109.13,77,214,109.13,1,1,1,Lost,20110509,20110509
14700,United Kingdom,3,2195.1,1314,32,731.7,4,3,5,Loyal,20110415,20111107
14701,United Kingdom,9,2526.09,921,11,280.68,5,5,5,Champions,20110127,20111129
14702,United Kingdom,17,3251.79,1439,1,191.28,5,5,5,Champions,20101209,20111208
14703,United Kingdom,1,318.17,183,15,318.17,4,1,2,New / Promising,20111125,20111125
14704,United Kingdom,7,1461.62,1035,20,208.8,4,5,4,Champions,20110612,20111120
14705,United Kingdom,1,179.0,100,199,179.0,1,1,1,Lost,20110525,20110525
14708,United Kingdom,3,1126.37,621,3,375.46,5,3,4,Loyal,20101206,20111207
14709,United Kingdom,13,4921.04,2484,15,378.54,4,5,5,Champions,20101216,20111124
14710,United Kingdom,4,599.48,375,14,149.87,4,4,3,Champions,20111011,20111125
14711,United Kingdom,11,2839.62,966,10,258.15,5,5,5,Champions,20110322,20111129
14712,United Kingdom,3,917.07,315,29,305.69,4,3,3,Loyal,20110819,20111110
14713,United Kingdom,11,2662.2,1613,9,242.02,5,5,5,Champions,20101209,20111130
14714,United Kingdom,1,160.19,229,24,160.19,4,1,1,New / Promising,20111115,20111115
14715,United Kingdom,4,867.38,521,25,216.84,4,4,3,Champions,20110112,20111115
14716,United Kingdom,2,307.51,495,43,153.76,3,3,2,Loyal,20110714,20111027
14719,United Kingdom,5,1581.84,1025,2,316.37,5,4,4,Champions,20110404,20111208
14720,United Kingdom,3,663.81,219,6,221.27,5,3,3,Loyal,20110805,20111204
14722,United Kingdom,1,180.42,118,147,180.42,2,1,1,Lost,20110715,20110715
14723,United Kingdom,6,1120.66,671,10,186.78,5,5,4,Champions,20101203,20111129
14725,United Kingdom,1,655.58,588,25,655.58,4,1,3,New / Promising,20111115,20111115
14727,United Kingdom,1,268.58,62,274,268.58,1,1,2,Lost,20110310,20110310
14729,United Kingdom,1,313.49,197,374,313.49,1,1,2,Lost,20101201,20101201
14730,United Kingdom,8,1897.57,1078,1,237.2,5,5,4,Champions,20110308,20111208
14731,United Kingdom,3,380.02,256,47,126.67,3,3,2,Loyal,20110511,20111023
14732,United Kingdom,8,2702.49,1405,8,337.81,5,5,5,Champions,20110104,20111201
14733,United Kingdom,12,9585.91,3764,16,798.83,4,5,5,Champions,20101207,20111123
14735,United Kingdom,31,6050.69,2263,4,195.18,5,5,5,Champions,20101216,20111206
14737,United Kingdom,3,1164.55,345,4,388.18,5,3,4,Loyal,20101221,20111206
14738,United Kingdom,7,1314.45,601,43,187.78,3,5,4,Loyal,20110127,20111028
14739,United Kingdom,7,3902.28,3820,4,557.47,5,5,5,Champions,20101207,20111205
14740,United Kingdom,3,1448.21,735,197,482.74,1,3,4,At Risk,20110301,20110526
14741,United Kingdom,6,1400.34,841,12,233.39,5,5,4,Champions,20101202,20111128
14744,United Kingdom,7,1099.98,627,16,157.14,4,5,4,Champions,20101208,20111123
14745,United Kingdom,5,1220.26,1038,113,244.05,2,4,4,Can't Lose Them,20110227,20110819
14747,United Kingdom,1,328.2,84,249,328.2,1,1,2,Lost,20110404,20110404
14748,United Kingdom,5,1415.75,1223,29,283.15,4,4,4,Champions,20101206,20111110
14752,United Kingdom,1,389.64,260,44,389.64,3,1,2,Need Attention,20111027,20111027
14753,United Kingdom,1,563.15,211,87,563.15,2,1,3,Lost,20110913,20110913
14754,United Kingdom,2,638.05,486,45,319.02,3,3,3,Loyal,20110217,20111026
14755,United Kingdom,11,5010.28,2219,10,455.48,5,5,5,Champions,20110109,20111130
14756,United Kingdom,1,738.96,416,15,738.96,4,1,3,New / Promising,20111124,20111124
14757,United Kingdom,1,420.5,160,75,420.5,2,1,2,Lost,20110925,20110925
14758,United Kingdom,4,1484.06,419,145,371.02,2,4,4,Can't Lose Them,20110325,20110718
14759,United Kingdom,3,1625.97,569,5,541.99,5,3,4,Loyal,20110421,20111205
14760,United Kingdom,1,89.2,40,297,89.2,1,1,1,Lost,20110215,20110215
14761,United Kingdom,2,255.9,118,59,127.95,3,3,2,Loyal,20110109,20111012
14762,United Kingdom,1,300.52,341,264,300.52,1,1,2,Lost,20110321,20110321
14764,United Kingdom,1,278.3,190,47,278.3,3,1,2,Need Attention,20111024,20111024
14765,United Kingdom,3,254.11,135,29,84.7,4,3,2,Loyal,20110616,20111110
14766,United Kingdom,6,2473.37,1349,8,412.23,5,5,5,Champions,20101208,20111201
14768,United Kingdom,2,192.6,52,17,96.3,4,3,1,Loyal,20110804,20111122
14769,United Kingdom,8,10415.33,7238,3,1301.92,5,5,5,Champions,20101217,20111207
14770,United Kingdom,2,876.42,490,232,438.21,1,3,3,At Risk,20110120,20110421
14772,United Kingdom,1,139.26,82,112,139.26,2,1,1,Lost,20110819,20110819
14775,United Kingdom,3,1011.9,1174,58,337.3,3,3,4,Loyal,20101202,20111012
14776,United Kingdom,11,2538.3,3134,51,230.75,3,5,5,Loyal,20110131,20111019
14778,United Kingdom,2,730.86,306,127,365.43,2,3,3,At Risk,20110204,20110804
14779,United Kingdom,3,386.15,84,281,128.72,1,3,2,At Risk,20110120,20110304
14780,United Kingdom,2,447.68,310,55,223.84,3,3,2,Loyal,20110921,20111016
14782,United Kingdom,1,200.1,114,320,200.1,1,1,1,Lost,20110124,20110124
14784,United Kingdom,2,289.99,237,26,145.0,4,3,2,Loyal,20110120,20111113
14785,United Kingdom,2,77.4,84,10,38.7,5,3,1,Loyal,20111124,20111129
14788,United Kingdom,2,679.44,421,7,339.72,5,3,3,Loyal,20111113,20111202
14789,United Kingdom,1,197.64,116,29,197.64,4,1,1,New / Promising,20111111,20111111
14790,United Kingdom,4,745.06,699,17,186.26,4,4,3,Champions,20110331,20111123
14792,United Kingdom,1,6.2,2,64,6.2,3,1,1,Need Attention,20111007,20111007
14793,United Kingdom,1,228.99,91,21,228.99,4,1,1,New / Promising,20111118,20111118
14794,United Kingdom,7,1319.91,673,3,188.56,5,5,4,Champions,20110109,20111207
14795,United Kingdom,1,131.45,17,166,131.45,2,1,1,Lost,20110626,20110626
14796,United Kingdom,17,7973.93,5991,1,469.05,5,5,5,Champions,20101208,20111208
14798,United Kingdom,3,173.74,150,53,57.91,3,3,1,Loyal,20110202,20111018
14799,United Kingdom,1,157.7,146,51,157.7,3,1,1,Need Attention,20111019,20111019
14800,United Kingdom,12,4331.79,3644,48,360.98,3,5,5,Loyal,20101205,20111023
14801,United Kingdom,1,189.34,173,61,189.34,3,1,1,Need Attention,20111009,20111009
14803,United Kingdom,3,845.55,370,162,281.85,2,3,3,At Risk,20110220,20110630
14804,United Kingdom,1,353.27,121,9,353.27,5,1,2,New / Promising,20111201,20111201
14805,United Kingdom,4,546.4,114,15,136.6,4,4,3,Champions,20110130,20111124
14806,United Kingdom,1,193.39,330,75,193.39,2,1,1,Lost,20110925,20110925
14808,United Kingdom,8,2718.6,2120,40,339.82,3,5,5,Loyal,20110620,20111031
14810,United Kingdom,11,2085.33,1015,41,189.58,3,5,5,Loyal,20101205,20111030
14813,United Kingdom,2,152.88,66,370,76.44,1,3,1,At Risk,20101205,20101205
14815,United Kingdom,2,778.5,744,37,389.25,3,3,3,Loyal,20111003,20111103
14816,United Kingdom,1,271.85,5,197,271.85,1,1,2,Lost,20110526,20110526
14817,United Kingdom,2,1010.34,653,200,505.17,1,3,4,At Risk,20110307,20110523
14818,United Kingdom,3,657.8,324,74,219.27,2,3,3,At Risk,20110331,20110927
14819,United Kingdom,2,272.07,109,64,136.04,3,3,2,Loyal,20110531,20111006
14820,United Kingdom,4,507.29,253,21,126.82,4,4,3,Champions,20110619,20111118
14821,United Kingdom,1,48.8,20,367,48.8,1,1,1,Lost,20101208,20101208
14823,United Kingdom,3,321.43,88,180,107.14,1,3,2,At Risk,20110529,20110612
14824,United Kingdom,4,1127.71,525,10,281.93,5,4,4,Champions,20110909,20111129
14825,United Kingdom,12,2221.01,989,4,185.08,5,5,5,Champions,20101206,20111206
14828,United Kingdom,3,2139.76,2172,197,713.25,1,3,5,At Risk,20110107,20110527
14829,United Kingdom,4,697.55,452,29,174.39,4,4,3,Champions,20101202,20111110
14830,United Kingdom,1,188.03,163,53,188.03,3,1,1,Need Attention,20111017,20111017
14834,United Kingdom,6,1720.3,734,18,286.72,4,5,4,Champions,20110413,20111122
14836,United Kingdom,3,102.45,45,10,34.15,5,3,1,Loyal,20111109,20111129
14837,United Kingdom,4,1649.5,1436,90,412.38,2,4,4,Can't Lose Them,20110522,20110911
14840,United Kingdom,1,62.85,31,268,62.85,1,1,1,Lost,20110317,20110317
14841,United Kingdom,6,3295.76,1778,53,549.29,3,5,5,Loyal,20101216,20111017
14842,United Kingdom,4,2824.69,1166,44,706.17,3,4,5,Loyal,20110204,20111027
14844,United Kingdom,4,3189.81,1833,64,797.45,3,4,5,Loyal,20110412,20111007
14847,United Kingdom,1,309.4,120,149,309.4,2,1,2,Lost,20110714,20110714
14849,United Kingdom,25,7930.54,5694,22,317.22,4,5,5,Champions,20101201,20111118
14850,United Kingdom,1,325.75,293,312,325.75,1,1,2,Lost,20110201,20110201
14851,United Kingdom,2,511.35,325,23,255.68,4,3,3,Loyal,20110328,20111116
14852,United Kingdom,6,2836.69,1747,58,472.78,3,5,5,Loyal,20110401,20111012
14853,United Kingdom,2,475.8,82,24,237.9,4,3,2,Loyal,20110512,20111115
14854,United Kingdom,7,2740.03,1820,78,391.43,2,5,5,Can't Lose Them,20110310,20110922
14855,United Kingdom,2,645.65,267,119,322.82,2,3,3,At Risk,20110728,20110812
14856,United Kingdom,3,1290.53,711,36,430.18,3,3,4,Loyal,20111014,20111103
14857,United Kingdom,2,1173.12,464,60,586.56,3,3,4,Loyal,20110714,20111011
14859,United Kingdom,4,1353.74,671,13,338.44,5,4,4,Champions,20110519,20111127
14860,United Kingdom,1,170.32,232,19,170.32,4,1,1,New / Promising,20111120,20111120
14861,United Kingdom,1,125.79,117,52,125.79,3,1,1,Need Attention,20111018,20111018
14862,United Kingdom,2,841.2,772,26,420.6,4,3,3,Loyal,20110714,20111114
14863,United Kingdom,1,266.76,132,29,266.76,4,1,2,New / Promising,20111110,20111110
14865,United Kingdom,2,52.2,108,7,26.1,5,3,1,Loyal,20101202,20111202
14866,United Kingdom,11,14353.4,6751,11,1304.85,5,5,5,Champions,20101208,20111129
14867,United Kingdom,3,710.28,328,186,236.76,1,3,3,At Risk,20110107,20110607
14868,United Kingdom,8,2953.59,1405,3,369.2,5,5,5,Champions,20110420,20111206
14869,United Kingdom,2,721.45,549,9,360.72,5,3,3,Loyal,20110828,20111201
14870,United Kingdom,1,327.25,119,262,327.25,1,1,2,Lost,20110323,20110323
14871,United Kingdom,4,501.28,179,3,125.32,5,4,3,Champions,20101214,20111206
14873,United Kingdom,1,519.68,168,210,519.68,1,1,3,Lost,20110513,20110513
14875,United Kingdom,2,1465.32,558,108,732.66,2,3,4,At Risk,20110322,20110824
14878,United Kingdom,9,1476.09,799,13,164.01,5,5,4,Champions,20101216,20111127
14880,United Kingdom,3,690.59,365,77,230.2,2,3,3,At Risk,20110224,20110923
14881,United Kingdom,1,255.4,316,20,255.4,4,1,2,New / Promising,20111120,20111120
14882,United Kingdom,2,589.7,158,27,294.85,4,3,3,Loyal,20111106,20111113
14883,United Kingdom,6,761.59,790,19,126.93,4,5,3,Champions,20110512,20111121
14885,United Kingdom,1,765.32,724,132,765.32,2,1,3,Lost,20110731,20110731
14886,United Kingdom,1,364.8,160,253,364.8,1,1,2,Lost,20110401,20110401
14887,United Kingdom,1,1862.0,1100,79,1862.0,2,1,4,Lost,20110921,20110921
14888,United Kingdom,1,369.2,184,207,369.2,1,1,2,Lost,20110516,20110516
14889,United Kingdom,1,135.9,90,336,135.9,1,1,1,Lost,20110107,20110107
14890,United Kingdom,1,125.65,51,254,125.65,1,1,1,Lost,20110331,20110331
14891,United Kingdom,2,554.38,505,148,277.19,2,3,3,At Risk,20110605,20110714
14893,United Kingdom,2,1237.85,799,10,618.92,5,3,4,Loyal,20111128,20111130
14894,United Kingdom,1,655.75,265,85,655.75,2,1,3,Lost,20110915,20110915
14895,United Kingdom,20,11138.71,4851,8,556.94,5,5,5,Champions,20110222,20111202
14896,United Kingdom,2,468.77,279,205,234.38,1,3,2,At Risk,20101209,20110519
14897,United Kingdom,4,1366.38,468,8,341.6,5,4,4,Champions,20110216,20111202
14898,United Kingdom,6,1269.31,1001,23,211.55,4,5,4,Champions,20101203,20111116
14901,United Kingdom,9,1421.29,661,11,157.92,5,5,4,Champions,20101202,20111128
14902,United Kingdom,1,332.66,218,26,332.66,4,1,2,New / Promising,20111114,20111114
14903,United Kingdom,5,2795.33,1531,21,559.07,4,4,5,Champions,20110306,20111118
14904,United Kingdom,2,1025.44,1985,2,512.72,5,3,4,Loyal,20111114,20111207
14905,United Kingdom,2,616.15,287,158,308.08,2,3,3,At Risk,20110420,20110705
14907,United Kingdom,7,3501.1,1691,3,500.16,5,5,5,Champions,20101207,20111206
14908,United Kingdom,1,277.8,132,74,277.8,2,1,2,Lost,20110926,20110926
14910,United Kingdom,4,434.35,238,3,108.59,5,4,2,Champions,20111016,20111207
14911,EIRE,198,136161.83,80154,1,687.69,5,5,5,Champions,20101201,20111208
14912,Italy,2,867.85,971,17,433.92,4,3,3,Loyal,20110407,20111123
14913,United Kingdom,4,1227.43,1743,36,306.86,3,4,4,Loyal,20101215,20111104
14915,United Kingdom,2,307.48,112,91,153.74,2,3,2,At Risk,20110307,20110909
14916,United Kingdom,4,1268.98,1136,71,317.24,3,4,4,Loyal,20110119,20110930
14918,United Kingdom,2,1610.15,675,116,805.08,2,3,4,At Risk,20110708,20110816
14920,United Kingdom,2,977.77,509,213,488.88,1,3,4,At Risk,20110511,20110511
14921,United Kingdom,2,1316.07,953,30,658.04,4,3,4,Loyal,20110522,20111109
14923,United Kingdom,1,749.1,418,51,749.1,3,1,3,Need Attention,20111020,20111020
14924,United Kingdom,1,310.05,64,246,310.05,1,1,2,Lost,20110408,20110408
14929,United Kingdom,1,223.88,136,32,223.88,4,1,1,New / Promising,20111107,20111107
14930,Channel Islands,3,2362.96,1160,109,787.65,2,3,5,At Risk,20110310,20110823
14931,Channel Islands,4,864.68,414,5,216.17,5,4,3,Champions,20110413,20111205
14932,Channel Islands,1,313.53,79,366,313.53,1,1,2,Lost,20101209,20101209
14934,Channel Islands,2,1890.94,1042,82,945.47,2,3,4,At Risk,20110302,20110919
14935,Channel Islands,1,1784.71,935,297,1784.71,1,1,4,Lost,20110215,20110215
14936,Channel Islands,8,8137.02,4085,34,1017.13,3,5,5,Loyal,20110309,20111106
14937,Channel Islands,3,1621.88,484,57,540.63,3,3,4,Loyal,20110801,20111014
14944,United Kingdom,12,5900.25,2815,30,491.69,4,5,5,Champions,20110216,20111110
14946,United Kingdom,1,100.9,22,14,100.9,4,1,1,New / Promising,20111125,20111125
14947,United Kingdom,2,290.82,179,72,145.41,2,3,2,At Risk,20110801,20110928
14948,United Kingdom,6,1101.97,673,23,183.66,4,5,4,Champions,20110504,20111116
14950,United Kingdom,1,371.2,136,19,371.2,4,1,2,New / Promising,20111120,20111120
14951,United Kingdom,1,311.69,311,79,311.69,2,1,2,Lost,20110921,20110921
14952,United Kingdom,11,8099.49,3355,60,736.32,3,5,5,Loyal,20101210,20111011
14953,United Kingdom,1,285.67,224,25,285.67,4,1,2,New / Promising,20111114,20111114
14954,United Kingdom,1,294.85,117,12,294.85,5,1,2,New / Promising,20111127,20111127
14957,United Kingdom,1,58.49,34,253,58.49,1,1,1,Lost,20110331,20110331
14958,United Kingdom,3,483.73,128,147,161.24,2,3,3,At Risk,20110408,20110715
14959,United Kingdom,4,695.42,494,64,173.86,3,4,3,Loyal,20110216,20111006
14960,United Kingdom,2,221.27,221,8,110.64,5,3,1,Loyal,20110621,20111201
14961,United Kingdom,9,7044.68,3708,11,782.74,5,5,5,Champions,20101214,20111129
14962,United Kingdom,1,126.7,44,271,126.7,1,1,1,Lost,20110314,20110314
14963,United Kingdom,5,1472.34,1159,10,294.47,5,4,4,Champions,20110609,20111130
14964,United Kingdom,1,206.21,143,247,206.21,1,1,1,Lost,20110406,20110406
14965,United Kingdom,2,596.09,363,96,298.04,2,3,3,At Risk,20110904,20110904
14966,United Kingdom,1,183.02,179,15,183.02,4,1,1,New / Promising,20111125,20111125
14967,United Kingdom,1,463.8,140,50,463.8,3,1,2,Need Attention,20111021,20111021
14968,United Kingdom,1,147.59,127,30,147.59,4,1,1,New / Promising,20111109,20111109
14970,United Kingdom,4,1592.06,250,68,398.02,3,4,4,Loyal,20110127,20111002
14971,United Kingdom,3,1097.98,639,35,365.99,3,3,4,Loyal,20111027,20111104
14972,United Kingdom,1,114.77,28,128,114.77,2,1,1,Lost,20110803,20110803
14973,United Kingdom,3,1314.45,369,107,438.15,2,3,4,At Risk,20110428,20110824
14974,United Kingdom,1,89.94,37,37,89.94,3,1,1,Need Attention,20111102,20111102
14975,United Kingdom,1,279.94,380,57,279.94,3,1,2,Need Attention,20111013,20111013
14976,United Kingdom,6,774.86,232,57,129.14,3,5,3,Loyal,20110117,20111013
14978,United Kingdom,5,1921.37,523,72,384.27,2,4,4,Can't Lose Them,20110113,20110928
14981,United Kingdom,1,102.12,97,246,102.12,1,1,1,Lost,20110407,20110407
14984,United Kingdom,2,202.37,58,19,101.18,4,3,1,Loyal,20110612,20111120
14985,United Kingdom,2,292.01,256,198,146.0,1,3,2,At Risk,20101216,20110525
14987,United Kingdom,2,326.4,128,16,163.2,4,3,2,Loyal,20101209,20111124
14988,United Kingdom,1,334.54,141,212,334.54,1,1,2,Lost,20110512,20110512
14995,United Kingdom,2,231.98,102,39,115.99,3,3,1,Loyal,20110304,20111101
14997,United Kingdom,3,546.2,1120,46,182.07,3,3,3,Loyal,20110614,20111024
14998,United Kingdom,2,414.87,258,170,207.44,2,3,2,At Risk,20110412,20110622
15000,United Kingdom,1,490.52,218,48,490.52,3,1,3,Need Attention,20111023,20111023
15002,United Kingdom,4,1641.76,862,116,410.44,2,4,4,Can't Lose Them,20101207,20110816
15004,United Kingdom,1,1220.38,622,147,1220.38,2,1,4,Lost,20110715,20110715
15005,United Kingdom,28,6293.67,4228,16,224.77,4,5,5,Champions,20101208,20111124
15006,United Kingdom,1,475.43,285,51,475.43,3,1,2,Need Attention,20111019,20111019
15007,United Kingdom,1,156.91,69,159,156.91,2,1,1,Lost,20110703,20110703
15009,United Kingdom,3,1259.43,639,12,419.81,5,3,4,Loyal,20111114,20111127
15010,United Kingdom,1,308.94,184,36,308.94,3,1,2,Need Attention,20111104,20111104
15012,United Kingdom,2,405.04,225,54,202.52,3,3,2,Loyal,20101201,20111017
15014,United Kingdom,2,257.67,149,43,128.84,3,3,2,Loyal,20110616,20111027
15016,United Kingdom,1,170.04,76,173,170.04,2,1,1,Lost,20110620,20110620
15017,United Kingdom,1,125.58,63,34,125.58,3,1,1,Need Attention,20111106,20111106
15018,United Kingdom,3,496.21,189,39,165.4,3,3,3,Loyal,20101207,20111101
15019,United Kingdom,1,252.81,150,267,252.81,1,1,2,Lost,20110318,20110318
15021,United Kingdom,9,1871.77,819,9,207.97,5,5,4,Champions,20101208,20111201
15022,United Kingdom,4,852.39,527,12,213.1,5,4,3,Champions,20111023,20111128
15023,United Kingdom,11,6701.51,2818,3,609.23,5,5,5,Champions,20101205,20111206
15024,United Kingdom,10,1636.43,902,10,163.64,5,5,4,Champions,20101207,20111130
15025,United Kingdom,1,361.96,184,33,361.96,3,1,2,Need Attention,20111106,20111106
15026,United Kingdom,3,464.2,225,80,154.73,2,3,2,At Risk,20110307,20110920
15027,United Kingdom,4,1066.15,565,31,266.54,4,4,4,Champions,20110415,20111109
15028,United Kingdom,4,627.13,459,8,156.78,5,4,3,Champions,20101206,20111201
15030,United Kingdom,2,518.28,372,72,259.14,2,3,3,At Risk,20110316,20110929
15031,United Kingdom,4,653.19,400,4,163.3,5,4,3,Champions,20110302,20111205
15032,United Kingdom,3,4959.1,2968,256,1653.03,1,3,5,At Risk,20101208,20110328
15033,United Kingdom,10,2553.88,1670,5,255.39,5,5,5,Champions,20110114,20111205
15034,United Kingdom,8,4274.16,2413,16,534.27,4,5,5,Champions,20101221,20111124
15035,United Kingdom,1,252.73,245,90,252.73,2,1,2,Lost,20110911,20110911
15036,United Kingdom,3,429.56,316,72,143.19,2,3,2,At Risk,20110613,20110928
15038,United Kingdom,6,685.74,212,59,114.29,3,5,3,Loyal,20101205,20111012
15039,United Kingdom,47,19766.59,9131,10,420.57,5,5,5,Champions,20101206,20111130
15041,United Kingdom,1,179.93,103,170,179.93,2,1,1,Lost,20110622,20110622
15042,United Kingdom,1,135.93,30,199,135.93,1,1,1,Lost,20110524,20110524
15043,United Kingdom,1,537.0,300,31,537.0,4,1,3,New / Promising,20111108,20111108
15044,United Kingdom,17,7634.73,2785,19,449.1,4,5,5,Champions,20101212,20111120
15045,United Kingdom,2,735.66,114,152,367.83,2,3,3,At Risk,20110327,20110711
15046,United Kingdom,15,5071.47,3371,9,338.1,5,5,5,Champions,20110105,20111130
15047,United Kingdom,1,343.62,222,270,343.62,1,1,2,Lost,20110315,20110315
15048,United Kingdom,4,381.0,192,65,95.25,3,4,2,Loyal,20101206,20111005
15049,United Kingdom,1,121.17,63,274,121.17,1,1,1,Lost,20110311,20110311
15050,United Kingdom,3,1737.69,1216,25,579.23,4,3,4,Loyal,20110929,20111114
15051,United Kingdom,3,1383.36,1010,23,461.12,4,3,4,Loyal,20110712,20111116
15052,United Kingdom,1,207.73,79,319,207.73,1,1,1,Lost,20110124,20110124
15053,United Kingdom,3,693.95,984,5,231.32,5,3,3,Loyal,20110303,20111205
15054,United Kingdom,2,302.1,198,12,151.05,5,3,2,Loyal,20111030,20111127
15057,United Kingdom,2,1489.5,668,275,744.75,1,3,4,At Risk,20110128,20110309
15058,United Kingdom,11,2102.54,1054,25,191.14,4,5,5,Champions,20110131,20111114
15059,United Kingdom,9,1337.72,604,41,148.64,3,5,4,Loyal,20110109,20111030
15060,United Kingdom,4,293.0,256,8,73.25,5,4,2,Champions,20111130,20111201
15061,United Kingdom,48,54534.14,28920,4,1136.13,5,5,5,Champions,20101202,20111206
15062,United Kingdom,4,987.86,763,71,246.96,3,4,4,Loyal,20101215,20110929
15063,United Kingdom,1,370.8,56,213,370.8,1,1,2,Lost,20110510,20110510
15065,United Kingdom,4,3158.13,1383,38,789.53,3,4,5,Loyal,20110221,20111102
15066,United Kingdom,1,893.59,317,53,893.59,3,1,3,Need Attention,20111017,20111017
15067,United Kingdom,3,1744.76,954,78,581.59,2,3,4,At Risk,20110302,20110922
15068,United Kingdom,2,553.36,364,46,276.68,3,3,3,Loyal,20110328,20111024
15069,United Kingdom,1,1109.53,520,179,1109.53,2,1,4,Lost,20110613,20110613
15070,United Kingdom,1,106.2,36,373,106.2,1,1,1,Lost,20101202,20101202
15071,United Kingdom,2,982.07,269,94,491.04,2,3,4,At Risk,20110309,20110907
15073,United Kingdom,3,1043.41,491,10,347.8,5,3,4,Loyal,20110606,20111130
15074,United Kingdom,1,735.67,431,105,735.67,2,1,3,Lost,20110826,20110826
15075,United Kingdom,1,773.03,447,78,773.03,2,1,3,Lost,20110923,20110923
15076,United Kingdom,1,880.85,571,173,880.85,2,1,3,Lost,20110620,20110620
15078,United Kingdom,32,9743.11,5105,7,304.47,5,5,5,Champions,20101206,20111202
15079,United Kingdom,4,895.61,389,213,223.9,1,4,3,Can't Lose Them,20101209,20110511
15081,United Kingdom,5,504.8,190,22,100.96,4,4,3,Champions,20101207,20111117
15083,United Kingdom,1,88.2,38,257,88.2,1,1,1,Lost,20110328,20110328
15087,United Kingdom,1,306.94,470,282,306.94,1,1,2,Lost,20110303,20110303
15088,United Kingdom,2,1160.07,460,21,580.04,4,3,4,Loyal,20111003,20111118
15089,United Kingdom,6,2420.84,1359,10,403.47,5,5,5,Champions,20110803,20111129
15090,United Kingdom,1,381.32,208,308,381.32,1,1,2,Lost,20110204,20110204
15091,United Kingdom,1,480.71,346,68,480.71,3,1,2,Need Attention,20111003,20111003
15092,United Kingdom,2,457.81,135,215,228.9,1,3,2,At Risk,20110301,20110508
15093,United Kingdom,6,4597.02,3760,18,766.17,4,5,5,Champions,20101202,20111121
15095,United Kingdom,4,1370.6,1079,104,342.65,2,4,4,Can't Lose Them,20110520,20110828
15096,United Kingdom,1,219.39,120,43,219.39,3,1,1,Need Attention,20111028,20111028
15097,United Kingdom,1,248.08,170,4,248.08,5,1,2,New / Promising,20111205,20111205
15098,United Kingdom,3,39916.5,121,182,13305.5,1,3,5,At Risk,20110610,20110610
15099,United Kingdom,1,410.48,343,84,410.48,2,1,2,Lost,20110916,20110916
15100,United Kingdom,3,876.0,80,334,292.0,1,3,3,At Risk,20101201,20110110
15101,United Kingdom,2,317.53,241,9,158.76,5,3,2,Loyal,20101215,20111201
15103,United Kingdom,2,703.36,329,31,351.68,4,3,3,Loyal,20110914,20111108
15104,United Kingdom,2,993.54,635,197,496.77,1,3,4,At Risk,20110302,20110527
15105,United Kingdom,7,2298.93,1211,18,328.42,4,5,5,Champions,20110728,20111121
15106,United Kingdom,5,1422.52,1181,18,284.5,4,4,4,Champions,20110315,20111122
15107,United Kingdom,6,319.5,169,311,53.25,1,5,2,Can't Lose Them,20101202,20110201
15108,European Community,3,1159.25,490,142,386.42,2,3,4,At Risk,20110426,20110721
15109,United Kingdom,1,484.95,131,246,484.95,1,1,3,Lost,20110408,20110408
15110,United Kingdom,4,996.1,246,24,249.02,4,4,4,Champions,20110125,20111116
15111,United Kingdom,3,1567.48,710,29,522.49,4,3,4,Loyal,20101202,20111110
15113,United Kingdom,3,3509.04,2343,10,1169.68,5,3,5,Loyal,20111016,20111130
15114,United Kingdom,10,2760.56,3096,30,276.06,4,5,5,Champions,20110211,20111109
15115,United Kingdom,1,340.11,157,18,340.11,4,1,2,New / Promising,20111121,20111121
15116,United Kingdom,4,1352.75,648,18,338.19,4,4,4,Champions,20110519,20111122
15117,United Kingdom,5,1551.78,1948,15,310.36,4,4,4,Champions,20110508,20111125
15118,United Kingdom,1,244.8,1440,134,244.8,2,1,1,Lost,20110728,20110728
15119,United Kingdom,1,266.4,88,246,266.4,1,1,2,Lost,20110408,20110408
15120,United Kingdom,1,358.82,296,134,358.82,2,1,2,Lost,20110729,20110729
15121,United Kingdom,2,457.72,199,50,228.86,3,3,2,Loyal,20110224,20111020
15122,United Kingdom,3,1633.78,800,114,544.59,2,3,4,At Risk,20110215,20110817
15123,United Kingdom,2,2199.31,1195,7,1099.66,5,3,5,Loyal,20110517,20111202
15124,United Kingdom,2,184.19,233,23,92.1,4,3,1,Loyal,20110601,20111117
15125,United Kingdom,15,11528.48,6193,25,768.57,4,5,5,Champions,20110314,20111114
15127,United Kingdom,1,406.53,251,66,406.53,3,1,2,Need Attention,20111005,20111005
15128,United Kingdom,4,1471.0,1343,60,367.75,3,4,4,Loyal,20110504,20111010
15129,United Kingdom,11,3447.4,1794,50,313.4,3,5,5,Loyal,20110221,20111020
15130,United Kingdom,1,330.11,197,170,330.11,2,1,2,Lost,20110623,20110623
15132,United Kingdom,5,977.93,679,18,195.59,4,4,4,Champions,20110322,20111121
15133,United Kingdom,3,982.42,680,128,327.47,2,3,4,At Risk,20110211,20110804
15134,United Kingdom,8,1387.99,887,15,173.5,4,5,4,Champions,20110413,20111125
15135,United Kingdom,1,139.05,43,239,139.05,1,1,1,Lost,20110414,20110414
15136,United Kingdom,4,1286.7,776,3,321.68,5,4,4,Champions,20110904,20111207
15139,United Kingdom,2,178.96,208,240,89.48,1,3,1,At Risk,20110107,20110414
15140,United Kingdom,7,2354.25,1572,52,336.32,3,5,5,Loyal,20110320,20111018
15142,United Kingdom,1,498.74,365,46,498.74,3,1,3,Need Attention,20111024,20111024
15143,United Kingdom,1,259.45,150,226,259.45,1,1,2,Lost,20110428,20110428
15144,United Kingdom,17,6580.44,3050,8,387.08,5,5,5,Champions,20110131,20111201
15145,United Kingdom,4,1194.73,756,4,298.68,5,4,4,Champions,20110405,20111205
15146,United Kingdom,2,1327.16,1473,165,663.58,2,3,4,At Risk,20110221,20110628
15147,United Kingdom,1,623.5,366,240,623.5,1,1,3,Lost,20110413,20110413
15148,United Kingdom,1,301.29,187,11,301.29,5,1,2,New / Promising,20111129,20111129
15149,United Kingdom,1,520.8,128,134,520.8,2,1,3,Lost,20110729,20110729
15150,United Kingdom,10,5291.33,3642,17,529.13,4,5,5,Champions,20110315,20111122
15152,United Kingdom,13,4745.69,2704,10,365.05,5,5,5,Champions,20110605,20111130
15153,United Kingdom,1,329.25,198,31,329.25,4,1,2,New / Promising,20111108,20111108
15154,United Kingdom,1,254.28,89,75,254.28,2,1,2,Lost,20110925,20110925
15156,United Kingdom,3,961.49,597,1,320.5,5,3,4,Loyal,20111106,20111208
15157,United Kingdom,3,1936.07,2392,4,645.36,5,3,4,Loyal,20101216,20111206
15158,United Kingdom,1,401.4,198,45,401.4,3,1,2,Need Attention,20111025,20111025
15159,United Kingdom,30,18641.01,11441,2,621.37,5,5,5,Champions,20101213,20111208
15160,United Kingdom,1,158.16,84,357,158.16,1,1,1,Lost,20101217,20101217
15163,United Kingdom,2,304.47,186,18,152.24,4,3,2,Loyal,20110531,20111121
15164,United Kingdom,3,824.58,351,69,274.86,3,3,3,Loyal,20110104,20111002
15165,United Kingdom,1,487.75,160,373,487.75,1,1,3,Lost,20101201,20101201
15167,United Kingdom,1,158.8,65,321,158.8,1,1,1,Lost,20110123,20110123
15168,United Kingdom,1,106.56,52,26,106.56,4,1,1,New / Promising,20111114,20111114
15171,United Kingdom,1,1289.5,290,331,1289.5,1,1,4,Lost,20110112,20110112
15172,United Kingdom,5,1624.05,1611,9,324.81,5,4,4,Champions,20110417,20111201
15174,United Kingdom,1,135.75,145,323,135.75,1,1,1,Lost,20110121,20110121
15175,United Kingdom,1,224.14,454,72,224.14,2,1,1,Lost,20110929,20110929
15178,United Kingdom,1,40.5,30,260,40.5,1,1,1,Lost,20110324,20110324
15179,United Kingdom,5,2206.95,1938,18,441.39,4,4,5,Champions,20110124,20111121
15180,United Kingdom,1,87.5,36,367,87.5,1,1,1,Lost,20101207,20101207
15181,United Kingdom,3,689.48,544,66,229.83,3,3,3,Loyal,20110315,20111004
15182,United Kingdom,2,622.85,253,154,311.42,2,3,3,At Risk,20110316,20110708
15184,United Kingdom,2,402.2,199,29,201.1,4,3,2,Loyal,20110602,20111110
15185,United Kingdom,1,310.62,666,70,310.62,3,1,2,Need Attention,20110930,20110930
15186,United Kingdom,2,411.41,215,14,205.7,4,3,2,Loyal,20110624,20111125
15187,United Kingdom,15,4762.18,1886,2,317.48,5,5,5,Champions,20110511,20111208
15189,United Kingdom,41,16225.39,6149,1,395.74,5,5,5,Champions,20110111,20111208
15192,United Kingdom,3,1044.32,918,120,348.11,2,3,4,At Risk,20101209,20110812
15193,United Kingdom,1,499.32,144,61,499.32,3,1,3,Need Attention,20111010,20111010
15194,United Kingdom,15,7616.53,5703,3,507.77,5,5,5,Champions,20101206,20111206
15195,United Kingdom,1,3861.0,1404,3,3861.0,5,1,5,New / Promising,20111207,20111207
15197,United Kingdom,3,1079.61,469,11,359.87,5,3,4,Loyal,20101216,20111129
15198,United Kingdom,2,193.64,120,92,96.82,2,3,1,At Risk,20110807,20110908
15199,United Kingdom,4,1268.7,396,59,317.18,3,4,4,Loyal,20110204,20111011
15201,United Kingdom,5,1236.54,1210,87,247.31,2,4,4,Can't Lose Them,20110406,20110913
15203,United Kingdom,6,1827.8,1753,26,304.63,4,5,4,Champions,20110201,20111114
15204,United Kingdom,1,316.58,258,357,316.58,1,1,2,Lost,20101217,20101217
15205,United Kingdom,2,653.24,378,85,326.62,2,3,3,At Risk,20110804,20110915
15206,United Kingdom,4,420.3,162,10,105.08,5,4,2,Champions,20110309,20111129
15208,United Kingdom,5,870.12,316,1,174.02,5,4,3,Champions,20101221,20111208
15210,United Kingdom,1,331.18,228,225,331.18,1,1,2,Lost,20110428,20110428
15211,United Kingdom,2,894.41,240,60,447.2,3,3,3,Loyal,20101209,20111010
15212,United Kingdom,1,101.8,36,241,101.8,1,1,1,Lost,20110412,20110412
15213,United Kingdom,2,328.35,272,319,164.18,1,3,2,At Risk,20110114,20110125
15214,United Kingdom,8,1661.44,1254,2,207.68,5,5,4,Champions,20110411,20111208
15215,United Kingdom,3,734.94,225,47,244.98,3,3,3,Loyal,20110904,20111024
15216,United Kingdom,1,96.6,28,88,96.6,2,1,1,Lost,20110913,20110913
15218,United Kingdom,11,5756.89,3329,11,523.35,5,5,5,Champions,20110125,20111129
15219,United Kingdom,1,305.75,45,176,305.75,2,1,2,Lost,20110616,20110616
15220,United Kingdom,6,1778.96,1393,52,296.49,3,5,4,Loyal,20110304,20111019
15221,United Kingdom,1,403.25,43,366,403.25,1,1,2,Lost,20101208,20101208
15222,United Kingdom,1,585.0,440,319,585.0,1,1,3,Lost,20110125,20110125
15223,United Kingdom,2,755.75,213,226,377.88,1,3,3,At Risk,20110404,20110428
15224,United Kingdom,2,322.08,152,358,161.04,1,3,2,At Risk,20101212,20101216
15225,United Kingdom,1,409.4,226,234,409.4,1,1,2,Lost,20110419,20110419
15226,United Kingdom,1,154.41,71,311,154.41,1,1,1,Lost,20110202,20110202
15227,United Kingdom,5,1219.4,750,37,243.88,3,4,4,Loyal,20110126,20111103
15228,United Kingdom,4,3386.71,2255,66,846.68,3,4,5,Loyal,20110218,20111004
15230,United Kingdom,2,429.6,351,239,214.8,1,3,2,At Risk,20110413,20110414
15232,United Kingdom,2,612.06,686,113,306.03,2,3,3,At Risk,20110722,20110818
15234,United Kingdom,1,197.0,196,277,197.0,1,1,1,Lost,20110308,20110308
15235,United Kingdom,12,2247.51,1324,218,187.29,1,5,5,Can't Lose Them,20101201,20110506
15236,United Kingdom,1,321.05,269,299,321.05,1,1,2,Lost,20110214,20110214
15237,United Kingdom,4,1412.32,1071,2,353.08,5,4,4,Champions,20110426,20111208
15238,United Kingdom,3,1071.99,692,29,357.33,4,3,4,Loyal,20110608,20111110
15239,United Kingdom,2,780.59,594,10,390.3,5,3,3,Loyal,20110922,20111129
15240,United Kingdom,5,1706.57,1369,45,341.31,3,4,4,Loyal,20110201,20111026
15241,United Kingdom,8,1756.44,1818,67,219.56,3,5,4,Loyal,20110301,20111004
15243,United Kingdom,1,316.68,185,74,316.68,2,1,2,Lost,20110926,20110926
15244,United Kingdom,2,631.57,405,65,315.79,3,3,3,Loyal,20110405,20111005
15245,United Kingdom,3,2515.84,1784,134,838.61,2,3,5,At Risk,20110323,20110728
15246,United Kingdom,2,514.15,247,238,257.08,1,3,3,At Risk,20101216,20110415
15247,United Kingdom,1,356.0,160,122,356.0,2,1,2,Lost,20110809,20110809
15249,United Kingdom,13,6688.46,3577,32,514.5,4,5,5,Champions,20110328,20111108
15251,United Kingdom,11,10484.99,6171,9,953.18,5,5,5,Champions,20110412,20111130
15252,United Kingdom,2,740.78,522,36,370.39,3,3,3,Loyal,20110609,20111103
15253,United Kingdom,5,918.2,866,16,183.64,4,4,3,Champions,20110623,20111123
15254,United Kingdom,1,300.36,275,127,300.36,2,1,2,Lost,20110804,20110804
15255,United Kingdom,1,890.85,489,67,890.85,3,1,3,Need Attention,20111004,20111004
15256,United Kingdom,1,98.45,55,149,98.45,2,1,1,Lost,20110714,20110714
15257,United Kingdom,1,317.15,46,283,317.15,1,1,2,Lost,20110301,20110301
15258,United Kingdom,2,623.16,142,169,311.58,2,3,3,At Risk,20110506,20110624
15260,United Kingdom,7,1810.77,885,100,258.68,2,5,4,Can't Lose Them,20101202,20110831
15261,United Kingdom,1,254.82,270,135,254.82,2,1,2,Lost,20110727,20110727
15262,United Kingdom,1,178.95,73,324,178.95,1,1,1,Lost,20110120,20110120
15263,United Kingdom,1,156.51,89,107,156.51,2,1,1,Lost,20110825,20110825
15264,United Kingdom,1,393.74,265,64,393.74,3,1,2,Need Attention,20111006,20111006
15265,United Kingdom,2,1506.12,612,151,753.06,2,3,4,At Risk,20110418,20110711
15266,United Kingdom,1,119.3,18,338,119.3,1,1,1,Lost,20110105,20110105
15267,United Kingdom,5,1717.36,944,22,343.47,4,4,4,Champions,20110610,20111117
15269,United Kingdom,1,408.8,26,24,408.8,4,1,2,New / Promising,20111116,20111116
15270,United Kingdom,7,2379.49,1521,16,339.93,4,5,5,Champions,20110202,20111124
15271,United Kingdom,15,2493.34,1251,7,166.22,5,5,5,Champions,20101209,20111202
15272,United Kingdom,2,721.94,310,57,360.97,3,3,3,Loyal,20110914,20111013
15274,United Kingdom,2,716.57,619,4,358.28,5,3,3,Loyal,20111121,20111205
15275,United Kingdom,1,615.14,498,38,615.14,3,1,3,Need Attention,20111102,20111102
15276,United Kingdom,1,128.63,61,66,128.63,3,1,1,Need Attention,20111004,20111004
15277,United Kingdom,1,255.9,205,47,255.9,3,1,2,Need Attention,20111024,20111024
15279,United Kingdom,1,290.51,189,355,290.51,1,1,2,Lost,20101220,20101220
15280,United Kingdom,1,113.12,154,172,113.12,2,1,1,Lost,20110620,20110620
15281,United Kingdom,9,2332.15,1211,59,259.13,3,5,5,Loyal,20110110,20111012
15286,United Kingdom,1,240.55,55,50,240.55,3,1,1,Need Attention,20111021,20111021
15287,United Kingdom,2,486.69,433,22,243.34,4,3,3,Loyal,20110930,20111117
15288,United Kingdom,5,2306.52,775,43,461.3,3,4,5,Loyal,20101209,20111027
15289,United Kingdom,3,939.78,1008,29,313.26,4,3,4,Loyal,20110404,20111110
15290,United Kingdom,18,7943.22,4501,5,441.29,5,5,5,Champions,20101215,20111205
15291,United Kingdom,14,4623.3,2102,26,330.24,4,5,5,Champions,20101201,20111114
15292,United Kingdom,1,178.39,55,201,178.39,1,1,1,Lost,20110522,20110522
15296,United Kingdom,6,3672.86,1766,51,612.14,3,5,5,Loyal,20110117,20111020
15297,United Kingdom,3,641.94,292,10,213.98,5,3,3,Loyal,20111007,20111129
15298,United Kingdom,12,4799.9,3116,2,399.99,5,5,5,Champions,20101208,20111207
15299,United Kingdom,6,3907.01,2947,67,651.17,3,5,5,Loyal,20101202,20111003
15300,United Kingdom,1,496.44,292,64,496.44,3,1,3,Need Attention,20111006,20111006
15301,United Kingdom,12,5049.95,2751,51,420.83,3,5,5,Loyal,20101206,20111020
15303,United Kingdom,1,574.02,248,290,574.02,1,1,3,Lost,20110222,20110222
15304,United Kingdom,8,694.4,104,61,86.8,3,5,3,Loyal,20101206,20111010
15306,United Kingdom,3,1174.35,810,64,391.45,3,3,4,Loyal,20110714,20111006
15307,United Kingdom,1,205.3,37,96,205.3,2,1,1,Lost,20110905,20110905
15308,United Kingdom,1,310.47,175,274,310.47,1,1,2,Lost,20110310,20110310
15311,United Kingdom,91,60632.75,38147,1,666.29,5,5,5,Champions,20101201,20111209
15312,United Kingdom,4,924.85,516,75,231.21,2,4,4,Can't Lose Them,20101220,20110925
15313,United Kingdom,1,52.0,25,110,52.0,2,1,1,Lost,20110821,20110821
15314,United Kingdom,1,327.97,313,199,327.97,1,1,2,Lost,20110524,20110524
15315,United Kingdom,2,570.5,862,64,285.25,3,3,3,Loyal,20110815,20111006
15316,United Kingdom,1,165.0,100,327,165.0,1,1,1,Lost,20110117,20110117
15318,United Kingdom,1,312.62,642,4,312.62,5,1,2,New / Promising,20111206,20111206
15319,United Kingdom,1,204.5,175,284,204.5,1,1,1,Lost,20110301,20110301
15320,United Kingdom,1,267.13,326,44,267.13,3,1,2,Need Attention,20111026,20111026
15321,United Kingdom,3,2748.31,1181,71,916.1,3,3,5,Loyal,20110221,20110930
15322,United Kingdom,1,679.68,416,86,679.68,2,1,3,Lost,20110915,20110915
15325,United Kingdom,1,161.74,231,104,161.74,2,1,1,Lost,20110828,20110828
15326,United Kingdom,1,311.71,386,334,311.71,1,1,2,Lost,20110110,20110110
15327,United Kingdom,1,208.75,116,53,208.75,3,1,1,Need Attention,20111018,20111018
15329,United Kingdom,3,1049.7,486,39,349.9,3,3,4,Loyal,20110621,20111031
15330,United Kingdom,2,714.96,1312,32,357.48,4,3,3,Loyal,20111010,20111107
15332,Lithuania,4,1661.06,652,366,415.26,1,4,4,Can't Lose Them,20101205,20101208
15333,United Kingdom,1,1028.56,344,208,1028.56,1,1,4,Lost,20110515,20110515
15334,United Kingdom,3,347.87,272,157,115.96,2,3,2,At Risk,20110619,20110706
15335,United Kingdom,1,170.22,79,54,170.22,3,1,1,Need Attention,20111017,20111017
15339,United Kingdom,2,574.07,416,66,287.04,3,3,3,Loyal,20110125,20111004
15341,United Kingdom,1,2020.52,812,81,2020.52,2,1,4,Lost,20110920,20110920
15342,United Kingdom,1,406.09,283,130,406.09,2,1,2,Lost,20110802,20110802
15343,United Kingdom,1,364.5,84,87,364.5,2,1,2,Lost,20110913,20110913
15344,United Kingdom,3,563.94,116,1,187.98,5,3,3,Loyal,20110926,20111209
15345,United Kingdom,1,393.54,81,46,393.54,3,1,2,Need Attention,20111025,20111025
15346,United Kingdom,1,252.42,144,333,252.42,1,1,2,Lost,20110111,20110111
15347,United Kingdom,1,201.6,130,366,201.6,1,1,1,Lost,20101208,20101208
15348,United Kingdom,1,158.04,84,72,158.04,2,1,1,Lost,20110928,20110928
15349,United Kingdom,2,463.91,321,158,231.96,2,3,2,At Risk,20110605,20110704
15350,United Kingdom,1,115.65,51,373,115.65,1,1,1,Lost,20101201,20101201
15351,United Kingdom,7,1934.66,742,12,276.38,5,5,4,Champions,20101205,20111127
15353,United Kingdom,2,770.12,341,255,385.06,1,3,3,At Risk,20101207,20110330
15355,United Kingdom,2,277.05,45,29,138.52,4,3,2,Loyal,20111017,20111110
15356,United Kingdom,10,2718.03,1643,31,271.8,4,5,5,Champions,20101206,20111108
15358,United Kingdom,22,8347.2,7050,5,379.42,5,5,5,Champions,20101209,20111205
15360,United Kingdom,1,427.93,223,40,427.93,3,1,2,Need Attention,20111031,20111031
15361,United Kingdom,1,418.92,336,362,418.92,1,1,2,Lost,20101213,20101213
15363,United Kingdom,1,326.0,144,373,326.0,1,1,2,Lost,20101202,20101202
15364,United Kingdom,2,913.19,493,96,456.6,2,3,3,At Risk,20110330,20110905
15365,United Kingdom,7,2314.32,1084,26,330.62,4,5,5,Champions,20110128,20111114
15366,United Kingdom,2,602.51,621,75,301.26,2,3,3,At Risk,20101216,20110925
15367,United Kingdom,4,1877.59,1057,57,469.4,3,4,4,Loyal,20110309,20111013
15368,United Kingdom,1,446.94,230,21,446.94,4,1,2,New / Promising,20111118,20111118
15370,United Kingdom,7,2386.05,830,41,340.86,3,5,5,Loyal,20110111,20111030
15372,United Kingdom,1,2007.4,2924,137,2007.4,2,1,4,Lost,20110725,20110725
15373,United Kingdom,12,2415.91,500,8,201.33,5,5,5,Champions,20101203,20111201
15374,United Kingdom,1,168.0,126,129,168.0,2,1,1,Lost,20110803,20110803
15376,United Kingdom,3,1221.56,615,40,407.19,3,3,4,Loyal,20110501,20111030
15379,United Kingdom,7,3703.29,2305,169,529.04,2,5,5,Can't Lose Them,20101216,20110623
15380,United Kingdom,5,1690.26,376,9,338.05,5,4,4,Champions,20101209,20111201
15381,United Kingdom,2,596.85,171,214,298.42,1,3,3,At Risk,20110316,20110510
15382,United Kingdom,6,5955.71,4012,15,992.62,4,5,5,Champions,20110217,20111125
15384,United Kingdom,2,642.41,596,170,321.2,2,3,3,At Risk,20101215,20110623
15385,United Kingdom,1,316.88,161,40,316.88,3,1,2,Need Attention,20111030,20111030
15386,United Kingdom,1,394.14,446,186,394.14,1,1,2,Lost,20110606,20110606
15388,Canada,1,140.54,88,270,140.54,1,1,1,Lost,20110314,20110314
15389,United Kingdom,1,500.0,400,172,500.0,2,1,3,Lost,20110620,20110620
15392,United Kingdom,4,1535.53,1277,5,383.88,5,4,4,Champions,20101214,20111205
15393,United Kingdom,2,231.86,150,16,115.93,4,3,1,Loyal,20110303,20111123
15394,United Kingdom,4,2183.54,910,10,545.88,5,4,5,Champions,20101216,20111130
15395,United Kingdom,1,107.45,17,326,107.45,1,1,1,Lost,20110118,20110118
15396,United Kingdom,1,288.18,122,113,288.18,2,1,2,Lost,20110819,20110819
15397,United Kingdom,1,94.0,20,290,94.0,1,1,1,Lost,20110223,20110223
15398,United Kingdom,2,1345.53,769,16,672.76,4,3,4,Loyal,20110922,20111123
15399,United Kingdom,3,815.77,611,1,271.92,5,3,3,Loyal,20110921,20111208
15400,United Kingdom,5,716.2,390,92,143.24,2,4,3,Can't Lose Them,20110306,20110908
15402,United Kingdom,2,626.35,693,149,313.18,2,3,3,At Risk,20110527,20110714
15405,United Kingdom,1,349.1,193,189,349.1,1,1,2,Lost,20110603,20110603
15406,United Kingdom,2,510.71,254,31,255.36,4,3,3,Loyal,20110211,20111108
15407,United Kingdom,4,1046.74,552,34,261.68,3,4,4,Loyal,20110207,20111106
15408,United Kingdom,1,267.18,106,264,267.18,1,1,2,Lost,20110320,20110320
15410,United Kingdom,8,3450.84,1200,84,431.36,2,5,5,Can't Lose Them,20110323,20110916
15411,United Kingdom,4,1348.93,529,26,337.23,4,4,4,Champions,20110610,20111113
15412,United Kingdom,1,190.53,108,171,190.53,2,1,1,Lost,20110621,20110621
15414,United Kingdom,3,774.9,443,10,258.3,5,3,3,Loyal,20110411,20111130
15415,United Kingdom,1,559.61,551,313,559.61,1,1,3,Lost,20110130,20110130
15416,United Kingdom,4,3984.32,2090,65,996.08,3,4,5,Loyal,20110302,20111006
15417,United Kingdom,1,508.8,284,85,508.8,2,1,3,Lost,20110915,20110915
15419,United Kingdom,1,135.86,230,25,135.86,4,1,1,New / Promising,20111115,20111115
15421,United Kingdom,4,950.36,500,59,237.59,3,4,4,Loyal,20110202,20111012
15422,United Kingdom,2,97.7,38,323,48.85,1,3,1,At Risk,20110120,20110120
15423,United Kingdom,1,43.5,101,38,43.5,3,1,1,Need Attention,20111101,20111101
15424,United Kingdom,2,383.34,554,254,191.67,1,3,2,At Risk,20110330,20110330
15426,United Kingdom,5,1404.07,656,19,280.81,4,4,4,Champions,20101205,20111120
15427,United Kingdom,3,1430.54,967,33,476.85,3,3,4,Loyal,20111023,20111106
15428,United Kingdom,1,93.78,102,15,93.78,4,1,1,New / Promising,20111124,20111124
15429,United Kingdom,2,397.35,380,27,198.68,4,3,2,Loyal,20110925,20111113
15432,United Kingdom,1,171.19,65,23,171.19,4,1,1,New / Promising,20111116,20111116
15433,United Kingdom,2,533.3,534,214,266.65,1,3,3,At Risk,20110317,20110510
15434,United Kingdom,5,1041.48,647,8,208.3,5,4,4,Champions,20110523,20111201
15435,United Kingdom,1,149.29,54,22,149.29,4,1,1,New / Promising,20111117,20111117
15436,United Kingdom,3,1067.75,574,12,355.92,5,3,4,Loyal,20110419,20111127
15437,United Kingdom,1,200.16,79,262,200.16,1,1,1,Lost,20110322,20110322
15438,United Kingdom,1,156.58,59,131,156.58,2,1,1,Lost,20110731,20110731
15440,United Kingdom,3,383.68,197,55,127.89,3,3,2,Loyal,20110515,20111016
15442,United Kingdom,1,594.0,120,249,594.0,1,1,3,Lost,20110405,20110405
15443,United Kingdom,7,3213.59,1639,2,459.08,5,5,5,Champions,20110123,20111208
15444,United Kingdom,2,1411.21,759,9,705.6,5,3,4,Loyal,20111030,20111130
15445,United Kingdom,1,113.5,58,264,113.5,1,1,1,Lost,20110320,20110320
15447,United Kingdom,1,155.17,85,331,155.17,1,1,1,Lost,20110113,20110113
15448,United Kingdom,1,494.64,232,313,494.64,1,1,3,Lost,20110131,20110131
15449,United Kingdom,3,974.52,812,26,324.84,4,3,4,Loyal,20110323,20111113
15450,United Kingdom,1,429.84,376,30,429.84,4,1,2,New / Promising,20111109,20111109
15452,United Kingdom,3,528.48,280,30,176.16,4,3,3,Loyal,20110320,20111110
15453,United Kingdom,7,1371.77,837,2,195.97,5,5,4,Champions,20110605,20111208
15454,United Kingdom,1,179.1,86,362,179.1,1,1,1,Lost,20101212,20101212
15456,United Kingdom,3,434.59,633,283,144.86,1,3,2,At Risk,20101215,20110301
15457,United Kingdom,1,237.07,132,262,237.07,1,1,1,Lost,20110322,20110322
15458,United Kingdom,1,161.64,156,25,161.64,4,1,1,New / Promising,20111114,20111114
15460,United Kingdom,1,214.26,107,354,214.26,1,1,1,Lost,20101220,20101220
15462,United Kingdom,3,234.6,172,94,78.2,2,3,1,At Risk,20110605,20110906
15463,United Kingdom,1,126.14,106,29,126.14,4,1,1,New / Promising,20111110,20111110
15464,United Kingdom,1,1044.65,348,338,1044.65,1,1,4,Lost,20110105,20110105
15465,United Kingdom,18,7354.62,1257,20,408.59,4,5,5,Champions,20101205,20111120
15466,United Kingdom,1,334.53,246,85,334.53,2,1,2,Lost,20110915,20110915
15467,United Kingdom,3,524.88,310,9,174.96,5,3,3,Loyal,20110710,20111130
15468,United Kingdom,2,467.51,155,51,233.76,3,3,2,Loyal,20111019,20111019
15469,United Kingdom,2,538.55,153,50,269.27,3,3,3,Loyal,20110811,20111020
15471,United Kingdom,1,454.48,256,2,454.48,5,1,2,New / Promising,20111207,20111207
15472,United Kingdom,1,371.56,251,113,371.56,2,1,2,Lost,20110818,20110818
15473,United Kingdom,7,1771.2,672,14,253.03,4,5,4,Champions,20111010,20111125
15475,United Kingdom,1,454.11,319,77,454.11,2,1,2,Lost,20110923,20110923
15478,United Kingdom,2,1399.92,575,40,699.96,3,3,4,Loyal,20111014,20111030
15480,Malta,1,905.5,303,116,905.5,2,1,3,Lost,20110815,20110815
15482,United Kingdom,11,10839.76,5003,16,985.43,4,5,5,Champions,20101216,20111124
15483,United Kingdom,4,225.26,291,161,56.32,2,4,1,Can't Lose Them,20110318,20110701
15484,United Kingdom,4,3590.41,3150,1,897.6,5,4,5,Champions,20110922,20111208
15485,United Kingdom,3,2564.5,1281,30,854.83,4,3,5,Loyal,20101201,20111109
15488,United Kingdom,1,91.32,73,93,91.32,2,1,1,Lost,20110908,20110908
15489,United Kingdom,3,1134.28,608,23,378.09,4,3,4,Loyal,20110512,20111117
15491,United Kingdom,6,3100.09,1646,95,516.68,2,5,5,Can't Lose Them,20110418,20110905
15492,United Kingdom,2,659.46,483,28,329.73,4,3,3,Loyal,20110926,20111111
15493,United Kingdom,5,1953.41,551,33,390.68,3,4,4,Loyal,20110314,20111107
15494,United Kingdom,2,1280.58,1139,21,640.29,4,3,4,Loyal,20110810,20111118
15497,United Kingdom,2,1262.2,624,18,631.1,4,3,4,Loyal,20110124,20111122
15498,United Kingdom,27,13316.4,6105,3,493.2,5,5,5,Champions,20101208,20111207
15500,United Kingdom,4,1131.56,572,8,282.89,5,4,4,Champions,20110919,20111201
15502,United Kingdom,10,6923.98,4232,16,692.4,4,5,5,Champions,20101205,20111124
15503,United Kingdom,1,141.04,70,363,141.04,1,1,1,Lost,20101212,20101212
15504,United Kingdom,1,52.83,33,81,52.83,2,1,1,Lost,20110919,20110919
15505,United Kingdom,5,3610.96,2390,53,722.19,3,4,5,Loyal,20110707,20111018
15506,United Kingdom,3,972.08,842,23,324.03,4,3,4,Loyal,20110724,20111117
15507,United Kingdom,1,475.86,160,172,475.86,2,1,2,Lost,20110621,20110621
15508,United Kingdom,6,1000.27,440,189,166.71,1,5,4,Can't Lose Them,20110418,20110603
15510,United Kingdom,1,250.0,2,331,250.0,1,1,2,Lost,20110113,20110113
15511,United Kingdom,5,900.53,269,12,180.11,5,4,3,Champions,20110915,20111128
15512,United Kingdom,2,121.0,68,156,60.5,2,3,1,At Risk,20101215,20110707
15513,United Kingdom,19,14758.22,5709,33,776.75,3,5,5,Loyal,20101201,20111106
15514,United Kingdom,11,4023.72,2098,12,365.79,5,5,5,Champions,20101210,20111127
15516,United Kingdom,3,62.43,27,45,20.81,3,3,1,Loyal,20111024,20111026
15517,United Kingdom,1,267.03,293,233,267.03,1,1,2,Lost,20110420,20110420
15518,United Kingdom,8,1921.55,1263,64,240.19,3,5,4,Loyal,20110111,20111006
15520,United Kingdom,1,343.5,314,2,343.5,5,1,2,New / Promising,20111208,20111208
15521,United Kingdom,8,3000.2,1836,40,375.02,3,5,5,Loyal,20110330,20111030
15522,United Kingdom,2,397.99,572,33,199.0,3,3,2,Loyal,20110913,20111107
15523,United Kingdom,1,412.01,132,84,412.01,2,1,2,Lost,20110916,20110916
15524,United Kingdom,1,440.0,4,25,440.0,4,1,2,New / Promising,20111115,20111115
15525,United Kingdom,3,731.87,385,2,243.96,5,3,3,Loyal,20101201,20111207
15526,United Kingdom,2,148.44,24,33,74.22,3,3,1,Loyal,20111106,20111106
15527,United Kingdom,8,2428.53,991,19,303.57,4,5,5,Champions,20101220,20111121
15528,United Kingdom,1,229.33,123,254,229.33,1,1,1,Lost,20110330,20110330
15529,United Kingdom,11,3960.05,3454,23,360.0,4,5,5,Champions,20101208,20111117
15530,United Kingdom,4,1497.31,938,22,374.33,4,4,4,Champions,20110407,20111118
15531,United Kingdom,2,1972.39,1085,8,986.2,5,3,4,Loyal,20111109,20111201
15532,United Kingdom,4,1554.83,513,25,388.71,4,4,4,Champions,20101216,20111114
15533,United Kingdom,3,807.57,289,19,269.19,4,3,3,Loyal,20110911,20111120
15535,United Kingdom,4,502.9,135,173,125.72,2,4,3,Can't Lose Them,20110116,20110619
15537,United Kingdom,1,110.92,29,163,110.92,2,1,1,Lost,20110629,20110629
15539,United Kingdom,1,538.46,410,7,538.46,5,1,3,New / Promising,20111202,20111202
15540,United Kingdom,1,213.3,200,11,213.3,5,1,1,New / Promising,20111128,20111128
15541,United Kingdom,1,85.13,49,114,85.13,2,1,1,Lost,20110817,20110817
15543,United Kingdom,1,127.86,86,288,127.86,1,1,1,Lost,20110224,20110224
15544,United Kingdom,9,3546.71,3109,9,394.08,5,5,5,Champions,20101202,20111130
15545,United Kingdom,2,288.97,162,54,144.49,3,3,2,Loyal,20101203,20111016
15547,United Kingdom,14,4910.6,3999,7,350.76,5,5,5,Champions,20101212,20111202
15549,United Kingdom,3,1677.71,691,77,559.24,2,3,4,At Risk,20110127,20110923
15550,United Kingdom,4,575.63,295,4,143.91,5,4,3,Champions,20110211,20111205
15551,United Kingdom,1,436.06,218,37,436.06,3,1,2,Need Attention,20111103,20111103
15552,United Kingdom,1,90.12,60,217,90.12,1,1,1,Lost,20110506,20110506
15553,United Kingdom,1,428.93,449,60,428.93,3,1,2,Need Attention,20111010,20111010
15554,United Kingdom,1,217.2,74,278,217.2,1,1,1,Lost,20110307,20110307
15555,United Kingdom,16,4791.87,4397,12,299.49,5,5,5,Champions,20101205,20111127
15556,United Kingdom,1,279.77,236,24,279.77,4,1,2,New / Promising,20111115,20111115
15557,United Kingdom,1,468.91,213,29,468.91,4,1,2,New / Promising,20111111,20111111
15561,United Kingdom,4,800.59,267,12,200.15,5,4,3,Champions,20110508,20111128
15562,United Kingdom,1,134.55,39,352,134.55,1,1,1,Lost,20101223,20101223
15563,United Kingdom,3,1361.44,1441,22,453.81,4,3,4,Loyal,20101216,20111117
15565,United Kingdom,2,173.16,60,50,86.58,3,3,1,Loyal,20110930,20111020
15567,United Kingdom,1,186.01,223,19,186.01,4,1,1,New / Promising,20111121,20111121
15568,United Kingdom,3,758.29,461,3,252.76,5,3,3,Loyal,20110927,20111207
15569,United Kingdom,5,1375.71,666,104,275.14,2,4,4,Can't Lose Them,20110111,20110828
15570,United Kingdom,12,4148.82,2063,7,345.73,5,5,5,Champions,20101205,20111202
15571,United Kingdom,4,650.43,264,12,162.61,5,4,3,Champions,20110922,20111128
15572,United Kingdom,7,2533.42,1213,5,361.92,5,5,5,Champions,20110306,20111205
15573,United Kingdom,2,583.24,354,32,291.62,4,3,3,Loyal,20110915,20111108
15574,United Kingdom,4,675.64,332,178,168.91,2,4,3,Can't Lose Them,20101202,20110615
15576,United Kingdom,1,921.37,394,38,921.37,3,1,3,Need Attention,20111102,20111102
15577,United Kingdom,3,258.88,89,151,86.29,2,3,2,At Risk,20110207,20110711
15578,United Kingdom,1,127.1,52,162,127.1,2,1,1,Lost,20110630,20110630
15579,United Kingdom,2,327.6,117,69,163.8,3,3,2,Loyal,20110130,20111002
15581,United Kingdom,10,717.43,280,156,71.74,2,5,3,Can't Lose Them,20101208,20110706
15582,United Kingdom,3,682.91,453,25,227.64,4,3,3,Loyal,20110503,20111115
15584,United Kingdom,4,720.86,313,24,180.22,4,4,3,Champions,20110630,20111116
15585,United Kingdom,1,455.3,320,177,455.3,2,1,2,Lost,20110616,20110616
15587,United Kingdom,4,913.68,312,50,228.42,3,4,3,Loyal,20101223,20111020
15589,United Kingdom,3,478.53,243,256,159.51,1,3,2,At Risk,20110202,20110329
15592,United Kingdom,1,388.58,354,47,388.58,3,1,2,Need Attention,20111024,20111024
15593,United Kingdom,1,199.8,60,71,199.8,3,1,1,Need Attention,20110930,20110930
15594,United Kingdom,5,1771.78,983,16,354.36,4,4,4,Champions,20110419,20111124
15596,United Kingdom,5,1406.59,561,101,281.32,2,4,4,Can't Lose Them,20101209,20110831
15597,United Kingdom,1,324.57,279,35,324.57,3,1,2,Need Attention,20111104,20111104
15598,United Kingdom,1,240.68,160,53,240.68,3,1,1,Need Attention,20111017,20111017
15599,United Kingdom,2,761.74,718,27,380.87,4,3,3,Loyal,20110519,20111113
15601,United Kingdom,14,6776.56,4983,11,484.04,5,5,5,Champions,20101202,20111128
15602,United Kingdom,9,1297.87,1137,8,144.21,5,5,4,Champions,20101206,20111201
15603,United Kingdom,1,48.48,96,79,48.48,2,1,1,Lost,20110922,20110922
15604,United Kingdom,1,216.39,159,52,216.39,3,1,1,Need Attention,20111018,20111018
15605,United Kingdom,5,1198.23,441,36,239.65,3,4,4,Loyal,20101201,20111103
15606,United Kingdom,9,2920.16,892,61,324.46,3,5,5,Loyal,20110119,20111009
15607,United Kingdom,1,104.76,202,337,104.76,1,1,1,Lost,20110107,20110107
15608,United Kingdom,4,1093.68,714,28,273.42,4,4,4,Champions,20110811,20111111
15609,United Kingdom,1,298.48,148,184,298.48,1,1,2,Lost,20110608,20110608
15610,United Kingdom,1,112.46,66,52,112.46,3,1,1,Need Attention,20111019,20111019
15611,United Kingdom,11,1570.45,502,10,142.77,5,5,4,Champions,20110109,20111130
15612,United Kingdom,2,195.15,52,36,97.58,3,3,1,Loyal,20111009,20111103
15615,United Kingdom,23,10399.74,5508,10,452.16,5,5,5,Champions,20101215,20111129
15618,United Kingdom,4,776.85,453,33,194.21,3,4,3,Loyal,20110726,20111107
15619,United Kingdom,1,336.4,136,11,336.4,5,1,2,New / Promising,20111129,20111129
15620,United Kingdom,3,1553.18,915,57,517.73,3,3,4,Loyal,20101216,20111014
15621,United Kingdom,4,1293.03,501,4,323.26,5,4,4,Champions,20111118,20111205
15622,United Kingdom,9,3709.56,1674,43,412.17,3,5,5,Loyal,20110302,20111027
15623,United Kingdom,1,301.03,125,141,301.03,2,1,2,Lost,20110721,20110721
15624,United Kingdom,4,588.13,357,117,147.03,2,4,3,Can't Lose Them,20110328,20110815
15625,United Kingdom,4,1534.26,1188,104,383.56,2,4,4,Can't Lose Them,20110418,20110828
15626,United Kingdom,2,675.8,766,75,337.9,2,3,3,At Risk,20110114,20110926
15628,United Kingdom,9,2870.24,1894,5,318.92,5,5,5,Champions,20101208,20111205
15630,United Kingdom,2,1186.35,800,45,593.17,3,3,4,Loyal,20110519,20111025
15632,United Kingdom,8,3285.31,2109,16,410.66,4,5,5,Champions,20110310,20111124
15634,United Kingdom,1,243.55,99,17,243.55,4,1,1,New / Promising,20111122,20111122
15636,United Kingdom,2,724.76,284,90,362.38,2,3,3,At Risk,20110302,20110911
15637,United Kingdom,1,223.36,128,53,223.36,3,1,1,Need Attention,20111018,20111018
15639,United Kingdom,1,425.32,323,134,425.32,2,1,2,Lost,20110728,20110728
15640,United Kingdom,15,12416.11,6572,4,827.74,5,5,5,Champions,20101202,20111205
15641,United Kingdom,4,1887.2,1562,105,471.8,2,4,4,Can't Lose Them,20101215,20110826
15643,United Kingdom,3,664.0,246,192,221.33,1,3,3,At Risk,20110302,20110601
15644,United Kingdom,4,803.54,550,166,200.88,2,4,3,Can't Lose Them,20110323,20110626
15645,United Kingdom,1,611.59,255,19,611.59,4,1,3,New / Promising,20111121,20111121
15646,United Kingdom,3,447.64,394,158,149.21,2,3,2,At Risk,20101202,20110705
15648,United Kingdom,2,639.5,218,204,319.75,1,3,3,At Risk,20110317,20110519
15649,United Kingdom,2,816.0,192,336,408.0,1,3,3,At Risk,20101207,20110107
15651,United Kingdom,3,646.3,479,37,215.43,3,3,3,Loyal,20110324,20111103
15652,United Kingdom,1,337.74,208,91,337.74,2,1,2,Lost,20110909,20110909
15653,United Kingdom,2,877.44,1200,93,438.72,2,3,3,At Risk,20110816,20110908
15654,United Kingdom,2,922.53,475,9,461.26,5,3,4,Loyal,20111113,20111130
15655,United Kingdom,1,560.67,324,243,560.67,1,1,3,Lost,20110410,20110410
15656,United Kingdom,4,748.5,343,45,187.12,3,4,3,Loyal,20110228,20111025
15657,United Kingdom,1,30.0,24,23,30.0,4,1,1,New / Promising,20111117,20111117
15658,United Kingdom,5,1024.1,242,190,204.82,1,4,4,Can't Lose Them,20101202,20110602
15659,United Kingdom,1,306.45,111,44,306.45,3,1,2,Need Attention,20111027,20111027
15660,United Kingdom,9,1600.86,1050,25,177.87,4,5,4,Champions,20101209,20111114
15661,United Kingdom,2,309.8,236,317,154.9,1,3,2,At Risk,20110105,20110126
15663,United Kingdom,1,138.14,106,106,138.14,2,1,1,Lost,20110825,20110825
15664,United Kingdom,1,386.43,157,51,386.43,3,1,2,Need Attention,20111020,20111020
15665,United Kingdom,2,2222.21,1654,168,1111.1,2,3,5,At Risk,20110410,20110624
15667,United Kingdom,1,301.32,240,40,301.32,3,1,2,Need Attention,20111031,20111031
15668,United Kingdom,1,76.32,72,218,76.32,1,1,1,Lost,20110506,20110506
15669,United Kingdom,4,684.34,342,40,171.08,3,4,3,Loyal,20110321,20111030
15670,United Kingdom,1,173.05,91,297,173.05,1,1,1,Lost,20110216,20110216
15671,United Kingdom,7,2657.13,1699,19,379.59,4,5,5,Champions,20110314,20111121
15673,United Kingdom,4,2726.23,1451,88,681.56,2,4,5,Can't Lose Them,20110116,20110912
15674,United Kingdom,4,2111.89,1274,73,527.97,2,4,5,Can't Lose Them,20110330,20110927
15675,United Kingdom,3,323.69,527,81,107.9,2,3,2,At Risk,20110304,20110919
15676,United Kingdom,3,3435.76,2252,19,1145.25,4,4,5,Champions,20110301,20111121
15677,United Kingdom,1,657.23,319,49,657.23,3,1,3,Need Attention,20111021,20111021
15678,United Kingdom,1,352.7,184,53,352.7,3,1,2,Need Attention,20111018,20111018
15679,United Kingdom,4,781.28,1170,24,195.32,4,4,3,Champions,20110610,20111115
15680,United Kingdom,3,1333.68,952,9,444.56,5,4,4,Champions,20101208,20111130
15681,United Kingdom,5,1426.16,816,25,285.23,4,4,4,Champions,20110304,20111114
15683,United Kingdom,1,193.75,131,117,193.75,2,1,1,Lost,20110814,20110814
15687,United Kingdom,9,2993.1,1310,9,332.57,5,5,5,Champions,20110113,20111201
15689,United Kingdom,2,254.1,84,120,127.05,2,3,2,At Risk,20101213,20110812
15690,United Kingdom,2,239.76,408,4,119.88,5,3,1,Loyal,20110831,20111205
15691,United Kingdom,1,136.8,72,252,136.8,1,1,1,Lost,20110401,20110401
15692,United Kingdom,1,191.04,138,28,191.04,4,1,1,New / Promising,20111111,20111111
15694,United Kingdom,13,6464.4,1676,1,497.26,5,5,5,Champions,20101202,20111209
15695,United Kingdom,2,409.98,212,267,204.99,1,3,2,At Risk,20110318,20110318
15696,United Kingdom,8,2711.11,1015,33,338.89,3,5,5,Loyal,20110117,20111106
15699,United Kingdom,1,309.65,113,18,309.65,4,1,2,New / Promising,20111122,20111122
15700,United Kingdom,2,696.68,357,172,348.34,2,3,3,At Risk,20110619,20110620
15701,United Kingdom,4,1529.0,912,2,382.25,5,4,4,Champions,20110821,20111207
15703,United Kingdom,1,211.5,66,265,211.5,1,1,1,Lost,20110320,20110320
15704,United Kingdom,4,2293.62,1028,140,573.4,2,4,5,Can't Lose Them,20110508,20110722
15705,United Kingdom,1,143.1,62,201,143.1,1,1,1,Lost,20110522,20110522
15706,United Kingdom,4,1060.56,321,64,265.14,3,4,4,Loyal,20110815,20111007
15707,United Kingdom,4,916.98,594,35,229.24,3,4,3,Loyal,20110914,20111104
15708,United Kingdom,7,3235.25,1217,41,462.18,3,5,5,Loyal,20101205,20111030
15709,United Kingdom,1,133.25,121,284,133.25,1,1,1,Lost,20110301,20110301
15712,United Kingdom,5,1072.36,486,9,214.47,5,4,4,Champions,20110225,20111130
15713,United Kingdom,2,356.7,150,143,178.35,2,3,2,At Risk,20101208,20110719
15714,United Kingdom,2,330.03,186,12,165.02,5,3,2,Loyal,20110923,20111128
15716,United Kingdom,4,1101.11,738,146,275.28,2,4,4,Can't Lose Them,20101205,20110717
15717,United Kingdom,1,150.3,70,234,150.3,1,1,1,Lost,20110419,20110419
15719,United Kingdom,13,5028.42,2717,33,386.8,3,5,5,Loyal,20110106,20111107
15720,United Kingdom,1,598.73,281,24,598.73,4,1,3,New / Promising,20111115,20111115
15721,United Kingdom,1,471.4,388,12,471.4,5,2,2,New / Promising,20111128,20111128
15722,United Kingdom,5,2211.21,1023,36,442.24,3,4,5,Loyal,20110222,20111104
15723,United Kingdom,1,190.7,73,365,190.7,1,2,1,At Risk,20101210,20101210
15724,United Kingdom,2,218.25,73,201,109.12,1,3,1,At Risk,20110228,20110522
15725,United Kingdom,1,415.25,221,15,415.25,4,2,2,New / Promising,20111124,20111124
15727,United Kingdom,7,5159.06,3063,17,737.01,4,5,5,Champions,20101215,20111123
15729,United Kingdom,1,85.0,28,213,85.0,1,2,1,At Risk,20110511,20110511
15730,United Kingdom,3,1120.88,689,66,373.63,3,4,4,Loyal,20110517,20111005
15732,United Kingdom,2,294.12,215,212,147.06,1,3,2,At Risk,20101202,20110511
15733,United Kingdom,1,162.3,62,283,162.3,1,2,1,At Risk,20110302,20110302
15734,United Kingdom,2,1339.45,346,115,669.72,2,3,4,At Risk,20110523,20110817
15737,United Kingdom,8,1188.12,597,15,148.51,4,5,4,Champions,20110411,20111125
15738,United Kingdom,16,4812.42,2982,19,300.78,4,5,5,Champions,20101202,20111121
15739,United Kingdom,1,449.12,472,66,449.12,3,2,2,Need Attention,20111004,20111004
15740,United Kingdom,1,154.88,152,49,154.88,3,2,1,Need Attention,20111021,20111021
15743,United Kingdom,4,775.96,214,16,193.99,4,4,3,Champions,20110608,20111123
15744,United Kingdom,1,34.8,120,78,34.8,2,2,1,At Risk,20110923,20110923
15745,United Kingdom,4,1094.59,421,19,273.65,4,4,4,Champions,20110417,20111120
15746,United Kingdom,1,196.88,178,134,196.88,2,2,1,At Risk,20110728,20110728
15747,United Kingdom,3,946.64,466,13,315.55,5,4,4,Champions,20110620,20111127
15748,United Kingdom,1,144.36,50,40,144.36,3,2,1,Need Attention,20111030,20111030
15749,United Kingdom,3,44534.3,18028,235,14844.77,1,4,5,Can't Lose Them,20110111,20110418
15750,United Kingdom,8,2463.05,1783,3,307.88,5,5,5,Champions,20101208,20111207
15752,United Kingdom,7,2626.6,1960,40,375.23,3,5,5,Loyal,20101202,20111031
15753,United Kingdom,1,79.2,144,305,79.2,1,2,1,At Risk,20110208,20110208
15754,United Kingdom,3,458.57,199,51,152.86,3,4,2,Loyal,20110407,20111019
15755,United Kingdom,6,2364.25,1427,10,394.04,5,5,5,Champions,20110218,20111129
15756,United Kingdom,4,528.01,241,61,132.0,3,4,3,Loyal,20110404,20111009
15757,United Kingdom,2,714.42,491,66,357.21,3,3,3,Loyal,20110506,20111005
15758,United Kingdom,1,205.25,47,25,205.25,4,2,1,New / Promising,20111115,20111115
15759,United Kingdom,3,253.04,60,218,84.35,1,4,2,Can't Lose Them,20101216,20110505
15762,United Kingdom,2,583.75,251,65,291.88,3,3,3,Loyal,20110923,20111005
15763,United Kingdom,2,1086.92,271,32,543.46,4,3,4,Loyal,20110923,20111108
15764,United Kingdom,6,3279.97,2050,88,546.66,2,5,5,Can't Lose Them,20110308,20110912
15766,United Kingdom,1,315.06,170,64,315.06,3,2,2,Need Attention,20111006,20111006
15768,United Kingdom,3,621.83,244,116,207.28,2,4,3,Can't Lose Them,20110428,20110816
15769,United Kingdom,26,56252.72,29672,7,2163.57,5,5,5,Champions,20101203,20111202
15773,United Kingdom,1,635.68,311,6,635.68,5,2,3,New / Promising,20111204,20111204
15774,United Kingdom,1,270.8,87,69,270.8,3,2,2,Need Attention,20111002,20111002
15775,United Kingdom,1,104.9,68,245,104.9,1,2,1,At Risk,20110408,20110408
15776,United Kingdom,1,241.62,138,133,241.62,2,2,1,At Risk,20110729,20110729
15777,United Kingdom,4,1047.11,378,241,261.78,1,4,4,Can't Lose Them,20101213,20110412
15780,United Kingdom,3,475.28,220,184,158.43,1,4,2,Can't Lose Them,20101217,20110609
15781,United Kingdom,3,345.46,180,25,115.15,4,4,2,Champions,20110207,20111114
15782,United Kingdom,3,2614.74,864,10,871.58,5,4,5,Champions,20110911,20111130
15783,United Kingdom,1,246.3,212,11,246.3,5,2,1,New / Promising,20111129,20111129
15785,United Kingdom,5,2328.97,1612,33,465.79,3,4,5,Loyal,20110217,20111107
15786,United Kingdom,3,4919.0,3340,46,1639.67,3,4,5,Loyal,20110817,20111024
15787,United Kingdom,3,933.26,534,26,311.09,4,4,4,Champions,20111009,20111113
15789,United Kingdom,1,351.3,438,358,351.3,1,2,2,At Risk,20101216,20101216
15790,United Kingdom,1,218.75,113,10,218.75,5,2,1,New / Promising,20111129,20111129
15791,United Kingdom,2,1612.69,731,44,806.34,3,3,4,Loyal,20110519,20111027
15793,United Kingdom,3,965.61,553,15,321.87,4,4,4,Champions,20110316,20111125
15795,United Kingdom,1,610.01,581,150,610.01,2,2,3,At Risk,20110713,20110713
15796,United Kingdom,8,2707.61,859,1,338.45,5,5,5,Champions,20110210,20111208
15797,United Kingdom,3,2192.4,872,113,730.8,2,4,5,Can't Lose Them,20110208,20110818
15799,United Kingdom,3,884.14,955,76,294.71,2,4,3,Can't Lose Them,20110109,20110925
15800,United Kingdom,2,696.89,332,107,348.44,2,3,3,At Risk,20110407,20110824
15801,United Kingdom,3,1063.95,570,46,354.65,3,4,4,Loyal,20110822,20111024
15803,United Kingdom,1,415.82,290,51,415.82,3,2,2,Need Attention,20111019,20111019
15804,United Kingdom,13,4206.39,2565,1,323.57,5,5,5,Champions,20110525,20111209
15805,United Kingdom,17,5488.18,3367,23,322.83,4,5,5,Champions,20101210,20111116
15806,United Kingdom,3,784.58,602,46,261.53,3,4,3,Loyal,20110308,20111024
15807,United Kingdom,3,903.9,430,50,301.3,3,4,3,Loyal,20110923,20111020
15808,United Kingdom,4,3651.27,1305,306,912.82,1,4,5,Can't Lose Them,20101205,20110206
15809,United Kingdom,5,515.77,301,36,103.15,3,4,3,Loyal,20110210,20111103
15810,United Kingdom,4,1391.98,861,79,348.0,2,4,4,Can't Lose Them,20110216,20110922
15811,United Kingdom,6,2218.62,1071,22,369.77,4,5,5,Champions,20101209,20111117
15812,United Kingdom,5,1801.14,922,107,360.23,2,4,4,Can't Lose Them,20110126,20110824
15813,United Kingdom,2,1303.91,603,208,651.96,1,3,4,At Risk,20110414,20110516
15814,United Kingdom,4,1945.33,1271,17,486.33,4,4,4,Champions,20111020,20111123
15815,United Kingdom,5,2100.6,1856,64,420.12,3,4,5,Loyal,20110325,20111007
15819,United Kingdom,4,1905.45,1357,49,476.36,3,4,4,Loyal,20110308,20111021
15820,United Kingdom,1,206.98,128,320,206.98,1,2,1,At Risk,20110124,20110124
15821,United Kingdom,2,570.96,202,44,285.48,3,3,3,Loyal,20111009,20111026
15822,United Kingdom,2,885.47,375,3,442.74,5,3,3,Loyal,20101215,20111206
15825,United Kingdom,1,532.94,220,172,532.94,2,2,3,At Risk,20110620,20110620
15826,United Kingdom,3,1654.31,963,56,551.44,3,4,4,Loyal,20110513,20111014
15827,United Kingdom,14,1836.09,882,73,131.15,2,5,4,Can't Lose Them,20101202,20110927
15829,United Kingdom,2,636.14,996,99,318.07,2,3,3,At Risk,20110722,20110901
15830,United Kingdom,1,576.0,415,38,576.0,3,2,3,Need Attention,20111102,20111102
15831,United Kingdom,3,794.64,1092,58,264.88,3,4,3,Loyal,20110119,20111012
15832,United Kingdom,1,836.79,465,254,836.79,1,2,3,At Risk,20110330,20110330
15834,United Kingdom,4,2222.65,959,70,555.66,3,4,5,Loyal,20110307,20110930
15835,United Kingdom,4,954.09,439,44,238.52,3,4,4,Loyal,20110113,20111026
15836,United Kingdom,1,137.37,26,50,137.37,3,2,1,Need Attention,20111020,20111020
15837,United Kingdom,1,391.98,189,65,391.98,3,2,2,Need Attention,20111006,20111006
15838,United Kingdom,19,33643.08,18368,11,1770.69,5,5,5,Champions,20101207,20111128
15839,United Kingdom,3,1048.49,675,33,349.5,3,4,4,Loyal,20110714,20111106
15840,United Kingdom,2,355.56,396,59,177.78,3,3,2,Loyal,20110620,20111012
15841,United Kingdom,4,1224.06,942,73,306.02,2,4,4,Can't Lose Them,20110105,20110928
15843,United Kingdom,1,118.95,27,304,118.95,1,2,1,At Risk,20110209,20110209
15844,United Kingdom,1,130.74,134,46,130.74,3,2,1,Need Attention,20111024,20111024
15845,United Kingdom,8,3711.77,1926,18,463.97,4,5,5,Champions,20110106,20111122
15847,United Kingdom,2,389.27,449,38,194.64,3,3,2,Loyal,20110224,20111101
15850,United Kingdom,2,234.88,298,19,117.44,4,3,1,Loyal,20110624,20111120
15852,United Kingdom,2,160.71,48,187,80.36,1,3,1,At Risk,20110526,20110606
15853,United Kingdom,1,110.8,135,52,110.8,3,2,1,Need Attention,20111019,20111019
15854,United Kingdom,12,2969.12,926,4,247.43,5,5,5,Champions,20101213,20111205
15855,United Kingdom,5,712.24,470,137,142.45,2,4,3,Can't Lose Them,20110321,20110726
15856,United Kingdom,27,16142.38,10863,4,597.87,5,5,5,Champions,20101209,20111205
15857,United Kingdom,1,297.0,308,19,297.0,4,2,2,New / Promising,20111121,20111121
15858,United Kingdom,5,1427.57,1163,16,285.51,4,4,4,Champions,20101207,20111124
15860,United Kingdom,8,965.16,437,41,120.64,3,5,4,Loyal,20101206,20111030
15861,United Kingdom,8,3146.92,2528,12,393.36,5,5,5,Champions,20110317,20111127
15862,United Kingdom,4,832.88,585,8,208.22,5,4,3,Champions,20101201,20111201
15863,United Kingdom,2,68.84,19,26,34.42,4,3,1,Loyal,20110531,20111114
15864,United Kingdom,6,1936.32,1192,22,322.72,4,5,4,Champions,20110127,20111117
15865,United Kingdom,3,895.13,368,41,298.38,3,4,3,Loyal,20110510,20111030
15866,United Kingdom,1,211.89,124,101,211.89,2,2,1,At Risk,20110830,20110830
15867,United Kingdom,15,3803.6,2039,5,253.57,5,5,5,Champions,20101205,20111204
15869,United Kingdom,2,149.64,175,277,74.82,1,3,1,At Risk,20110307,20110307
15870,United Kingdom,1,351.44,333,33,351.44,3,2,2,Need Attention,20111107,20111107
15872,United Kingdom,2,316.25,187,15,158.12,4,3,2,Loyal,20111125,20111125
15874,United Kingdom,7,4405.88,2534,64,629.41,3,5,5,Loyal,20110228,20111007
15877,United Kingdom,2,490.33,368,2,245.16,5,3,3,Loyal,20111122,20111208
15880,United Kingdom,1,329.03,202,369,329.03,1,2,2,At Risk,20101205,20101205
15881,United Kingdom,5,501.39,260,312,100.28,1,4,3,Can't Lose Them,20101210,20110131
15882,United Kingdom,4,514.08,264,199,128.52,1,4,3,Can't Lose Them,20101206,20110525
15883,United Kingdom,2,396.48,223,2,198.24,5,3,2,Loyal,20111106,20111207
15885,United Kingdom,1,349.35,109,93,349.35,2,2,2,At Risk,20110907,20110907
15886,United Kingdom,1,181.09,147,60,181.09,3,2,1,Need Attention,20111010,20111010
15888,United Kingdom,1,162.64,67,81,162.64,2,2,1,At Risk,20110920,20110920
15889,United Kingdom,2,400.77,200,157,200.38,2,3,2,At Risk,20101205,20110706
15891,United Kingdom,1,509.13,417,227,509.13,1,2,3,At Risk,20110427,20110427
15894,United Kingdom,2,257.6,163,253,128.8,1,3,2,At Risk,20101205,20110331
15895,United Kingdom,1,179.17,94,150,179.17,2,2,1,At Risk,20110713,20110713
15897,United Kingdom,2,208.59,223,194,104.3,1,3,1,At Risk,20110529,20110529
15898,United Kingdom,5,1383.83,567,1,276.77,5,4,4,Champions,20101206,20111208
15899,United Kingdom,1,56.25,39,369,56.25,1,2,1,At Risk,20101206,20101206
15900,United Kingdom,1,337.28,216,24,337.28,4,2,2,New / Promising,20111116,20111116
15901,United Kingdom,3,349.75,372,17,116.58,4,4,2,Champions,20110708,20111123
15903,United Kingdom,7,5126.76,2410,10,732.39,5,5,5,Champions,20110217,20111130
15904,United Kingdom,1,164.68,84,8,164.68,5,2,1,New / Promising,20111201,20111201
15906,United Kingdom,7,1567.69,544,20,223.96,4,5,4,Champions,20110329,20111120
15907,United Kingdom,3,881.87,477,4,293.96,5,4,3,Champions,20110513,20111206
15909,United Kingdom,1,191.94,98,174,191.94,2,2,1,At Risk,20110619,20110619
15910,United Kingdom,8,1228.88,1013,1,153.61,5,5,4,Champions,20110127,20111209
15912,United Kingdom,2,264.62,185,178,132.31,2,3,2,At Risk,20110420,20110614
15916,United Kingdom,8,1502.86,752,16,187.86,4,5,4,Champions,20101208,20111123
15917,United Kingdom,1,123.1,42,248,123.1,1,2,1,At Risk,20110406,20110406
15918,United Kingdom,2,334.23,153,191,167.12,1,3,2,At Risk,20110313,20110602
15919,United Kingdom,2,525.69,385,20,262.85,4,3,3,Loyal,20101206,20111120
15920,United Kingdom,3,163.55,94,154,54.52,2,4,1,Can't Lose Them,20110708,20110708
15921,United Kingdom,1,323.03,162,173,323.03,2,2,2,At Risk,20110620,20110620
15922,United Kingdom,1,369.5,138,373,369.5,1,2,2,At Risk,20101201,20101201
15923,United Kingdom,1,127.08,122,373,127.08,1,2,1,At Risk,20101202,20101202
15925,United Kingdom,1,207.15,93,194,207.15,1,2,1,At Risk,20110529,20110529
15930,United Kingdom,1,426.63,139,67,426.63,3,2,2,Need Attention,20111003,20111003
15932,United Kingdom,8,2495.87,2325,4,311.98,5,5,5,Champions,20110223,20111205
15933,United Kingdom,3,1107.46,885,21,369.15,4,4,4,Champions,20110914,20111118
15935,United Kingdom,1,108.04,114,239,108.04,1,2,1,At Risk,20110414,20110414
15937,United Kingdom,1,145.35,73,64,145.35,3,2,1,Need Attention,20111006,20111006
15938,United Kingdom,5,404.58,240,112,80.92,2,4,2,Can't Lose Them,20110120,20110819
15939,United Kingdom,14,6100.01,4727,90,435.72,2,5,5,Can't Lose Them,20110112,20110911
15940,United Kingdom,1,35.8,4,311,35.8,1,2,1,At Risk,20110201,20110201
15942,United Kingdom,1,337.44,232,134,337.44,2,2,2,At Risk,20110729,20110729
15944,United Kingdom,1,325.1,50,277,325.1,1,2,2,At Risk,20110308,20110308
15945,United Kingdom,1,181.0,52,365,181.0,1,2,1,At Risk,20101209,20101209
15947,United Kingdom,1,1708.24,898,83,1708.24,2,2,4,At Risk,20110918,20110918
15948,United Kingdom,2,955.24,567,8,477.62,5,3,4,Loyal,20111027,20111201
15949,United Kingdom,2,364.72,284,17,182.36,4,3,2,Loyal,20110929,20111123
15950,United Kingdom,4,1744.71,719,32,436.18,4,4,4,Champions,20101215,20111108
15951,United Kingdom,2,708.22,313,9,354.11,5,3,3,Loyal,20110227,20111201
15952,United Kingdom,4,781.91,391,34,195.48,3,4,3,Loyal,20110428,20111106
15953,United Kingdom,8,1657.28,891,15,207.16,4,5,4,Champions,20101205,20111124
15955,United Kingdom,14,4416.26,2135,24,315.45,4,5,5,Champions,20101202,20111115
15957,United Kingdom,1,428.89,211,32,428.89,4,2,2,New / Promising,20111108,20111108
15958,United Kingdom,1,104.35,33,74,104.35,2,2,1,At Risk,20110926,20110926
15963,United Kingdom,2,470.76,298,20,235.38,4,3,2,Loyal,20111025,20111120
15965,United Kingdom,4,808.87,434,17,202.22,4,4,3,Champions,20101207,20111122
15967,United Kingdom,2,397.68,205,23,198.84,4,3,2,Loyal,20110125,20111116
15969,United Kingdom,3,666.1,124,3,222.03,5,4,3,Champions,20110607,20111207
15970,United Kingdom,1,314.1,116,304,314.1,1,2,2,At Risk,20110209,20110209
15971,United Kingdom,12,4194.9,1716,18,349.58,4,5,5,Champions,20110201,20111122
15973,United Kingdom,1,307.82,106,367,307.82,1,2,2,At Risk,20101208,20101208
15974,United Kingdom,7,3442.15,2262,39,491.74,3,5,5,Loyal,20110224,20111031
15975,United Kingdom,1,371.01,243,84,371.01,2,2,2,At Risk,20110916,20110916
15976,United Kingdom,2,427.64,275,165,213.82,2,3,2,At Risk,20110503,20110627
15977,United Kingdom,2,1054.73,1016,17,527.36,4,3,4,Loyal,20111031,20111122
15978,United Kingdom,1,1098.78,888,77,1098.78,2,2,4,At Risk,20110923,20110923
15980,United Kingdom,3,2398.86,1560,89,799.62,2,4,5,Can't Lose Them,20110330,20110912
15981,United Kingdom,8,3408.48,1866,25,426.06,4,5,5,Champions,20110201,20111115
15983,United Kingdom,4,1465.12,886,22,366.28,4,4,4,Champions,20101201,20111117
15984,United Kingdom,10,2780.63,1815,3,278.06,5,5,5,Champions,20101206,20111207
15985,United Kingdom,2,1142.42,1086,123,571.21,2,3,4,At Risk,20110417,20110808
15986,United Kingdom,1,168.12,268,30,168.12,4,2,1,New / Promising,20111109,20111109
15987,United Kingdom,7,1432.77,1533,12,204.68,5,5,4,Champions,20101206,20111127
15988,United Kingdom,1,156.78,180,19,156.78,4,2,1,New / Promising,20111120,20111120
15990,United Kingdom,2,792.11,443,44,396.06,3,3,3,Loyal,20110225,20111026
15992,United Kingdom,1,41.99,17,4,41.99,5,2,1,New / Promising,20111206,20111206
15993,United Kingdom,7,2768.97,2031,9,395.57,5,5,5,Champions,20111026,20111201
15994,United Kingdom,1,414.27,173,55,414.27,3,2,2,Need Attention,20111016,20111016
15996,United Kingdom,6,1032.58,380,88,172.1,2,5,4,Can't Lose Them,20101208,20110912
15998,United Kingdom,5,3080.22,2032,37,616.04,3,4,5,Loyal,20101212,20111103
16000,United Kingdom,3,12393.7,5110,3,4131.23,5,4,5,Champions,20111207,20111207
16003,United Kingdom,5,2735.37,1185,30,547.07,4,4,5,Champions,20101215,20111110
16005,United Kingdom,4,578.71,280,12,144.68,5,4,3,Champions,20110314,20111127
16006,United Kingdom,1,101.4,84,211,101.4,1,2,1,At Risk,20110512,20110512
16007,United Kingdom,4,1693.81,1388,48,423.45,3,4,4,Loyal,20110508,20111023
16008,United Kingdom,3,478.78,323,24,159.59,4,4,2,Champions,20110519,20111116
16009,United Kingdom,4,972.11,366,22,243.03,4,4,4,Champions,20110703,20111117
16010,United Kingdom,3,392.4,202,246,130.8,1,4,2,Can't Lose Them,20101212,20110408
16011,United Kingdom,16,3352.96,2035,8,209.56,5,5,5,Champions,20101208,20111201
16012,United Kingdom,3,1415.29,799,35,471.76,3,4,4,Loyal,20110707,20111104
16013,United Kingdom,47,37130.6,15536,4,790.01,5,5,5,Champions,20101203,20111206
16014,United Kingdom,3,646.83,258,38,215.61,3,4,3,Loyal,20110221,20111102
16015,United Kingdom,3,704.26,906,4,234.75,5,4,3,Champions,20111021,20111206
16016,United Kingdom,8,1465.51,602,3,183.19,5,5,4,Champions,20101208,20111206
16017,United Kingdom,1,211.88,102,47,211.88,3,2,1,Need Attention,20111023,20111023
16018,United Kingdom,2,408.9,190,39,204.45,3,3,2,Loyal,20110612,20111031
16019,United Kingdom,9,3786.24,1733,47,420.69,3,5,5,Loyal,20101210,20111024
16020,United Kingdom,3,851.01,487,17,283.67,4,4,3,Champions,20111005,20111123
16022,United Kingdom,1,602.63,255,260,602.63,1,2,3,At Risk,20110324,20110324
16023,United Kingdom,3,719.81,358,46,239.94,3,4,3,Loyal,20110318,20111024
16024,United Kingdom,1,245.75,377,12,245.75,5,2,1,New / Promising,20111127,20111127
16025,United Kingdom,1,439.66,338,30,439.66,4,2,2,New / Promising,20111110,20111110
16026,United Kingdom,1,236.09,243,43,236.09,3,2,1,Need Attention,20111027,20111027
16027,United Kingdom,6,934.62,1147,92,155.77,2,5,4,Can't Lose Them,20110210,20110909
16029,United Kingdom,62,72708.09,40107,39,1172.71,3,5,5,Loyal,20101201,20111101
16030,United Kingdom,1,331.24,283,310,331.24,1,2,2,At Risk,20110203,20110203
16031,United Kingdom,2,547.9,421,92,273.95,2,3,3,At Risk,20110406,20110908
16033,United Kingdom,20,8778.82,3529,6,438.94,5,5,5,Champions,20101205,20111204
16034,United Kingdom,3,437.7,242,196,145.9,1,4,2,Can't Lose Them,20110111,20110527
16036,United Kingdom,2,758.92,716,87,379.46,2,3,3,At Risk,20110321,20110913
16037,United Kingdom,3,855.02,428,270,285.01,1,4,3,Can't Lose Them,20101216,20110315
16038,United Kingdom,3,471.78,244,8,157.26,5,4,2,Champions,20110522,20111202
16040,United Kingdom,3,1313.55,684,65,437.85,3,4,4,Loyal,20110316,20111005
16041,United Kingdom,3,3166.4,1584,31,1055.47,4,4,5,Champions,20110721,20111109
16042,United Kingdom,5,1177.47,743,22,235.49,4,4,4,Champions,20110111,20111117
16043,United Kingdom,4,773.99,503,38,193.5,3,4,3,Loyal,20110126,20111102
16045,United Kingdom,4,1340.7,897,120,335.18,2,4,4,Can't Lose Them,20110222,20110812
16048,United Kingdom,2,256.44,144,373,128.22,1,3,2,At Risk,20101201,20101201
16049,United Kingdom,3,1074.81,763,40,358.27,3,4,4,Loyal,20110925,20111030
16050,United Kingdom,1,137.9,278,174,137.9,2,2,1,At Risk,20110619,20110619
16052,United Kingdom,1,362.06,282,54,362.06,3,2,2,Need Attention,20111016,20111016
16053,United Kingdom,2,1511.95,1793,33,755.98,3,3,4,Loyal,20110809,20111107
16054,United Kingdom,1,783.9,380,145,783.9,2,2,3,At Risk,20110717,20110717
16055,United Kingdom,1,134.8,22,221,134.8,1,2,1,At Risk,20110503,20110503
16056,United Kingdom,1,650.75,345,45,650.75,3,2,3,Need Attention,20111025,20111025
16057,United Kingdom,7,2263.12,863,16,323.3,4,5,5,Champions,20110228,20111123
16059,United Kingdom,6,1453.16,641,66,242.19,3,5,4,Loyal,20101207,20111005
16062,United Kingdom,4,1153.62,800,10,288.4,5,4,4,Champions,20101210,20111130
16063,United Kingdom,1,335.32,262,260,335.32,1,2,2,At Risk,20110324,20110324
16065,United Kingdom,1,367.14,228,365,367.14,1,2,2,At Risk,20101209,20101209
16066,United Kingdom,5,1521.04,935,17,304.21,4,4,4,Champions,20110807,20111123
16070,United Kingdom,2,852.15,457,22,426.08,4,3,3,Loyal,20111107,20111117
16071,United Kingdom,1,326.24,180,45,326.24,3,2,2,Need Attention,20111026,20111026
16072,United Kingdom,1,584.32,140,288,584.32,1,2,3,At Risk,20110224,20110224
16073,United Kingdom,1,122.4,48,297,122.4,1,2,1,At Risk,20110215,20110215
16076,United Kingdom,10,2234.73,1435,3,223.47,5,5,5,Champions,20110515,20111206
16078,United Kingdom,1,79.2,16,284,79.2,1,2,1,At Risk,20110301,20110301
16079,United Kingdom,3,1352.0,864,17,450.67,4,4,4,Champions,20111030,20111123
16080,United Kingdom,2,217.16,128,82,108.58,2,3,1,At Risk,20110310,20110919
16081,United Kingdom,5,2799.42,1473,56,559.88,3,4,5,Loyal,20101208,20111014
16083,United Kingdom,2,1317.62,908,101,658.81,2,3,4,At Risk,20101214,20110831
16084,United Kingdom,1,436.18,216,299,436.18,1,2,2,At Risk,20110213,20110213
16085,United Kingdom,5,981.51,636,23,196.3,4,4,4,Champions,20110123,20111116
16086,United Kingdom,5,1121.39,511,59,224.28,3,4,4,Loyal,20101207,20111011
16091,United Kingdom,2,315.06,154,155,157.53,2,3,2,At Risk,20110525,20110708
16092,United Kingdom,3,817.86,628,115,272.62,2,4,3,Can't Lose Them,20110330,20110817
16093,United Kingdom,1,17.0,20,107,17.0,2,2,1,At Risk,20110825,20110825
16094,United Kingdom,4,1078.23,647,12,269.56,5,4,4,Champions,20110504,20111128
16096,United Kingdom,1,320.62,155,264,320.62,1,2,2,At Risk,20110320,20110320
16097,United Kingdom,1,185.05,87,240,185.05,1,2,1,At Risk,20110413,20110413
16098,United Kingdom,7,2005.63,613,88,286.52,2,5,4,Can't Lose Them,20101201,20110913
16099,United Kingdom,3,731.9,434,50,243.97,3,4,3,Loyal,20110428,20111020
16101,United Kingdom,1,1290.7,757,71,1290.7,3,2,4,Need Attention,20110930,20110930
16102,United Kingdom,3,1842.14,942,42,614.05,3,4,4,Loyal,20110803,20111028
16103,United Kingdom,6,1429.64,558,7,238.27,5,5,4,Champions,20110420,20111202
16104,United Kingdom,1,298.21,122,62,298.21,3,2,2,Need Attention,20111009,20111009
16105,United Kingdom,1,336.96,330,249,336.96,1,2,2,At Risk,20110405,20110405
16106,United Kingdom,1,108.38,74,66,108.38,3,2,1,Need Attention,20111005,20111005
16107,United Kingdom,7,3204.16,1176,18,457.74,4,5,5,Champions,20110609,20111122
16108,United Kingdom,1,842.5,615,85,842.5,2,2,3,At Risk,20110916,20110916
16109,United Kingdom,2,611.88,612,219,305.94,1,3,3,At Risk,20110204,20110505
16110,United Kingdom,3,1320.95,720,45,440.32,3,4,4,Loyal,20110201,20111025
16112,United Kingdom,4,195.74,574,143,48.94,2,4,1,Can't Lose Them,20110105,20110719
16113,United Kingdom,1,161.38,176,183,161.38,1,2,1,At Risk,20110609,20110609
16114,United Kingdom,1,135.75,43,171,135.75,2,2,1,At Risk,20110622,20110622
16115,United Kingdom,8,1660.88,994,10,207.61,5,5,4,Champions,20110220,20111130
16116,United Kingdom,1,612.78,248,212,612.78,1,2,3,At Risk,20110512,20110512
16117,United Kingdom,1,232.21,130,190,232.21,1,2,1,At Risk,20110603,20110603
16119,United Kingdom,2,423.36,240,8,211.68,5,3,2,Loyal,20110928,20111201
16120,United Kingdom,4,1309.14,878,59,327.29,3,4,4,Loyal,20111011,20111011
16121,United Kingdom,2,854.66,576,57,427.33,3,3,3,Loyal,20110508,20111013
16122,United Kingdom,4,684.42,1128,73,171.1,2,4,3,Can't Lose Them,20101208,20110927
16123,United Kingdom,1,307.78,170,52,307.78,3,2,2,Need Attention,20111019,20111019
16124,United Kingdom,1,249.0,48,317,249.0,1,2,2,At Risk,20110126,20110126
16125,United Kingdom,1,289.35,124,367,289.35,1,2,2,At Risk,20101207,20101207
16126,United Kingdom,4,6287.77,2125,29,1571.94,4,4,5,Champions,20110216,20111110
16127,United Kingdom,1,656.25,323,39,656.25,3,2,3,Need Attention,20111031,20111031
16128,United Kingdom,5,1880.22,988,18,376.04,4,4,4,Champions,20110302,20111122
16131,United Kingdom,6,3506.54,1802,52,584.42,3,5,5,Loyal,20110414,20111019
16133,United Kingdom,33,14589.04,8887,4,442.09,5,5,5,Champions,20110125,20111206
16134,United Kingdom,2,618.09,371,22,309.04,4,3,3,Loyal,20101215,20111118
16135,United Kingdom,1,517.55,209,263,517.55,1,2,3,At Risk,20110322,20110322
16136,United Kingdom,3,709.38,440,60,236.46,3,4,3,Loyal,20110307,20111011
16139,United Kingdom,3,635.41,330,19,211.8,4,4,3,Champions,20110517,20111121
16140,United Kingdom,2,725.18,730,66,362.59,3,3,3,Loyal,20101203,20111005
16141,United Kingdom,1,620.4,238,88,620.4,2,2,3,At Risk,20110912,20110912
16142,United Kingdom,1,535.34,422,250,535.34,1,2,3,At Risk,20110404,20110404
16143,United Kingdom,6,2424.94,919,3,404.16,5,5,5,Champions,20101205,20111206
16144,United Kingdom,1,175.2,16,247,175.2,1,2,1,At Risk,20110407,20110407
16145,United Kingdom,11,3799.49,3123,9,345.41,5,5,5,Champions,20101215,20111201
16146,United Kingdom,3,734.13,427,157,244.71,2,4,3,Can't Lose Them,20110421,20110705
16147,United Kingdom,1,375.0,246,134,375.0,2,2,2,At Risk,20110729,20110729
16148,United Kingdom,1,76.32,72,296,76.32,1,2,1,At Risk,20110216,20110216
16149,United Kingdom,2,280.52,308,5,140.26,5,3,2,Loyal,20110720,20111205
16150,United Kingdom,5,2053.02,1047,43,410.6,3,4,5,Loyal,20101202,20111028
16152,United Kingdom,1,1829.04,642,269,1829.04,1,2,4,At Risk,20110316,20110316
16153,United Kingdom,5,1824.23,1073,50,364.85,3,4,4,Loyal,20101220,20111021
16156,United Kingdom,9,3092.04,1273,9,343.56,5,5,5,Champions,20110202,20111201
16157,United Kingdom,3,656.69,347,16,218.9,4,4,3,Champions,20110928,20111124
16159,United Kingdom,1,348.2,236,282,348.2,1,2,2,At Risk,20110303,20110303
16160,United Kingdom,2,1025.44,1162,65,512.72,3,3,4,Loyal,20110915,20111005
16161,United Kingdom,19,5533.67,2583,2,291.25,5,5,5,Champions,20101206,20111208
16162,United Kingdom,1,37.4,4,252,37.4,1,2,1,At Risk,20110401,20110401
16163,United Kingdom,2,856.6,192,232,428.3,1,3,3,At Risk,20101209,20110421
16164,United Kingdom,3,822.48,433,17,274.16,4,4,3,Champions,20111028,20111122
16168,United Kingdom,27,3787.6,1892,11,140.28,5,5,5,Champions,20101205,20111129
16169,United Kingdom,4,1822.97,1325,8,455.74,5,4,4,Champions,20110925,20111201
16170,United Kingdom,6,1885.05,1770,51,314.18,3,5,4,Loyal,20110405,20111020
16171,United Kingdom,1,73.2,24,59,73.2,3,2,1,Need Attention,20111011,20111011
16172,United Kingdom,5,1140.21,787,95,228.04,2,4,4,Can't Lose Them,20110412,20110905
16173,United Kingdom,6,1418.32,575,16,236.39,4,5,4,Champions,20110902,20111124
16174,United Kingdom,3,1009.55,651,126,336.52,2,4,4,Can't Lose Them,20110711,20110805
16175,United Kingdom,4,1037.59,533,94,259.4,2,4,4,Can't Lose Them,20110413,20110906
16177,United Kingdom,1,331.95,95,50,331.95,3,2,2,Need Attention,20111020,20111020
16178,United Kingdom,1,197.9,94,138,197.9,2,2,1,At Risk,20110724,20110724
16179,United Kingdom,1,215.83,99,61,215.83,3,2,1,Need Attention,20111010,20111010
16180,United Kingdom,8,10254.18,5867,100,1281.77,2,5,5,Can't Lose Them,20110401,20110831
16181,United Kingdom,1,305.54,152,73,305.54,2,2,2,At Risk,20110927,20110927
16182,United Kingdom,4,6617.65,3791,72,1654.41,2,4,5,Can't Lose Them,20110218,20110928
16183,United Kingdom,1,338.71,113,67,338.71,3,2,2,Need Attention,20111003,20111003
16184,United Kingdom,6,1158.79,561,64,193.13,3,5,4,Loyal,20110512,20111006
16185,United Kingdom,2,529.41,260,17,264.7,4,3,3,Loyal,20110421,20111123
16186,United Kingdom,12,4006.94,3020,23,333.91,4,5,5,Champions,20101202,20111117
16187,United Kingdom,15,6911.44,5048,32,460.76,4,5,5,Champions,20110228,20111108
16188,United Kingdom,4,981.86,782,45,245.46,3,4,4,Loyal,20110411,20111026
16189,United Kingdom,2,215.48,134,16,107.74,4,3,1,Loyal,20110915,20111124
16190,United Kingdom,1,215.08,88,40,215.08,3,2,1,Need Attention,20111030,20111030
16191,United Kingdom,13,5180.52,3351,3,398.5,5,5,5,Champions,20101214,20111207
16193,United Kingdom,1,314.45,219,237,314.45,1,2,2,At Risk,20110417,20110417
16198,United Kingdom,1,400.68,128,75,400.68,2,2,2,At Risk,20110925,20110925
16200,United Kingdom,2,1068.87,516,4,534.43,5,3,4,Loyal,20110628,20111205
16201,United Kingdom,4,1863.47,1286,3,465.87,5,4,4,Champions,20110822,20111206
16202,United Kingdom,1,365.27,191,361,365.27,1,2,2,At Risk,20101214,20101214
16203,United Kingdom,4,592.9,262,59,148.22,3,4,3,Loyal,20101202,20111012
16204,United Kingdom,1,384.18,218,23,384.18,4,2,2,New / Promising,20111116,20111116
16205,United Kingdom,4,751.03,512,31,187.76,4,4,3,Champions,20110613,20111109
16206,United Kingdom,4,537.06,272,55,134.26,3,4,3,Loyal,20110116,20111016
16207,United Kingdom,1,394.38,140,25,394.38,4,2,2,New / Promising,20111114,20111114
16208,United Kingdom,2,664.26,333,45,332.13,3,3,3,Loyal,20110223,20111026
16209,United Kingdom,5,2262.62,1179,89,452.52,2,4,5,Can't Lose Them,20110407,20110912
16210,United Kingdom,17,21076.3,7558,2,1239.78,5,5,5,Champions,20101201,20111208
16211,United Kingdom,1,547.02,154,89,547.02,2,2,3,At Risk,20110912,20110912
16212,United Kingdom,2,690.34,244,19,345.17,4,3,3,Loyal,20110301,20111120
16213,United Kingdom,1,159.0,48,79,159.0,2,2,1,At Risk,20110922,20110922
16214,United Kingdom,3,1062.75,420,171,354.25,2,4,4,Can't Lose Them,20110315,20110622
16215,United Kingdom,1,242.35,104,81,242.35,2,2,1,At Risk,20110920,20110920
16216,United Kingdom,1,914.93,254,267,914.93,1,2,3,At Risk,20110317,20110317
16217,United Kingdom,2,304.25,91,235,152.12,1,3,2,At Risk,20110302,20110418
16218,United Kingdom,7,3084.68,2088,30,440.67,4,5,5,Champions,20101201,20111110
16221,United Kingdom,3,860.86,714,37,286.95,3,4,3,Loyal,20101207,20111103
16222,United Kingdom,1,773.55,325,318,773.55,1,2,3,At Risk,20110125,20110125
16224,United Kingdom,4,1295.3,1116,57,323.82,3,4,4,Loyal,20110404,20111013
16225,United Kingdom,5,1096.32,493,45,219.26,3,4,4,Loyal,20110307,20111026
16226,United Kingdom,3,255.12,192,203,85.04,1,4,2,Can't Lose Them,20110418,20110520
16227,United Kingdom,1,314.22,90,225,314.22,1,2,2,At Risk,20110428,20110428
16229,United Kingdom,2,1010.6,318,87,505.3,2,3,4,At Risk,20110511,20110913
16230,United Kingdom,2,542.03,365,190,271.02,1,3,3,At Risk,20110503,20110603
16232,United Kingdom,4,990.88,550,44,247.72,3,4,4,Loyal,20110508,20111027
16233,United Kingdom,3,536.68,174,71,178.89,3,4,3,Loyal,20101208,20110929
16235,United Kingdom,4,857.31,329,41,214.33,3,4,3,Loyal,20110111,20111030
16236,United Kingdom,1,432.2,184,78,432.2,2,2,2,At Risk,20110922,20110922
16239,United Kingdom,2,414.2,228,57,207.1,3,3,2,Loyal,20110603,20111014
16240,United Kingdom,2,3718.8,1641,24,1859.4,4,3,5,Loyal,20110923,20111115
16241,United Kingdom,13,2590.31,1443,10,199.25,5,5,5,Champions,20101205,20111130
16242,United Kingdom,7,3579.86,1969,8,511.41,5,5,5,Champions,20110307,20111201
16243,United Kingdom,2,409.1,110,34,204.55,3,3,2,Loyal,20111016,20111106
16244,United Kingdom,2,1522.75,855,212,761.38,1,3,4,At Risk,20101202,20110512
16245,United Kingdom,3,1413.66,1014,24,471.22,4,4,4,Champions,20110328,20111116
16247,United Kingdom,1,114.56,182,170,114.56,2,2,1,At Risk,20110622,20110622
16248,United Kingdom,1,152.94,78,62,152.94,3,2,1,Need Attention,20111009,20111009
16249,United Kingdom,5,1800.07,950,53,360.01,3,4,4,Loyal,20110414,20111018
16250,United Kingdom,2,389.44,208,261,194.72,1,3,2,At Risk,20101201,20110323
16253,United Kingdom,2,3683.86,3233,67,1841.93,3,3,5,Loyal,20110329,20111004
16255,United Kingdom,8,2619.91,1767,17,327.49,4,5,5,Champions,20101209,20111123
16256,United Kingdom,1,752.43,581,267,752.43,1,2,3,At Risk,20110318,20110318
16257,United Kingdom,1,21.95,1,177,21.95,2,2,1,At Risk,20110616,20110616
16258,United Kingdom,5,5203.51,2994,45,1040.7,3,4,5,Loyal,20110504,20111025
16260,United Kingdom,1,1035.45,311,51,1035.45,3,2,4,Need Attention,20111020,20111020
16261,United Kingdom,4,728.54,301,17,182.14,4,4,3,Champions,20110407,20111122
16265,United Kingdom,9,5347.0,2644,9,594.11,5,5,5,Champions,20101210,20111130
16266,United Kingdom,7,861.89,398,74,123.13,2,5,3,Can't Lose Them,20110517,20110927
16268,United Kingdom,2,617.65,532,71,308.82,3,3,3,Loyal,20110929,20110929
16270,United Kingdom,1,1141.24,688,353,1141.24,1,2,4,At Risk,20101221,20101221
16271,United Kingdom,4,1389.64,1023,16,347.41,4,4,4,Champions,20101216,20111124
16272,United Kingdom,1,411.7,224,117,411.7,2,2,2,At Risk,20110815,20110815
16274,United Kingdom,1,331.55,151,373,331.55,1,2,2,At Risk,20101201,20101201
16275,United Kingdom,1,559.87,336,197,559.87,1,2,3,At Risk,20110527,20110527
16276,United Kingdom,1,810.6,420,177,810.6,2,2,3,At Risk,20110616,20110616
16278,United Kingdom,1,566.38,114,100,566.38,2,2,3,At Risk,20110831,20110831
16279,United Kingdom,3,1502.78,1046,21,500.93,4,4,4,Champions,20110616,20111118
16281,United Kingdom,1,2062.06,934,72,2062.06,2,2,5,At Risk,20110928,20110928
16282,United Kingdom,1,168.3,114,340,168.3,1,2,1,At Risk,20110104,20110104
16283,United Kingdom,5,1569.11,1234,6,313.82,5,4,4,Champions,20110515,20111204
16284,United Kingdom,2,812.68,535,31,406.34,4,3,3,Loyal,20111020,20111108
16287,United Kingdom,1,142.5,298,170,142.5,2,2,1,At Risk,20110623,20110623
16292,United Kingdom,1,302.25,191,122,302.25,2,2,2,At Risk,20110810,20110810
16293,United Kingdom,10,2248.99,982,22,224.9,4,5,5,Champions,20101207,20111118
16295,United Kingdom,4,1328.55,841,10,332.14,5,4,4,Champions,20111006,20111130
16297,United Kingdom,1,301.9,206,269,301.9,1,2,2,At Risk,20110316,20110316
16298,United Kingdom,3,598.2,198,23,199.4,4,4,3,Champions,20110606,20111117
16302,United Kingdom,1,233.22,158,127,233.22,2,2,1,At Risk,20110805,20110805
16303,United Kingdom,3,5360.63,2659,26,1786.88,4,4,5,Champions,20110110,20111114
16305,United Kingdom,1,361.22,256,139,361.22,2,2,2,At Risk,20110724,20110724
16306,United Kingdom,6,632.27,487,214,105.38,1,5,3,Can't Lose Them,20101207,20110510
16308,United Kingdom,4,2560.0,8000,38,640.0,3,4,5,Loyal,20110323,20111102
16309,United Kingdom,2,706.57,467,106,353.28,2,3,3,At Risk,20110413,20110825
16311,United Kingdom,2,616.26,394,18,308.13,4,3,3,Loyal,20111021,20111122
16313,United Kingdom,2,274.15,165,3,137.07,5,3,2,Loyal,20111021,20111206
16315,United Kingdom,1,226.37,75,331,226.37,1,2,1,At Risk,20110113,20110113
16316,United Kingdom,8,2938.91,1484,64,367.36,3,5,5,Loyal,20101216,20111006
16317,United Kingdom,3,1341.65,890,120,447.22,2,4,4,Can't Lose Them,20110215,20110812
16318,United Kingdom,1,328.15,199,35,328.15,3,2,2,Need Attention,20111104,20111104
16319,United Kingdom,1,404.4,72,218,404.4,1,2,2,At Risk,20110506,20110506
16320,Unspecified,2,1038.46,732,172,519.23,2,3,4,At Risk,20110510,20110620
16321,Australia,5,373.65,135,72,74.73,2,4,2,Can't Lose Them,20110120,20110928
16322,United Kingdom,2,326.75,231,1,163.38,5,3,2,Loyal,20111103,20111208
16323,United Kingdom,1,207.5,50,196,207.5,1,2,1,At Risk,20110527,20110527
16324,United Kingdom,3,408.59,270,128,136.2,2,4,2,Can't Lose Them,20110615,20110803
16325,United Kingdom,3,594.24,194,47,198.08,3,4,3,Loyal,20110408,20111024
16326,United Kingdom,14,3039.22,682,6,217.09,5,5,5,Champions,20110109,20111204
16327,United Kingdom,6,3789.67,2524,14,631.61,4,5,5,Champions,20101205,20111125
16330,United Kingdom,3,251.91,147,18,83.97,4,4,2,Champions,20110819,20111122
16332,United Kingdom,7,1582.8,797,28,226.11,4,5,4,Champions,20110207,20111111
16333,United Kingdom,22,26626.8,32184,8,1210.31,5,5,5,Champions,20110203,20111202
16337,United Kingdom,1,151.05,87,37,151.05,3,2,1,Need Attention,20111103,20111103
16338,United Kingdom,1,214.8,94,157,214.8,2,2,1,At Risk,20110705,20110705
16339,United Kingdom,1,94.05,21,284,94.05,1,2,1,At Risk,20110228,20110228
16340,United Kingdom,1,534.31,486,107,534.31,2,2,3,At Risk,20110824,20110824
16341,United Kingdom,4,1971.87,1398,25,492.97,4,4,4,Champions,20110522,20111115
16342,United Kingdom,4,322.41,157,75,80.6,2,4,2,Can't Lose Them,20110613,20110925
16343,United Kingdom,2,328.58,175,16,164.29,4,3,2,Loyal,20111123,20111123
16344,United Kingdom,1,101.1,18,158,101.1,2,2,1,At Risk,20110704,20110704
16345,United Kingdom,1,565.46,288,44,565.46,3,2,3,Need Attention,20111026,20111026
16347,United Kingdom,2,847.45,341,11,423.72,5,3,3,Loyal,20111103,20111128
16348,United Kingdom,7,1413.31,799,32,201.9,4,5,4,Champions,20110413,20111107
16349,United Kingdom,1,53.5,9,291,53.5,1,2,1,At Risk,20110222,20110222
16350,United Kingdom,4,1116.47,545,21,279.12,4,4,4,Champions,20110110,20111118
16351,United Kingdom,1,153.9,90,333,153.9,1,2,1,At Risk,20110111,20110111
16352,United Kingdom,2,494.44,300,18,247.22,4,3,3,Loyal,20111102,20111122
16353,United Kingdom,23,6675.71,2006,4,290.25,5,5,5,Champions,20101205,20111206
16354,United Kingdom,2,395.8,150,63,197.9,3,3,2,Loyal,20110927,20111007
16356,United Kingdom,3,211.77,93,198,70.59,1,4,1,Can't Lose Them,20110307,20110526
16357,United Kingdom,3,658.88,246,33,219.63,3,4,3,Loyal,20110510,20111106
16358,United Kingdom,4,2027.5,1302,1,506.88,5,4,4,Champions,20110608,20111208
16359,United Kingdom,9,1750.92,1183,7,194.55,5,5,4,Champions,20110112,20111202
16360,United Kingdom,6,3450.41,2110,5,575.07,5,5,5,Champions,20110912,20111205
16361,United Kingdom,4,891.21,418,10,222.8,5,4,3,Champions,20110929,20111130
16362,United Kingdom,5,709.99,340,32,142.0,4,4,3,Champions,20110909,20111107
16363,United Kingdom,1,109.36,52,53,109.36,3,2,1,Need Attention,20111017,20111017
16364,United Kingdom,2,705.79,279,12,352.9,5,3,3,Loyal,20110725,20111128
16365,United Kingdom,9,1540.42,504,18,171.16,4,5,4,Champions,20101207,20111122
16366,United Kingdom,1,327.3,256,19,327.3,4,2,2,New / Promising,20111121,20111121
16367,United Kingdom,2,800.67,643,37,400.34,3,3,3,Loyal,20101212,20111102
16368,United Kingdom,2,479.91,251,2,239.96,5,3,2,Loyal,20111111,20111207
16369,United Kingdom,3,1543.33,1026,18,514.44,4,4,4,Champions,20110527,20111121
16370,United Kingdom,4,1301.91,640,82,325.48,2,4,4,Can't Lose Them,20110428,20110918
16372,United Kingdom,2,355.73,158,33,177.86,3,3,2,Loyal,20111106,20111106
16374,United Kingdom,2,458.78,236,66,229.39,3,3,2,Loyal,20110322,20111004
16376,United Kingdom,2,974.96,691,9,487.48,5,3,4,Loyal,20111122,20111201
16377,United Kingdom,1,676.2,1500,267,676.2,1,2,3,At Risk,20110317,20110317
16378,United Kingdom,3,362.95,267,247,120.98,1,4,2,Can't Lose Them,20110202,20110406
16379,United Kingdom,4,2157.4,1410,4,539.35,5,4,5,Champions,20110922,20111205
16380,United Kingdom,1,1743.15,1428,61,1743.15,3,2,4,Need Attention,20111009,20111009
16383,United Kingdom,2,643.76,467,75,321.88,2,3,3,At Risk,20110316,20110926
16384,United Kingdom,2,584.5,260,90,292.25,2,3,3,At Risk,20110321,20110911
16385,United Kingdom,3,554.86,258,60,184.95,3,4,3,Loyal,20101208,20111010
16386,United Kingdom,2,302.57,205,29,151.28,4,3,2,Loyal,20110331,20111111
16387,United Kingdom,1,94.36,44,323,94.36,1,2,1,At Risk,20110121,20110121
16389,United Kingdom,4,1382.07,1242,53,345.52,3,4,4,Loyal,20110301,20111017
16392,United Kingdom,1,217.89,201,270,217.89,1,2,1,At Risk,20110315,20110315
16393,United Kingdom,13,3040.96,1573,2,233.92,5,5,5,Champions,20101205,20111207
16394,United Kingdom,5,1555.34,2604,57,311.07,3,4,4,Loyal,20110223,20111014
16395,United Kingdom,5,1482.06,1472,61,296.41,3,4,4,Loyal,20110113,20111010
16398,United Kingdom,2,1705.8,758,154,852.9,2,3,4,At Risk,20110331,20110708
16399,United Kingdom,2,406.22,245,19,203.11,4,3,2,Loyal,20110418,20111120
16400,United Kingdom,1,303.93,172,95,303.93,2,2,2,At Risk,20110906,20110906
16401,United Kingdom,12,4098.32,3882,1,341.53,5,5,5,Champions,20110116,20111208
16402,United Kingdom,2,293.45,146,265,146.72,1,3,2,At Risk,20101205,20110320
16403,United Kingdom,1,177.5,114,312,177.5,1,2,1,At Risk,20110131,20110131
16404,United Kingdom,1,443.05,157,70,443.05,3,2,2,Need Attention,20110930,20110930
16405,United Kingdom,2,167.25,187,302,83.62,1,3,1,At Risk,20110202,20110210
16406,United Kingdom,1,154.35,116,19,154.35,4,2,1,New / Promising,20111121,20111121
16407,United Kingdom,10,2079.68,1093,13,207.97,5,5,5,Champions,20110131,20111127
16409,United Kingdom,5,2022.98,1304,36,404.6,3,4,4,Loyal,20110126,20111103
16411,United Kingdom,2,211.7,131,19,105.85,4,3,1,Loyal,20101205,20111120
16412,United Kingdom,1,135.99,63,54,135.99,3,2,1,Need Attention,20111017,20111017
16413,United Kingdom,1,262.2,148,57,262.2,3,2,2,Need Attention,20111014,20111014
16414,United Kingdom,2,126.25,27,22,63.12,4,3,1,Loyal,20110304,20111118
16415,United Kingdom,1,200.27,178,44,200.27,3,2,1,Need Attention,20111026,20111026
16416,United Kingdom,3,1051.4,672,27,350.47,4,4,4,Champions,20111014,20111113
16418,United Kingdom,3,631.12,280,45,210.37,3,4,3,Loyal,20110427,20111026
16419,United Kingdom,6,958.71,428,113,159.78,2,5,4,Can't Lose Them,20110201,20110819
16422,United Kingdom,51,34684.4,33704,17,680.09,4,5,5,Champions,20101205,20111122
16423,United Kingdom,1,346.12,230,25,346.12,4,2,2,New / Promising,20111115,20111115
16424,United Kingdom,1,133.56,88,191,133.56,1,2,1,At Risk,20110601,20110601
16425,United Kingdom,1,302.7,199,302,302.7,1,2,2,At Risk,20110210,20110210
16426,United Kingdom,10,1863.76,1215,2,186.38,5,5,4,Champions,20110308,20111207
16427,United Kingdom,2,241.06,156,263,120.53,1,3,1,At Risk,20110228,20110321
16429,United Kingdom,1,284.55,9,106,284.55,2,2,2,At Risk,20110825,20110825
16430,United Kingdom,1,300.85,103,57,300.85,3,2,2,Need Attention,20111013,20111013
16431,United Kingdom,3,623.28,442,213,207.76,1,4,3,Can't Lose Them,20110215,20110510
16432,United Kingdom,1,287.4,276,64,287.4,3,2,2,Need Attention,20111006,20111006
16433,United Kingdom,1,184.26,106,28,184.26,4,2,1,New / Promising,20111111,20111111
16434,United Kingdom,7,1511.8,760,29,215.97,4,5,4,Champions,20110213,20111110
16438,United Kingdom,5,798.35,463,6,159.67,5,4,3,Champions,20110918,20111204
16440,United Kingdom,5,3640.67,2018,8,728.13,5,4,5,Champions,20110509,20111202
16441,United Kingdom,2,381.2,173,67,190.6,3,3,2,Loyal,20110221,20111003
16442,United Kingdom,3,609.3,443,2,203.1,5,4,3,Champions,20101214,20111208
16444,United Kingdom,4,654.67,407,46,163.67,3,4,3,Loyal,20110320,20111024
16445,United Kingdom,1,230.51,111,34,230.51,3,2,1,Need Attention,20111106,20111106
16446,United Kingdom,2,168472.5,80997,1,84236.25,5,3,5,Loyal,20110518,20111209
16447,United Kingdom,1,255.91,221,136,255.91,2,2,2,At Risk,20110727,20110727
16448,United Kingdom,1,182.99,76,198,182.99,1,2,1,At Risk,20110525,20110525
16449,United Kingdom,2,707.69,367,198,353.84,1,3,3,At Risk,20110304,20110526
16450,United Kingdom,1,311.92,200,150,311.92,2,2,2,At Risk,20110713,20110713
16451,United Kingdom,1,266.97,120,88,266.97,2,2,2,At Risk,20110913,20110913
16454,United Kingdom,1,5.9,2,64,5.9,3,2,1,Need Attention,20111006,20111006
16455,United Kingdom,7,1841.18,988,64,263.03,3,5,4,Loyal,20101203,20111007
16456,United Kingdom,5,2158.18,1147,99,431.64,2,4,5,Can't Lose Them,20101201,20110901
16457,United Kingdom,1,208.36,140,218,208.36,1,2,1,At Risk,20110505,20110505
16458,United Kingdom,18,3482.74,2154,3,193.49,5,5,5,Champions,20101214,20111207
16460,United Kingdom,3,811.23,876,28,270.41,4,4,3,Champions,20110919,20111111
16461,United Kingdom,1,142.92,48,178,142.92,2,2,1,At Risk,20110615,20110615
16462,United Kingdom,3,136.0,16,74,45.33,2,4,1,Can't Lose Them,20110301,20110927
16463,United Kingdom,4,1422.4,1163,21,355.6,4,4,4,Champions,20110519,20111118
16464,United Kingdom,3,1298.66,952,20,432.89,4,4,4,Champions,20110720,20111120
16466,United Kingdom,7,1595.96,785,34,227.99,3,5,4,Loyal,20110220,20111106
16468,United Kingdom,1,74.9,31,74,74.9,2,2,1,At Risk,20110926,20110926
16469,United Kingdom,4,625.42,260,24,156.35,4,4,3,Champions,20110407,20111116
16470,United Kingdom,4,752.77,522,52,188.19,3,4,3,Loyal,20101216,20111019
16471,United Kingdom,1,223.95,141,275,223.95,1,2,1,At Risk,20110310,20110310
16473,United Kingdom,3,316.11,196,165,105.37,2,4,2,Can't Lose Them,20110107,20110628
16474,United Kingdom,7,1810.49,907,7,258.64,5,5,4,Champions,20110717,20111202
16475,United Kingdom,4,544.3,319,88,136.07,2,4,3,Can't Lose Them,20110311,20110912
16477,United Kingdom,7,2494.46,1415,64,356.35,3,5,5,Loyal,20101203,20111007
16478,United Kingdom,3,331.0,224,25,110.33,4,4,2,Champions,20111005,20111114
16479,United Kingdom,2,300.83,102,10,150.42,5,3,2,Loyal,20111129,20111129
16480,United Kingdom,1,769.29,455,76,769.29,2,2,3,At Risk,20110925,20110925
16482,United Kingdom,1,220.62,346,16,220.62,4,2,1,New / Promising,20111124,20111124
16483,United Kingdom,1,139.35,44,192,139.35,1,2,1,At Risk,20110531,20110531
16484,United Kingdom,2,404.3,200,174,202.15,2,3,2,At Risk,20110602,20110619
16485,United Kingdom,1,363.65,235,77,363.65,2,2,2,At Risk,20110923,20110923
16488,United Kingdom,3,498.8,728,33,166.27,3,4,3,Loyal,20110714,20111106
16491,United Kingdom,1,731.5,478,47,731.5,3,2,3,Need Attention,20111024,20111024
16493,United Kingdom,4,1351.63,1164,80,337.91,2,4,4,Can't Lose Them,20110114,20110921
16494,United Kingdom,1,826.53,675,297,826.53,1,2,3,At Risk,20110216,20110216
16495,United Kingdom,3,648.26,328,3,216.09,5,4,3,Champions,20110308,20111206
16496,United Kingdom,3,1599.52,1111,9,533.17,5,4,4,Champions,20110127,20111201
16497,United Kingdom,6,2965.69,1396,50,494.28,3,5,5,Loyal,20110110,20111021
16498,United Kingdom,2,100.97,45,161,50.48,2,3,1,At Risk,20110630,20110701
16499,United Kingdom,2,365.45,127,360,182.72,1,3,2,At Risk,20101210,20101214
16500,United Kingdom,6,400.86,123,5,66.81,5,5,2,Champions,20110113,20111205
16503,United Kingdom,4,1431.93,569,107,357.98,2,4,4,Can't Lose Them,20101214,20110825
16504,United Kingdom,1,465.88,510,25,465.88,4,2,2,New / Promising,20111114,20111114
16505,United Kingdom,1,777.6,576,32,777.6,4,2,3,New / Promising,20111108,20111108
16506,United Kingdom,2,90.3,42,20,45.15,4,3,1,Loyal,20111030,20111120
16509,United Kingdom,1,363.7,64,297,363.7,1,2,2,At Risk,20110216,20110216
16510,United Kingdom,1,248.1,92,372,248.1,1,2,2,At Risk,20101202,20101202
16511,United Kingdom,3,916.33,401,22,305.44,4,4,3,Champions,20110318,20111118
16513,United Kingdom,4,874.59,407,5,218.65,5,4,3,Champions,20111027,20111205
16515,United Kingdom,5,1624.14,826,52,324.83,3,4,4,Loyal,20110201,20111018
16516,United Kingdom,1,101.7,58,30,101.7,4,2,1,New / Promising,20111109,20111109
16517,United Kingdom,1,162.7,96,277,162.7,1,2,1,At Risk,20110307,20110307
16518,United Kingdom,2,484.32,327,61,242.16,3,3,3,Loyal,20110228,20111009
16519,United Kingdom,2,212.98,53,25,106.49,4,3,1,Loyal,20101209,20111114
16520,United Kingdom,3,1046.57,558,186,348.86,1,4,4,Can't Lose Them,20101209,20110606
16523,United Kingdom,21,9418.47,4265,2,448.5,5,5,5,Champions,20110128,20111208
16525,United Kingdom,26,13027.45,7397,2,501.06,5,5,5,Champions,20101208,20111207
16526,United Kingdom,1,290.36,106,172,290.36,2,2,2,At Risk,20110621,20110621
16527,United Kingdom,1,228.06,106,81,228.06,2,2,1,At Risk,20110919,20110919
16528,United Kingdom,1,244.41,171,4,244.41,5,2,1,New / Promising,20111206,20111206
16529,United Kingdom,1,455.25,198,190,455.25,1,2,2,At Risk,20110602,20110602
16531,United Kingdom,7,1244.59,915,22,177.8,4,5,4,Champions,20101214,20111117
16532,United Kingdom,3,6748.8,2016,18,2249.6,4,4,5,Champions,20110105,20111122
16533,United Kingdom,3,1082.81,611,19,360.94,4,4,4,Champions,20111002,20111120
16535,United Kingdom,1,593.75,356,5,593.75,5,2,3,New / Promising,20111204,20111204
16536,United Kingdom,1,548.12,250,110,548.12,2,2,3,At Risk,20110821,20110821
16539,United Kingdom,4,1388.81,477,3,347.2,5,4,4,Champions,20101201,20111207
16542,United Kingdom,1,119.62,46,54,119.62,3,2,1,Need Attention,20111017,20111017
16545,United Kingdom,1,339.3,78,165,339.3,2,2,2,At Risk,20110628,20110628
16546,United Kingdom,2,787.15,549,291,393.58,1,3,3,At Risk,20101202,20110222
16549,United Kingdom,10,4034.9,2294,10,403.49,5,5,5,Champions,20110109,20111129
16550,United Kingdom,5,2298.97,1540,109,459.79,2,4,5,Can't Lose Them,20101206,20110823
16551,United Kingdom,3,922.12,970,96,307.37,2,4,4,Can't Lose Them,20110107,20110905
16552,United Kingdom,2,379.73,219,243,189.86,1,3,2,At Risk,20101201,20110411
16553,United Kingdom,12,5719.82,4600,163,476.65,2,5,5,Can't Lose Them,20101214,20110629
16554,United Kingdom,3,837.1,402,42,279.03,3,4,3,Loyal,20110112,20111028
16555,United Kingdom,2,285.89,175,35,142.94,3,3,2,Loyal,20110822,20111104
16556,United Kingdom,7,3313.79,1890,67,473.4,3,5,5,Loyal,20101214,20111004
16557,United Kingdom,2,281.85,111,24,140.93,4,3,2,Loyal,20110725,20111115
16558,United Kingdom,20,8338.49,5377,1,416.92,5,5,5,Champions,20101208,20111209
16560,United Kingdom,2,841.41,500,27,420.7,4,3,3,Loyal,20101216,20111113
16561,United Kingdom,2,511.12,244,6,255.56,5,3,3,Loyal,20111011,20111204
16563,United Kingdom,1,1077.74,486,54,1077.74,3,2,4,Need Attention,20111017,20111017
16565,United Kingdom,1,173.7,46,364,173.7,1,2,1,At Risk,20101210,20101210
16566,United Kingdom,5,614.66,362,15,122.93,4,4,3,Champions,20110220,20111124
16567,United Kingdom,2,865.6,996,194,432.8,1,3,3,At Risk,20110107,20110529
16569,United Kingdom,1,124.2,93,3,124.2,5,2,1,New / Promising,20111206,20111206
16570,United Kingdom,10,3738.4,2112,15,373.84,4,5,5,Champions,20110201,20111124
16571,United Kingdom,3,1421.69,1239,27,473.9,4,4,4,Champions,20110303,20111113
16572,United Kingdom,3,1009.6,532,127,336.53,2,4,4,Can't Lose Them,20110309,20110804
16573,United Kingdom,2,663.61,360,85,331.8,2,3,3,At Risk,20110222,20110916
16574,United Kingdom,1,451.44,416,71,451.44,3,2,2,Need Attention,20110929,20110929
16581,United Kingdom,1,105.84,134,183,105.84,1,2,1,At Risk,20110610,20110610
16582,United Kingdom,1,313.62,164,113,313.62,2,2,2,At Risk,20110818,20110818
16583,United Kingdom,1,233.45,111,374,233.45,1,2,1,At Risk,20101201,20101201
16584,United Kingdom,2,936.08,646,80,468.04,2,3,4,At Risk,20110330,20110920
16586,United Kingdom,1,463.95,95,249,463.95,1,2,2,At Risk,20110405,20110405
16587,United Kingdom,1,225.15,71,232,225.15,1,2,1,At Risk,20110421,20110421
16589,United Kingdom,3,459.24,368,71,153.08,3,4,2,Loyal,20110701,20110929
16591,United Kingdom,1,213.5,41,69,213.5,3,2,1,Need Attention,20111002,20111002
16592,United Kingdom,16,4113.68,2927,4,257.1,5,5,5,Champions,20110225,20111205
16593,United Kingdom,3,330.03,116,51,110.01,3,4,2,Loyal,20110116,20111020
16594,United Kingdom,1,181.09,64,75,181.09,2,2,1,At Risk,20110925,20110925
16595,United Kingdom,1,360.16,335,61,360.16,3,2,2,Need Attention,20111009,20111009
16596,United Kingdom,2,250.15,97,16,125.08,4,3,2,Loyal,20101208,20111124
16597,United Kingdom,1,90.04,184,4,90.04,5,2,1,New / Promising,20111205,20111205
16598,United Kingdom,1,145.05,73,286,145.05,1,2,1,At Risk,20110227,20110227
16600,United Kingdom,6,813.52,1145,4,135.59,5,5,3,Champions,20110105,20111205
16601,United Kingdom,1,241.53,130,41,241.53,3,2,1,Need Attention,20111030,20111030
16602,United Kingdom,1,528.08,336,36,528.08,3,2,3,Need Attention,20111103,20111103
16603,United Kingdom,2,482.47,480,75,241.24,2,3,3,At Risk,20110909,20110926
16607,United Kingdom,14,3347.71,2859,18,239.12,4,5,5,Champions,20101216,20111122
16609,United Kingdom,7,5493.46,2420,15,784.78,4,5,5,Champions,20110401,20111124
16610,United Kingdom,1,75.66,66,219,75.66,1,2,1,At Risk,20110504,20110504
16611,United Kingdom,1,129.49,47,186,129.49,1,2,1,At Risk,20110606,20110606
16612,United Kingdom,4,1187.66,506,33,296.92,3,4,4,Loyal,20110201,20111107
16613,United Kingdom,1,618.59,293,70,618.59,3,2,3,Need Attention,20110930,20110930
16614,United Kingdom,1,506.19,223,183,506.19,1,2,3,At Risk,20110610,20110610
16616,United Kingdom,2,500.42,370,15,250.21,4,3,3,Loyal,20110705,20111124
16617,United Kingdom,1,151.85,91,236,151.85,1,2,1,At Risk,20110418,20110418
16618,United Kingdom,5,2647.59,1363,31,529.52,4,4,5,Champions,20110121,20111108
16619,United Kingdom,1,226.21,133,264,226.21,1,2,1,At Risk,20110321,20110321
16620,United Kingdom,2,178.96,88,4,89.48,5,3,1,Loyal,20110324,20111206
16621,United Kingdom,4,813.48,302,52,203.37,3,4,3,Loyal,20110307,20111019
16623,United Kingdom,1,129.45,39,246,129.45,1,2,1,At Risk,20110408,20110408
16624,United Kingdom,2,810.57,488,81,405.28,2,3,3,At Risk,20110526,20110920
16625,United Kingdom,1,333.08,164,275,333.08,1,2,2,At Risk,20110310,20110310
16626,United Kingdom,17,4413.1,2690,1,259.59,5,5,5,Champions,20110318,20111209
16627,United Kingdom,1,322.8,162,79,322.8,2,2,2,At Risk,20110921,20110921
16628,United Kingdom,5,2188.05,1205,30,437.61,4,4,5,Champions,20110419,20111110
16629,United Kingdom,2,408.63,489,74,204.32,2,3,2,At Risk,20110904,20110927
16633,United Kingdom,6,2883.1,1138,17,480.52,4,5,5,Champions,20110419,20111122
16634,United Kingdom,2,217.9,82,223,108.95,1,3,1,At Risk,20101202,20110501
16637,United Kingdom,4,1154.47,927,32,288.62,4,4,4,Champions,20110428,20111107
16638,United Kingdom,10,1680.72,1255,23,168.07,4,5,4,Champions,20101206,20111117
16639,United Kingdom,3,1257.51,510,31,419.17,4,4,4,Champions,20110418,20111108
16641,United Kingdom,1,231.1,256,106,231.1,2,2,1,At Risk,20110826,20110826
16642,United Kingdom,2,688.33,479,5,344.16,5,3,3,Loyal,20110516,20111205
16643,United Kingdom,1,487.51,269,246,487.51,1,2,3,At Risk,20110408,20110408
16644,United Kingdom,2,833.78,826,178,416.89,2,3,3,At Risk,20110511,20110615
16647,United Kingdom,2,214.06,146,170,107.03,2,3,1,At Risk,20110519,20110623
16648,United Kingdom,1,290.66,281,43,290.66,3,2,2,Need Attention,20111028,20111028
16650,United Kingdom,1,518.42,372,72,518.42,2,2,3,At Risk,20110929,20110929
16652,United Kingdom,7,6773.97,3283,59,967.71,3,5,5,Loyal,20110311,20111012
16653,United Kingdom,2,1212.66,733,16,606.33,4,3,4,Loyal,20110929,20111123
16654,United Kingdom,4,601.27,282,141,150.32,2,4,3,Can't Lose Them,20101206,20110721
16655,United Kingdom,6,3789.52,2363,18,631.59,4,5,5,Champions,20110112,20111122
16656,United Kingdom,15,8625.8,8894,22,575.05,4,5,5,Champions,20101210,20111117
16657,United Kingdom,4,874.43,1130,10,218.61,5,4,3,Champions,20110330,20111130
16658,United Kingdom,1,123.24,40,368,123.24,1,2,1,At Risk,20101206,20101206
16659,United Kingdom,1,39.12,72,189,39.12,1,2,1,At Risk,20110603,20110603
16660,United Kingdom,4,1267.65,571,16,316.91,4,4,4,Champions,20110124,20111123
16665,United Kingdom,1,135.4,59,362,135.4,1,2,1,At Risk,20101212,20101212
16666,United Kingdom,1,118.98,233,19,118.98,4,2,1,New / Promising,20111120,20111120
16667,United Kingdom,2,567.18,236,68,283.59,3,3,3,Loyal,20110228,20111002
16668,United Kingdom,6,306.72,318,15,51.12,4,5,2,Champions,20110228,20111124
16669,United Kingdom,2,1344.48,871,24,672.24,4,3,4,Loyal,20110922,20111116
16670,United Kingdom,11,4095.9,2556,17,372.35,4,5,5,Champions,20101216,20111123
16671,United Kingdom,3,1692.27,875,28,564.09,4,4,4,Champions,20110628,20111111
16672,United Kingdom,20,8134.94,2832,2,406.75,5,5,5,Champions,20110318,20111207
16674,United Kingdom,2,304.24,181,55,152.12,3,3,2,Loyal,20110902,20111016
16676,United Kingdom,4,1592.12,636,34,398.03,3,4,4,Loyal,20110106,20111106
16678,United Kingdom,12,3109.99,2397,3,259.17,5,5,5,Champions,20110302,20111207
16679,United Kingdom,1,129.75,29,366,129.75,1,2,1,At Risk,20101208,20101208
16680,United Kingdom,1,183.7,94,43,183.7,3,2,1,Need Attention,20111027,20111027
16681,United Kingdom,6,1770.34,1407,73,295.06,2,5,4,Can't Lose Them,20110331,20110928
16682,United Kingdom,5,1028.0,1040,5,205.6,5,4,4,Champions,20110605,20111205
16684,United Kingdom,28,66653.56,50255,4,2380.48,5,5,5,Champions,20101216,20111205
16685,United Kingdom,2,324.24,396,61,162.12,3,3,2,Loyal,20111009,20111009
16686,United Kingdom,7,2959.88,1977,47,422.84,3,5,5,Loyal,20101219,20111023
16688,United Kingdom,4,1260.86,804,1,315.21,5,4,4,Champions,20111010,20111208
16689,United Kingdom,2,422.6,330,76,211.3,2,3,2,At Risk,20110918,20110925
16690,United Kingdom,2,225.58,138,72,112.79,2,3,1,At Risk,20110522,20110928
16692,United Kingdom,2,1126.0,151,256,563.0,1,3,4,At Risk,20110223,20110328
16693,United Kingdom,2,477.86,203,69,238.93,3,3,2,Loyal,20110313,20111002
16696,United Kingdom,4,657.9,146,135,164.48,2,4,3,Can't Lose Them,20110405,20110727
16697,United Kingdom,1,112.75,27,241,112.75,1,2,1,At Risk,20110412,20110412
16698,United Kingdom,2,1998.0,840,227,999.0,1,3,4,At Risk,20110331,20110427
16700,United Kingdom,13,5076.55,4024,9,390.5,5,5,5,Champions,20101208,20111201
16701,United Kingdom,13,5398.3,6393,9,415.25,5,5,5,Champions,20101213,20111201
16705,United Kingdom,20,14034.99,5476,1,701.75,5,5,5,Champions,20101216,20111209
16706,United Kingdom,3,531.35,249,37,177.12,3,4,3,Loyal,20110817,20111102
16708,United Kingdom,1,656.63,285,46,656.63,3,2,3,Need Attention,20111025,20111025
16709,United Kingdom,5,3029.87,851,85,605.97,2,4,5,Can't Lose Them,20110303,20110916
16710,United Kingdom,10,2467.99,1823,19,246.8,4,5,5,Champions,20101206,20111120
16711,United Kingdom,5,1651.03,833,3,330.21,5,4,4,Champions,20101217,20111206
16712,United Kingdom,11,3603.66,1727,9,327.61,5,5,5,Champions,20110308,20111130
16713,United Kingdom,15,6910.78,4271,19,460.72,4,5,5,Champions,20101208,20111121
16714,United Kingdom,2,1114.06,588,317,557.03,1,3,4,At Risk,20110126,20110126
16715,United Kingdom,1,301.72,642,78,301.72,2,2,2,At Risk,20110922,20110922
16716,United Kingdom,2,901.2,120,267,450.6,1,3,3,At Risk,20110201,20110318
16717,United Kingdom,6,3843.08,1860,24,640.51,4,5,5,Champions,20101208,20111116
16718,United Kingdom,1,606.05,407,369,606.05,1,2,3,At Risk,20101205,20101205
16719,United Kingdom,7,1770.22,1175,15,252.89,4,5,4,Champions,20101206,20111125
16720,United Kingdom,1,152.95,180,26,152.95,4,2,1,New / Promising,20111113,20111113
16721,United Kingdom,1,292.47,172,262,292.47,1,2,2,At Risk,20110322,20110322
16722,United Kingdom,13,4730.81,5001,17,363.91,4,5,5,Champions,20101206,20111122
16723,United Kingdom,2,576.4,398,91,288.2,2,3,3,At Risk,20110824,20110909
16725,United Kingdom,6,756.82,287,302,126.14,1,5,3,Can't Lose Them,20101203,20110210
16726,United Kingdom,5,1358.74,945,26,271.75,4,4,4,Champions,20101213,20111113
16727,United Kingdom,1,256.32,167,364,256.32,1,2,2,At Risk,20101210,20101210
16728,United Kingdom,4,1048.28,671,46,262.07,3,4,4,Loyal,20110320,20111024
16729,United Kingdom,21,7202.01,5718,38,342.95,3,5,5,Loyal,20110412,20111101
16730,United Kingdom,3,743.11,994,52,247.7,3,4,3,Loyal,20110124,20111018
16732,United Kingdom,1,603.75,317,32,603.75,4,2,3,New / Promising,20111108,20111108
16734,United Kingdom,3,646.76,345,52,215.59,3,4,3,Loyal,20110817,20111018
16735,United Kingdom,5,2247.41,1532,79,449.48,2,4,5,Can't Lose Them,20110109,20110922
16737,United Kingdom,1,417.6,288,53,417.6,3,2,2,Need Attention,20111017,20111017
16738,United Kingdom,1,3.75,3,298,3.75,1,2,1,At Risk,20110215,20110215
16739,United Kingdom,1,323.0,172,177,323.0,2,2,2,At Risk,20110616,20110616
16743,United Kingdom,7,2213.13,2035,29,316.16,4,5,5,Champions,20101216,20111110
16744,United Kingdom,7,1291.91,798,11,184.56,5,5,4,Champions,20110619,20111128
16745,United Kingdom,17,7180.7,6719,87,422.39,2,5,5,Can't Lose Them,20110201,20110914
16746,United Kingdom,18,6680.11,4660,5,371.12,5,5,5,Champions,20101216,20111205
16747,United Kingdom,2,836.06,583,38,418.03,3,3,3,Loyal,20111003,20111102
16748,United Kingdom,5,1515.9,880,18,303.18,4,4,4,Champions,20110109,20111122
16750,United Kingdom,5,623.93,214,45,124.79,3,4,3,Loyal,20110421,20111026
16751,United Kingdom,1,1764.72,1031,31,1764.72,4,2,4,New / Promising,20111109,20111109
16752,United Kingdom,1,207.5,54,373,207.5,1,2,1,At Risk,20101202,20101202
16753,United Kingdom,1,223.92,189,58,223.92,3,2,1,Need Attention,20111012,20111012
16754,United Kingdom,1,2002.4,4280,372,2002.4,1,2,4,At Risk,20101202,20101202
16755,United Kingdom,3,1475.43,1058,114,491.81,2,4,4,Can't Lose Them,20110128,20110817
16756,United Kingdom,1,239.4,106,215,239.4,1,2,1,At Risk,20110509,20110509
16757,United Kingdom,1,106.83,81,319,106.83,1,2,1,At Risk,20110125,20110125
16758,United Kingdom,1,369.34,203,65,369.34,3,2,2,Need Attention,20111005,20111005
16759,United Kingdom,3,789.79,609,8,263.26,5,4,3,Champions,20111109,20111202
16761,United Kingdom,1,316.62,341,97,316.62,2,2,2,At Risk,20110904,20110904
16762,United Kingdom,3,1207.24,480,20,402.41,4,4,4,Champions,20110718,20111120
16763,United Kingdom,1,611.85,319,199,611.85,1,2,3,At Risk,20110525,20110525
16764,United Kingdom,13,2790.95,1253,4,214.69,5,5,5,Champions,20110719,20111206
16765,United Kingdom,1,34.0,4,294,34.0,1,2,1,At Risk,20110218,20110218
16766,United Kingdom,2,1145.6,536,273,572.8,1,3,4,At Risk,20110311,20110311
16767,United Kingdom,11,5575.56,4423,31,506.87,4,5,5,Champions,20110127,20111109
16768,United Kingdom,3,478.09,196,48,159.36,3,4,2,Loyal,20110313,20111023
16769,United Kingdom,1,361.54,80,260,361.54,1,2,2,At Risk,20110324,20110324
16770,United Kingdom,5,757.1,456,58,151.42,3,4,3,Loyal,20101202,20111013
16771,United Kingdom,5,2230.61,1475,33,446.12,3,4,5,Loyal,20110105,20111106
16773,United Kingdom,1,171.59,171,57,171.59,3,2,1,Need Attention,20111013,20111013
16774,United Kingdom,4,661.52,322,68,165.38,3,4,3,Loyal,20110614,20111003
16775,United Kingdom,11,1691.51,439,10,153.77,5,5,4,Champions,20101207,20111129
16776,United Kingdom,1,371.54,254,60,371.54,3,2,2,Need Attention,20111010,20111010
16777,United Kingdom,2,222.62,62,80,111.31,2,3,1,At Risk,20110327,20110920
16778,United Kingdom,2,245.94,194,74,122.97,2,3,1,At Risk,20110310,20110926
16779,United Kingdom,22,10611.72,5301,2,482.35,5,5,5,Champions,20101208,20111207
16780,United Kingdom,2,422.24,270,100,211.12,2,3,2,At Risk,20110325,20110831
16781,United Kingdom,1,311.25,113,372,311.25,1,2,2,At Risk,20101202,20101202
16782,United Kingdom,13,2267.95,705,10,174.46,5,5,5,Champions,20101209,20111129
16784,United Kingdom,1,107.6,24,20,107.6,4,2,1,New / Promising,20111120,20111120
16788,United Kingdom,2,592.74,303,123,296.37,2,3,3,At Risk,20110330,20110808
16789,United Kingdom,1,80.8,32,8,80.8,5,2,1,New / Promising,20111201,20111201
16790,United Kingdom,6,1545.62,898,4,257.6,5,5,4,Champions,20111102,20111206
16791,United Kingdom,7,1693.03,756,29,241.86,4,5,4,Champions,20110111,20111110
16792,United Kingdom,2,110.38,44,282,55.19,1,3,1,At Risk,20110302,20110302
16793,United Kingdom,1,243.84,146,57,243.84,3,2,1,Need Attention,20111013,20111013
16794,United Kingdom,10,1194.48,922,1,119.45,5,5,4,Champions,20110612,20111208
16795,United Kingdom,1,414.88,239,365,414.88,1,2,2,At Risk,20101209,20101209
16796,United Kingdom,1,305.62,186,89,305.62,2,2,2,At Risk,20110911,20110911
16800,United Kingdom,1,1162.65,524,11,1162.65,5,2,4,New / Promising,20111128,20111128
16801,United Kingdom,4,1594.23,493,163,398.56,2,4,4,Can't Lose Them,20110311,20110629
16803,United Kingdom,1,332.3,245,65,332.3,3,2,2,Need Attention,20111005,20111005
16804,United Kingdom,3,536.99,246,23,179.0,4,4,3,Champions,20110314,20111116
16805,United Kingdom,2,460.59,539,174,230.3,2,3,2,At Risk,20101214,20110619
16806,United Kingdom,4,736.21,355,103,184.05,2,4,3,Can't Lose Them,20110414,20110828
16807,United Kingdom,3,1121.59,778,143,373.86,2,4,4,Can't Lose Them,20110314,20110720
16808,United Kingdom,2,288.42,196,99,144.21,2,3,2,At Risk,20110310,20110901
16809,United Kingdom,5,914.69,652,23,182.94,4,4,3,Champions,20110322,20111116
16810,United Kingdom,1,309.54,114,192,309.54,1,2,2,At Risk,20110531,20110531
16811,United Kingdom,2,547.07,477,5,273.54,5,3,3,Loyal,20111122,20111205
16812,United Kingdom,1,479.35,81,361,479.35,1,2,2,At Risk,20101214,20101214
16813,United Kingdom,10,1652.18,1501,8,165.22,5,5,4,Champions,20110519,20111201
16814,United Kingdom,21,6406.8,2691,14,305.09,4,5,5,Champions,20101205,20111125
16816,United Kingdom,4,417.06,274,103,104.26,2,4,2,Can't Lose Them,20101216,20110828
16817,United Kingdom,9,1604.75,822,3,178.31,5,5,4,Champions,20101206,20111207
16818,United Kingdom,11,3349.57,2164,11,304.51,5,5,5,Champions,20110518,20111129
16820,United Kingdom,1,497.61,307,96,497.61,2,2,3,At Risk,20110905,20110905
16823,United Kingdom,1,358.38,136,227,358.38,1,2,2,At Risk,20110426,20110426
16824,United Kingdom,2,460.64,236,16,230.32,4,3,2,Loyal,20110628,20111124
16825,United Kingdom,2,775.18,566,39,387.59,3,3,3,Loyal,20110607,20111101
16826,United Kingdom,1,341.7,158,51,341.7,3,2,2,Need Attention,20111019,20111019
16828,United Kingdom,1,113.5,58,112,113.5,2,2,1,At Risk,20110819,20110819
16829,United Kingdom,1,197.22,99,157,197.22,2,2,1,At Risk,20110706,20110706
16830,United Kingdom,1,325.91,264,39,325.91,3,2,2,Need Attention,20111101,20111101
16832,United Kingdom,3,199.15,33,184,66.38,1,4,1,Can't Lose Them,20110506,20110608
16833,United Kingdom,4,1106.53,440,1,276.63,5,4,4,Champions,20110109,20111208
16834,United Kingdom,1,413.46,358,228,413.46,1,2,2,At Risk,20110426,20110426
16835,United Kingdom,2,180.85,61,128,90.42,2,3,1,At Risk,20101201,20110803
16836,United Kingdom,2,251.87,165,40,125.94,3,3,2,Loyal,20110815,20111031
16837,United Kingdom,11,3170.98,1563,31,288.27,4,5,5,Champions,20110408,20111108
16838,United Kingdom,2,588.85,185,197,294.42,1,3,3,At Risk,20110224,20110526
16839,United Kingdom,34,16594.35,8975,9,488.07,5,5,5,Champions,20101205,20111201
16841,United Kingdom,6,1869.82,2250,37,311.64,3,5,4,Loyal,20110225,20111103
16842,United Kingdom,3,1264.19,693,101,421.4,2,4,4,Can't Lose Them,20110210,20110831
16843,United Kingdom,16,10196.57,10159,43,637.29,3,5,5,Loyal,20110116,20111028
16846,United Kingdom,1,214.32,135,50,214.32,3,2,1,Need Attention,20111020,20111020
16847,United Kingdom,1,193.44,78,43,193.44,3,2,1,Need Attention,20111027,20111027
16848,United Kingdom,1,281.42,182,53,281.42,3,2,2,Need Attention,20111018,20111018
16849,United Kingdom,1,124.57,33,187,124.57,1,2,1,At Risk,20110606,20110606
16850,United Kingdom,1,332.41,249,334,332.41,1,2,2,At Risk,20110110,20110110
16851,United Kingdom,3,342.45,271,4,114.15,5,4,2,Champions,20111019,20111205
16852,United Kingdom,2,144.91,56,10,72.46,5,3,1,Loyal,20110616,20111129
16855,United Kingdom,2,328.4,164,24,164.2,4,3,2,Loyal,20111027,20111116
16856,United Kingdom,1,35.4,12,15,35.4,4,2,1,New / Promising,20111125,20111125
16858,United Kingdom,1,375.69,91,369,375.69,1,2,2,At Risk,20101206,20101206
16859,United Kingdom,2,747.81,827,145,373.9,2,3,3,At Risk,20110323,20110718
16861,United Kingdom,2,173.76,140,60,86.88,3,3,1,Loyal,20110704,20111011
16863,United Kingdom,2,502.8,409,31,251.4,4,3,3,Loyal,20101208,20111108
16866,United Kingdom,3,207.74,60,141,69.25,2,4,1,Can't Lose Them,20110701,20110722
16869,United Kingdom,4,817.12,583,23,204.28,4,4,3,Champions,20110617,20111117
16871,United Kingdom,6,2812.34,1253,22,468.72,4,5,5,Champions,20110314,20111117
16872,United Kingdom,3,680.02,600,77,226.67,2,4,3,Can't Lose Them,20110608,20110923
16873,United Kingdom,6,7123.62,3840,5,1187.27,5,5,5,Champions,20101210,20111205
16875,United Kingdom,5,2095.53,1069,67,419.11,3,4,5,Loyal,20110104,20111003
16877,United Kingdom,6,846.62,458,12,141.1,5,5,3,Champions,20110515,20111127
16878,United Kingdom,1,13.3,12,84,13.3,2,2,1,At Risk,20110916,20110916
16880,United Kingdom,7,1491.43,746,31,213.06,4,5,4,Champions,20110603,20111109
16881,United Kingdom,1,432.0,600,67,432.0,3,2,2,Need Attention,20111004,20111004
16882,United Kingdom,3,705.12,424,67,235.04,3,4,3,Loyal,20110126,20111004
16883,United Kingdom,2,272.48,103,187,136.24,1,3,2,At Risk,20101203,20110605
16884,United Kingdom,2,429.84,320,38,214.92,3,3,2,Loyal,20111102,20111102
16885,United Kingdom,3,450.41,178,15,150.14,4,4,2,Champions,20101217,20111124
16887,United Kingdom,1,192.33,156,35,192.33,3,2,1,Need Attention,20111104,20111104
16889,United Kingdom,3,1578.67,925,195,526.22,1,4,4,Can't Lose Them,20110107,20110529
16891,United Kingdom,5,742.43,265,2,148.49,5,4,3,Champions,20101203,20111208
16892,United Kingdom,5,518.19,236,1,103.64,5,4,3,Champions,20110609,20111208
16893,United Kingdom,1,145.93,62,367,145.93,1,2,1,At Risk,20101208,20101208
16895,United Kingdom,1,202.27,91,65,202.27,3,2,1,Need Attention,20111006,20111006
16897,United Kingdom,2,289.78,73,299,144.89,1,3,2,At Risk,20110130,20110213
16898,United Kingdom,3,501.03,412,26,167.01,4,4,3,Champions,20101206,20111113
16899,United Kingdom,6,1271.06,520,8,211.84,5,5,4,Champions,20101214,20111202
16900,United Kingdom,3,882.16,832,17,294.05,4,4,3,Champions,20111007,20111123
16902,United Kingdom,1,1706.88,629,116,1706.88,2,2,4,At Risk,20110815,20110815
16903,United Kingdom,1,363.2,247,29,363.2,4,2,2,New / Promising,20111110,20111110
16904,United Kingdom,15,3634.95,1973,4,242.33,5,5,5,Champions,20101207,20111205
16905,United Kingdom,7,3037.6,1381,5,433.94,5,5,5,Champions,20101203,20111204
16906,United Kingdom,4,559.59,263,82,139.9,2,4,3,Can't Lose Them,20110405,20110919
16907,United Kingdom,5,928.76,286,29,185.75,4,4,4,Champions,20101209,20111110
16909,United Kingdom,1,379.14,436,72,379.14,2,2,2,At Risk,20110928,20110928
16910,United Kingdom,8,1508.96,884,4,188.62,5,5,4,Champions,20110909,20111205
16912,United Kingdom,11,2555.58,1025,29,232.33,4,5,5,Champions,20110120,20111111
16913,United Kingdom,1,113.44,82,290,113.44,1,2,1,At Risk,20110222,20110222
16914,United Kingdom,1,183.76,112,36,183.76,3,2,1,Need Attention,20111103,20111103
16915,United Kingdom,6,621.68,132,9,103.61,5,5,3,Champions,20110301,20111130
16916,United Kingdom,2,562.41,431,24,281.2,4,3,3,Loyal,20101202,20111116
16917,United Kingdom,1,391.52,232,277,391.52,1,2,2,At Risk,20110308,20110308
16918,United Kingdom,6,1068.82,721,50,178.14,3,5,4,Loyal,20110126,20111021
16919,United Kingdom,11,2592.25,1403,156,235.66,2,5,5,Can't Lose Them,20101206,20110706
16921,United Kingdom,1,154.18,154,61,154.18,3,2,1,Need Attention,20111009,20111009
16923,United Kingdom,19,7069.08,3344,12,372.06,5,5,5,Champions,20101212,20111127
16924,United Kingdom,3,829.89,467,21,276.63,4,4,3,Champions,20110916,20111118
16926,United Kingdom,1,230.25,35,371,230.25,1,2,1,At Risk,20101203,20101203
16927,United Kingdom,3,543.05,993,116,181.02,2,4,3,Can't Lose Them,20101213,20110816
16928,United Kingdom,17,2806.75,2091,80,165.1,2,5,5,Can't Lose Them,20101201,20110920
16929,United Kingdom,7,1295.39,929,4,185.06,5,5,4,Champions,20110707,20111206
16930,United Kingdom,3,378.89,339,26,126.3,4,4,2,Champions,20111002,20111113
16931,United Kingdom,21,4554.87,3134,5,216.9,5,5,5,Champions,20101205,20111204
16932,United Kingdom,1,150.23,82,53,150.23,3,2,1,Need Attention,20111017,20111017
16933,United Kingdom,2,563.23,288,1,281.62,5,3,3,Loyal,20110414,20111208
16934,United Kingdom,2,931.03,397,55,465.52,3,3,4,Loyal,20111016,20111016
16936,United Kingdom,1,261.9,171,26,261.9,4,2,2,New / Promising,20111114,20111114
16938,United Kingdom,4,2711.68,2533,9,677.92,5,4,5,Champions,20110204,20111201
16940,United Kingdom,3,3049.88,2169,52,1016.63,3,4,5,Loyal,20110223,20111018
16942,United Kingdom,9,1904.99,805,13,211.67,5,5,4,Champions,20110426,20111127
16943,United Kingdom,3,816.73,145,212,272.24,1,4,3,Can't Lose Them,20110125,20110512
16945,United Kingdom,19,4345.5,2725,22,228.71,4,5,5,Champions,20101216,20111118
16947,United Kingdom,1,406.48,312,236,406.48,1,2,2,At Risk,20110418,20110418
16948,United Kingdom,3,435.02,1614,139,145.01,2,4,2,Can't Lose Them,20110118,20110724
16949,United Kingdom,6,1286.27,791,4,214.38,5,5,4,Champions,20110127,20111206
16950,United Kingdom,3,1178.56,644,57,392.85,3,4,4,Loyal,20101207,20111014
16951,United Kingdom,3,1277.75,1318,135,425.92,2,4,4,Can't Lose Them,20110208,20110728
16952,United Kingdom,2,167.61,92,109,83.8,2,3,1,At Risk,20110822,20110822
16953,United Kingdom,1,20.8,10,30,20.8,4,2,1,New / Promising,20111109,20111109
16954,United Kingdom,9,2085.08,1054,1,231.68,5,5,5,Champions,20101215,20111209
16955,United Kingdom,4,518.67,266,185,129.67,1,4,3,Can't Lose Them,20101201,20110608
16956,United Kingdom,1,308.74,114,18,308.74,4,2,2,New / Promising,20111122,20111122
16957,United Kingdom,2,416.64,172,239,208.32,1,3,2,At Risk,20110303,20110414
16959,United Kingdom,1,117.35,49,87,117.35,2,2,1,At Risk,20110913,20110913
16960,United Kingdom,3,505.1,301,39,168.37,3,4,3,Loyal,20110401,20111101
16961,United Kingdom,1,234.17,125,116,234.17,2,2,1,At Risk,20110815,20110815
16963,United Kingdom,1,110.55,35,187,110.55,1,2,1,At Risk,20110605,20110605
16965,United Kingdom,1,192.07,243,227,192.07,1,2,1,At Risk,20110427,20110427
16966,United Kingdom,7,2154.97,1981,8,307.85,5,5,5,Champions,20110413,20111201
16967,United Kingdom,1,319.02,333,189,319.02,1,2,2,At Risk,20110603,20110603
16968,United Kingdom,2,439.43,326,4,219.72,5,3,2,Loyal,20110824,20111205
16969,United Kingdom,3,650.41,816,39,216.8,3,4,3,Loyal,20110601,20111031
16971,United Kingdom,1,357.21,72,38,357.21,3,2,2,Need Attention,20111101,20111101
16976,United Kingdom,1,251.52,88,267,251.52,1,2,2,At Risk,20110317,20110317
16978,United Kingdom,1,344.33,166,78,344.33,2,2,2,At Risk,20110923,20110923
16979,United Kingdom,6,1852.0,865,4,308.67,5,5,4,Champions,20110215,20111206
16980,United Kingdom,2,1028.46,739,255,514.23,1,3,4,At Risk,20110221,20110329
16982,United Kingdom,1,384.06,182,61,384.06,3,2,2,Need Attention,20111010,20111010
16983,United Kingdom,7,1905.87,1335,13,272.27,5,5,4,Champions,20101205,20111127
16984,United Kingdom,2,4459.52,2380,88,2229.76,2,3,5,At Risk,20110801,20110912
16985,United Kingdom,10,5464.12,1832,17,546.41,4,5,5,Champions,20101216,20111122
16986,United Kingdom,2,1873.2,1040,30,936.6,4,3,4,Loyal,20111109,20111110
16987,United Kingdom,7,1616.8,401,3,230.97,5,5,4,Champions,20110518,20111206
16988,United Kingdom,1,126.12,43,5,126.12,5,2,1,New / Promising,20111204,20111204
16989,United Kingdom,6,1133.25,1233,7,188.88,5,5,4,Champions,20110712,20111202
16990,United Kingdom,1,179.0,100,219,179.0,1,2,1,At Risk,20110505,20110505
16992,United Kingdom,5,1614.31,860,11,322.86,5,4,4,Champions,20110228,20111129
16996,United Kingdom,6,1456.96,544,30,242.83,4,5,4,Champions,20101221,20111109
16997,United Kingdom,3,702.0,360,288,234.0,1,4,3,Can't Lose Them,20110118,20110224
16998,United Kingdom,4,295.0,76,150,73.75,2,4,2,Can't Lose Them,20110208,20110713
16999,United Kingdom,2,484.82,294,23,242.41,4,3,3,Loyal,20110926,20111116
17001,United Kingdom,11,3989.57,2164,1,362.69,5,5,5,Champions,20101216,20111209
17002,United Kingdom,3,1493.73,679,86,497.91,2,4,4,Can't Lose Them,20110222,20110915
17004,United Kingdom,2,1312.14,771,46,656.07,3,3,4,Loyal,20110908,20111024
17006,United Kingdom,4,781.78,272,5,195.44,5,4,3,Champions,20110925,20111205
17007,United Kingdom,6,889.93,597,51,148.32,3,5,3,Loyal,20101217,20111020
17010,United Kingdom,1,195.36,118,18,195.36,4,2,1,New / Promising,20111121,20111121
17011,United Kingdom,1,270.9,186,30,270.9,4,2,2,New / Promising,20111109,20111109
17014,United Kingdom,3,583.43,243,8,194.48,5,4,3,Champions,20111004,20111201
17015,United Kingdom,3,1838.61,1978,29,612.87,4,4,4,Champions,20110607,20111111
17017,United Kingdom,20,8694.26,6673,3,434.71,5,5,5,Champions,20101202,20111207
17018,United Kingdom,2,920.1,176,41,460.05,3,3,3,Loyal,20110118,20111030
17019,United Kingdom,4,1258.08,820,11,314.52,5,4,4,Champions,20101206,20111128
17022,United Kingdom,1,71.0,108,31,71.0,4,2,1,New / Promising,20111108,20111108
17024,United Kingdom,3,95.85,69,45,31.95,3,4,1,Loyal,20110705,20111025
17025,United Kingdom,3,357.77,235,61,119.26,3,4,2,Loyal,20101201,20111010
17026,United Kingdom,2,154.83,97,185,77.42,1,3,1,At Risk,20101205,20110607
17027,United Kingdom,6,877.56,416,79,146.26,2,5,3,Can't Lose Them,20110126,20110922
17029,United Kingdom,2,716.0,400,111,358.0,2,3,3,At Risk,20110417,20110821
17030,United Kingdom,1,146.87,146,64,146.87,3,2,1,Need Attention,20111007,20111007
17031,United Kingdom,2,380.35,235,12,190.18,5,3,2,Loyal,20110708,20111128
17033,United Kingdom,3,1030.14,750,86,343.38,2,4,4,Can't Lose Them,20101215,20110914
17034,United Kingdom,3,745.52,410,16,248.51,4,4,3,Champions,20110225,20111123
17035,United Kingdom,2,433.53,229,246,216.76,1,3,2,At Risk,20110201,20110408
17037,United Kingdom,1,1267.32,656,88,1267.32,2,2,4,At Risk,20110913,20110913
17038,United Kingdom,1,112.4,28,30,112.4,4,2,1,New / Promising,20111109,20111109
17040,United Kingdom,1,449.73,181,138,449.73,2,2,2,At Risk,20110725,20110725
17041,United Kingdom,3,1071.49,927,27,357.16,4,4,4,Champions,20101214,20111113
17042,United Kingdom,5,1036.58,990,3,207.32,5,4,4,Champions,20110406,20111207
17043,United Kingdom,4,1735.18,998,32,433.8,4,4,4,Champions,20110318,20111107
17044,United Kingdom,1,948.48,504,25,948.48,4,2,4,New / Promising,20111114,20111114
17045,United Kingdom,3,339.44,106,113,113.15,2,4,2,Can't Lose Them,20110406,20110818
17046,United Kingdom,1,642.02,510,157,642.02,2,2,3,At Risk,20110705,20110705
17047,United Kingdom,3,1100.9,533,85,366.97,2,4,4,Can't Lose Them,20110518,20110915
17048,United Kingdom,3,925.35,485,118,308.45,2,4,4,Can't Lose Them,20110112,20110814
17049,United Kingdom,9,5655.03,2673,3,628.34,5,5,5,Champions,20110309,20111207
17050,United Kingdom,6,3185.64,1595,96,530.94,2,5,5,Can't Lose Them,20110213,20110904
17051,United Kingdom,1,240.89,179,194,240.89,1,2,1,At Risk,20110529,20110529
17052,United Kingdom,1,399.09,251,28,399.09,4,2,2,New / Promising,20111111,20111111
17053,United Kingdom,1,498.48,122,131,498.48,2,2,3,At Risk,20110801,20110801
17054,United Kingdom,5,1356.33,804,28,271.27,4,4,4,Champions,20110408,20111111
17058,United Kingdom,3,1179.89,592,82,393.3,2,4,4,Can't Lose Them,20110414,20110919
17059,United Kingdom,5,3080.39,1850,30,616.08,4,4,5,Champions,20101205,20111110
17060,United Kingdom,1,234.24,216,266,234.24,1,2,1,At Risk,20110318,20110318
17061,United Kingdom,11,5232.23,1526,74,475.66,2,5,5,Can't Lose Them,20110421,20110927
17062,United Kingdom,4,528.29,406,314,132.07,1,4,3,Can't Lose Them,20101205,20110130
17063,United Kingdom,7,1461.14,770,21,208.73,4,5,4,Champions,20110223,20111118
17064,United Kingdom,3,855.45,316,59,285.15,3,4,3,Loyal,20110116,20111012
17068,United Kingdom,21,4545.89,2159,12,216.47,5,5,5,Champions,20101206,20111127
17069,United Kingdom,9,2709.7,1506,28,301.08,4,5,5,Champions,20101201,20111111
17070,United Kingdom,1,304.24,131,114,304.24,2,2,2,At Risk,20110817,20110817
17071,United Kingdom,9,2429.03,1197,28,269.89,4,5,5,Champions,20110203,20111111
17073,United Kingdom,4,1444.84,758,18,361.21,4,4,4,Champions,20110822,20111122
17075,United Kingdom,4,834.12,292,18,208.53,4,4,3,Champions,20110126,20111122
17076,United Kingdom,3,841.08,295,36,280.36,3,4,3,Loyal,20101210,20111103
17078,United Kingdom,2,375.86,782,36,187.93,3,3,2,Loyal,20111103,20111103
17079,United Kingdom,1,118.8,24,78,118.8,2,2,1,At Risk,20110922,20110922
17080,United Kingdom,2,287.62,166,22,143.81,4,3,2,Loyal,20110315,20111117
17081,United Kingdom,2,288.91,77,25,144.46,4,3,2,Loyal,20111024,20111114
17082,United Kingdom,2,2003.85,1049,33,1001.92,3,3,4,Loyal,20110125,20111106
17083,United Kingdom,3,1405.78,772,109,468.59,2,4,4,Can't Lose Them,20110209,20110822
17084,United Kingdom,2,2747.99,1702,35,1374.0,3,3,5,Loyal,20111104,20111104
17085,United Kingdom,5,1562.4,785,123,312.48,2,4,4,Can't Lose Them,20101212,20110808
17086,United Kingdom,6,2050.08,1859,7,341.68,5,5,5,Champions,20111007,20111202
17088,United Kingdom,4,1991.01,868,28,497.75,4,4,4,Champions,20110331,20111111
17090,United Kingdom,7,1974.65,903,4,282.09,5,5,4,Champions,20101220,20111205
17091,United Kingdom,9,3827.76,1746,3,425.31,5,5,5,Champions,20101207,20111207
17092,United Kingdom,4,1774.03,1130,50,443.51,3,4,4,Loyal,20110307,20111020
17094,United Kingdom,1,302.0,152,322,302.0,1,2,2,At Risk,20110121,20110121
17095,United Kingdom,3,1324.16,618,23,441.39,4,4,4,Champions,20110109,20111117
17096,United Kingdom,4,1022.13,339,15,255.53,4,4,4,Champions,20110323,20111124
17097,Spain,8,954.42,459,2,119.3,5,5,4,Champions,20101209,20111207
17100,United Kingdom,2,971.74,800,18,485.87,4,3,4,Loyal,20111121,20111121
17101,United Kingdom,4,1621.73,815,10,405.43,5,4,4,Champions,20110614,20111129
17102,United Kingdom,1,25.5,2,262,25.5,1,2,1,At Risk,20110323,20110323
17105,United Kingdom,2,665.78,693,159,332.89,2,3,3,At Risk,20110206,20110703
17107,United Kingdom,6,10797.48,4826,33,1799.58,3,5,5,Loyal,20110306,20111106
17109,United Kingdom,6,881.29,588,29,146.88,4,5,3,Champions,20110421,20111110
17110,United Kingdom,1,163.3,50,165,163.3,2,2,1,At Risk,20110627,20110627
17111,United Kingdom,1,231.61,282,47,231.61,3,2,1,Need Attention,20111023,20111023
17114,United Kingdom,8,801.12,215,6,100.14,5,5,3,Champions,20110109,20111204
17115,United Kingdom,3,837.5,372,8,279.17,5,4,3,Champions,20110420,20111201
17117,United Kingdom,1,116.2,68,288,116.2,1,2,1,At Risk,20110224,20110224
17118,United Kingdom,1,157.02,154,318,157.02,1,2,1,At Risk,20110126,20110126
17119,United Kingdom,2,606.91,334,3,303.46,5,3,3,Loyal,20111011,20111206
17120,United Kingdom,1,307.46,120,233,307.46,1,2,2,At Risk,20110420,20110420
17122,United Kingdom,1,138.32,80,119,138.32,2,2,1,At Risk,20110812,20110812
17123,United Kingdom,1,345.3,246,162,345.3,2,2,2,At Risk,20110701,20110701
17124,United Kingdom,1,294.24,129,185,294.24,1,2,2,At Risk,20110607,20110607
17125,United Kingdom,1,230.5,281,50,230.5,3,2,1,Need Attention,20111020,20111020
17126,United Kingdom,5,989.45,780,152,197.89,2,4,4,Can't Lose Them,20101212,20110710
17128,United Kingdom,1,157.09,76,335,157.09,1,2,1,At Risk,20110109,20110109
17131,United Kingdom,5,2463.17,983,5,492.63,5,4,5,Champions,20110925,20111204
17133,United Kingdom,7,4892.24,2730,16,698.89,4,5,5,Champions,20110318,20111124
17134,United Kingdom,2,413.2,98,107,206.6,2,3,2,At Risk,20110320,20110825
17135,United Kingdom,7,1139.73,1224,16,162.82,4,5,4,Champions,20101203,20111123
17138,United Kingdom,1,380.5,126,276,380.5,1,2,2,At Risk,20110309,20110309
17139,United Kingdom,12,10650.77,5176,16,887.56,4,5,5,Champions,20110224,20111124
17140,United Kingdom,1,454.12,296,247,454.12,1,2,2,At Risk,20110406,20110406
17142,United Kingdom,1,579.0,81,239,579.0,1,2,3,At Risk,20110414,20110414
17144,United Kingdom,2,984.57,483,1,492.28,5,3,4,Loyal,20110916,20111208
17146,United Kingdom,3,749.78,212,106,249.93,2,4,3,Can't Lose Them,20101216,20110826
17147,United Kingdom,4,1714.59,882,23,428.65,4,4,4,Champions,20110201,20111117
17148,United Kingdom,1,124.88,82,52,124.88,3,2,1,Need Attention,20111019,20111019
17152,United Kingdom,3,1689.5,517,195,563.17,1,4,4,Can't Lose Them,20110321,20110529
17153,United Kingdom,1,213.78,104,24,213.78,4,2,1,New / Promising,20111115,20111115
17154,United Kingdom,1,329.34,490,75,329.34,2,2,2,At Risk,20110925,20110925
17155,United Kingdom,2,251.7,242,18,125.85,4,3,2,Loyal,20110615,20111122
17157,United Kingdom,2,319.0,172,8,159.5,5,3,2,Loyal,20110616,20111202
17158,United Kingdom,3,1266.97,778,32,422.32,4,4,4,Champions,20101214,20111107
17159,United Kingdom,3,1538.88,1111,22,512.96,4,4,4,Champions,20110621,20111118
17160,United Kingdom,6,3518.03,2856,31,586.34,4,5,5,Champions,20110412,20111108
17162,United Kingdom,10,1715.46,1001,29,171.55,4,5,4,Champions,20110207,20111111
17163,United Kingdom,2,293.1,66,22,146.55,4,3,2,Loyal,20110922,20111118
17164,United Kingdom,7,2467.35,1501,33,352.48,3,5,5,Loyal,20110311,20111107
17165,United Kingdom,1,158.68,100,284,158.68,1,2,1,At Risk,20110228,20110228
17166,United Kingdom,2,206.34,78,39,103.17,3,3,1,Loyal,20110520,20111101
17169,United Kingdom,2,835.78,526,58,417.89,3,3,3,Loyal,20110609,20111013
17171,United Kingdom,1,224.91,185,289,224.91,1,2,1,At Risk,20110223,20110223
17172,United Kingdom,1,317.76,480,79,317.76,2,2,2,At Risk,20110922,20110922
17173,United Kingdom,8,3766.6,1122,5,470.82,5,5,5,Champions,20110731,20111204
17174,United Kingdom,1,59.9,41,218,59.9,1,2,1,At Risk,20110506,20110506
17175,United Kingdom,4,1443.69,866,44,360.92,3,4,4,Loyal,20110216,20111026
17176,United Kingdom,1,306.13,170,202,306.13,1,2,2,At Risk,20110522,20110522
17179,United Kingdom,3,711.79,290,178,237.26,2,4,3,Can't Lose Them,20101213,20110614
17180,United Kingdom,4,783.97,670,56,195.99,3,4,3,Loyal,20110127,20111014
17181,United Kingdom,2,239.92,241,57,119.96,3,3,1,Loyal,20101201,20111013
17183,United Kingdom,6,3347.31,1296,8,557.88,5,5,5,Champions,20110826,20111202
17186,United Kingdom,2,144.0,200,47,72.0,3,3,1,Loyal,20111010,20111024
17187,United Kingdom,1,203.95,144,227,203.95,1,2,1,At Risk,20110427,20110427
17188,United Kingdom,7,2474.23,1328,11,353.46,5,5,5,Champions,20101212,20111128
17189,United Kingdom,2,383.75,226,106,191.88,2,3,2,At Risk,20101215,20110825
17190,United Kingdom,2,444.74,161,59,222.37,3,3,2,Loyal,20110516,20111012
17191,United Kingdom,7,2093.68,1166,28,299.1,4,5,5,Champions,20101206,20111111
17193,United Kingdom,7,1699.3,1254,36,242.76,3,5,4,Loyal,20110616,20111104
17194,United Kingdom,1,226.78,112,361,226.78,1,2,1,At Risk,20101214,20101214
17197,United Kingdom,1,1013.01,191,30,1013.01,4,2,4,New / Promising,20111110,20111110
17198,United Kingdom,3,692.22,357,24,230.74,4,4,3,Champions,20101203,20111116
17201,United Kingdom,1,289.78,231,54,289.78,3,2,2,Need Attention,20111017,20111017
17203,United Kingdom,6,3560.08,2846,36,593.35,3,5,5,Loyal,20111010,20111104
17204,United Kingdom,4,1564.56,646,175,391.14,2,4,4,Can't Lose Them,20110321,20110617
17205,United Kingdom,1,384.08,884,54,384.08,3,2,2,Need Attention,20111017,20111017
17206,United Kingdom,1,204.24,76,53,204.24,3,2,1,Need Attention,20111017,20111017
17211,United Kingdom,8,2317.22,1323,27,289.65,4,5,5,Champions,20101205,20111113
17212,United Kingdom,1,226.85,147,253,226.85,1,2,1,At Risk,20110331,20110331
17213,United Kingdom,7,2781.23,1176,40,397.32,3,5,5,Loyal,20101208,20111030
17214,United Kingdom,6,1059.12,272,60,176.52,3,5,4,Loyal,20101215,20111010
17217,United Kingdom,1,113.5,24,234,113.5,1,2,1,At Risk,20110419,20110419
17218,United Kingdom,10,1951.97,955,4,195.2,5,5,4,Champions,20101206,20111205
17219,United Kingdom,1,114.23,89,32,114.23,4,2,1,New / Promising,20111108,20111108
17220,United Kingdom,14,3187.55,1897,24,227.68,4,5,5,Champions,20101210,20111115
17221,United Kingdom,2,334.48,287,7,167.24,5,3,2,Loyal,20111103,20111202
17222,United Kingdom,1,328.65,122,65,328.65,3,2,2,Need Attention,20111005,20111005
17223,United Kingdom,2,381.89,109,310,190.94,1,3,2,At Risk,20101206,20110202
17226,United Kingdom,1,393.49,406,309,393.49,1,2,2,At Risk,20110204,20110204
17227,United Kingdom,6,939.32,741,19,156.55,4,5,4,Champions,20101206,20111121
17228,United Kingdom,8,1906.09,1532,16,238.26,4,5,4,Champions,20101202,20111124
17229,United Kingdom,2,318.76,185,96,159.38,2,3,2,At Risk,20110720,20110904
17230,United Kingdom,8,3638.41,1651,264,454.8,1,5,5,Can't Lose Them,20101215,20110320
17231,United Kingdom,10,3124.72,1724,12,312.47,5,5,5,Champions,20101213,20111127
17232,United Kingdom,2,417.77,202,3,208.88,5,3,2,Loyal,20111125,20111207
17233,United Kingdom,1,190.88,131,35,190.88,3,2,1,Need Attention,20111104,20111104
17234,United Kingdom,1,149.89,55,183,149.89,1,2,1,At Risk,20110610,20110610
17235,United Kingdom,2,550.06,224,25,275.03,4,3,3,Loyal,20101202,20111114
17236,United Kingdom,6,916.13,474,13,152.69,5,5,3,Champions,20101212,20111127
17237,United Kingdom,2,314.69,105,11,157.34,5,3,2,Loyal,20111117,20111128
17238,United Kingdom,17,3719.1,1807,3,218.77,5,5,5,Champions,20101203,20111207
17239,United Kingdom,1,382.5,150,313,382.5,1,2,2,At Risk,20110131,20110131
17242,United Kingdom,2,1135.04,611,108,567.52,2,3,4,At Risk,20110612,20110823
17243,United Kingdom,26,8531.65,3316,1,328.14,5,5,5,Champions,20101205,20111208
17244,United Kingdom,1,954.9,616,53,954.9,3,2,4,Need Attention,20111017,20111017
17245,United Kingdom,1,171.45,75,205,171.45,1,2,1,At Risk,20110519,20110519
17247,United Kingdom,1,280.09,105,15,280.09,4,2,2,New / Promising,20111124,20111124
17248,United Kingdom,1,318.65,213,120,318.65,2,2,2,At Risk,20110811,20110811
17250,United Kingdom,2,381.97,167,4,190.98,5,3,2,Loyal,20110323,20111206
17251,United Kingdom,1,269.83,108,363,269.83,1,2,2,At Risk,20101212,20101212
17252,United Kingdom,2,348.91,192,117,174.46,2,3,2,At Risk,20110606,20110815
17253,United Kingdom,1,178.26,43,18,178.26,4,2,1,New / Promising,20111121,20111121
17254,United Kingdom,2,271.19,251,5,135.6,5,3,2,Loyal,20111124,20111205
17255,United Kingdom,2,291.48,227,41,145.74,3,3,2,Loyal,20110213,20111030
17256,United Kingdom,2,240.0,141,107,120.0,2,3,1,At Risk,20110131,20110824
17259,United Kingdom,2,581.23,388,148,290.62,2,3,3,At Risk,20101206,20110714
17262,United Kingdom,5,1253.36,367,52,250.67,3,4,4,Loyal,20101208,20111018
17263,United Kingdom,1,63.44,36,208,63.44,1,2,1,At Risk,20110515,20110515
17265,United Kingdom,2,550.01,389,139,275.0,2,3,3,At Risk,20110612,20110724
17266,United Kingdom,3,296.58,153,2,98.86,5,4,2,Champions,20110715,20111207
17267,United Kingdom,2,317.2,158,127,158.6,2,3,2,At Risk,20110804,20110804
17268,United Kingdom,4,763.64,844,108,190.91,2,4,3,Can't Lose Them,20110408,20110824
17272,United Kingdom,4,2148.63,1778,42,537.16,3,4,5,Loyal,20110322,20111028
17274,United Kingdom,1,107.82,77,35,107.82,3,2,1,Need Attention,20111104,20111104
17277,United Kingdom,2,1065.35,430,228,532.67,1,3,4,At Risk,20110121,20110426
17278,United Kingdom,1,246.04,179,241,246.04,1,2,1,At Risk,20110412,20110412
17279,United Kingdom,1,187.83,48,58,187.83,3,2,1,Need Attention,20111013,20111013
17282,United Kingdom,3,1685.46,1866,130,561.82,2,4,4,Can't Lose Them,20110213,20110801
17284,United Kingdom,6,1647.48,1362,60,274.58,3,5,4,Loyal,20110107,20111010
17286,United Kingdom,1,151.37,117,22,151.37,4,2,1,New / Promising,20111118,20111118
17287,United Kingdom,7,1049.06,556,26,149.87,4,5,4,Champions,20101202,20111113
17288,United Kingdom,7,1417.63,1201,9,202.52,5,5,4,Champions,20101216,20111130
17289,United Kingdom,3,931.02,513,32,310.34,4,4,4,Champions,20110612,20111108
17290,United Kingdom,2,513.01,397,4,256.5,5,3,3,Loyal,20111123,20111206
17291,United Kingdom,1,550.8,72,308,550.8,1,2,3,At Risk,20110204,20110204
17293,United Kingdom,9,1854.06,1135,8,206.01,5,5,4,Champions,20101213,20111201
17295,United Kingdom,3,547.0,293,29,182.33,4,4,3,Champions,20111006,20111111
17297,United Kingdom,1,128.18,65,17,128.18,4,2,1,New / Promising,20111122,20111122
17298,United Kingdom,2,498.42,387,101,249.21,2,3,3,At Risk,20110807,20110830
17299,United Kingdom,4,656.61,668,12,164.15,5,4,3,Champions,20110619,20111128
17301,United Kingdom,1,163.24,137,21,163.24,4,2,1,New / Promising,20111118,20111118
17302,United Kingdom,5,1135.63,575,15,227.13,4,4,4,Champions,20110207,20111125
17303,United Kingdom,1,250.04,144,361,250.04,1,2,2,At Risk,20101213,20101213
17306,United Kingdom,19,8631.31,11491,11,454.28,5,5,5,Champions,20101221,20111129
17309,United Kingdom,1,82.75,41,95,82.75,2,2,1,At Risk,20110905,20110905
17311,United Kingdom,2,1384.85,1005,78,692.42,2,3,4,At Risk,20110127,20110922
17312,United Kingdom,3,644.3,372,139,214.77,2,4,3,Can't Lose Them,20110703,20110724
17313,United Kingdom,1,2328.84,1402,31,2328.84,4,2,5,New / Promising,20111108,20111108
17314,United Kingdom,8,2527.92,1896,25,315.99,4,5,5,Champions,20110131,20111115
17315,United Kingdom,36,6241.15,3837,2,173.37,5,5,5,Champions,20101217,20111208
17317,United Kingdom,3,2600.34,1146,46,866.78,3,4,5,Loyal,20110911,20111024
17320,United Kingdom,3,1200.62,634,100,400.21,2,4,4,Can't Lose Them,20101206,20110831
17321,United Kingdom,2,657.16,364,8,328.58,5,3,3,Loyal,20111003,20111201
17323,United Kingdom,7,903.12,756,15,129.02,4,5,3,Champions,20110220,20111124
17324,United Kingdom,4,986.48,843,18,246.62,4,4,4,Champions,20101208,20111122
17325,United Kingdom,1,96.8,60,280,96.8,1,2,1,At Risk,20110304,20110304
17329,United Kingdom,2,523.11,142,14,261.56,4,3,3,Loyal,20110128,20111125
17330,United Kingdom,2,363.9,120,23,181.95,4,3,2,Loyal,20111003,20111117
17331,United Kingdom,1,175.2,16,124,175.2,2,2,1,At Risk,20110808,20110808
17333,United Kingdom,1,494.25,375,86,494.25,2,2,3,At Risk,20110915,20110915
17334,United Kingdom,2,307.02,315,302,153.51,1,3,2,At Risk,20110204,20110210
17337,United Kingdom,4,1979.61,1246,151,494.9,2,4,4,Can't Lose Them,20110202,20110711
17338,United Kingdom,8,6484.75,3044,17,810.59,4,5,5,Champions,20101213,20111122
17339,United Kingdom,2,243.36,152,94,121.68,2,3,1,At Risk,20101209,20110906
17340,United Kingdom,11,12353.29,5967,30,1123.03,4,5,5,Champions,20101208,20111110
17341,United Kingdom,3,682.29,443,157,227.43,2,4,3,Can't Lose Them,20101208,20110706
17343,United Kingdom,1,193.64,56,355,193.64,1,2,1,At Risk,20101219,20101219
17344,United Kingdom,1,157.62,65,46,157.62,3,2,1,Need Attention,20111024,20111024
17345,United Kingdom,4,519.69,341,15,129.92,4,4,3,Champions,20110527,20111124
17346,United Kingdom,15,2622.88,1617,4,174.86,5,5,5,Champions,20101201,20111206
17347,United Kingdom,1,228.96,216,86,228.96,2,2,1,At Risk,20110914,20110914
17348,United Kingdom,5,1156.6,1398,15,231.32,4,4,4,Champions,20110215,20111125
17349,United Kingdom,1,98.25,102,179,98.25,2,2,1,At Risk,20110613,20110613
17350,United Kingdom,4,1281.32,770,8,320.33,5,4,4,Champions,20111019,20111201
17351,United Kingdom,3,587.15,113,36,195.72,3,4,3,Loyal,20110311,20111103
17353,United Kingdom,2,1740.0,1200,129,870.0,2,3,4,At Risk,20110708,20110802
17354,United Kingdom,1,1393.06,1006,51,1393.06,3,2,4,Need Attention,20111020,20111020
17356,United Kingdom,1,178.22,166,312,178.22,1,2,1,At Risk,20110201,20110201
17357,United Kingdom,2,384.39,152,24,192.2,4,3,2,Loyal,20111115,20111115
17358,United Kingdom,2,360.81,190,303,180.4,1,3,2,At Risk,20101219,20110209
17359,United Kingdom,1,127.86,161,11,127.86,5,2,1,New / Promising,20111128,20111128
17360,United Kingdom,3,568.24,328,17,189.41,4,4,3,Champions,20110608,20111122
17361,United Kingdom,3,488.2,157,49,162.73,3,4,3,Loyal,20110221,20111021
17362,United Kingdom,2,312.23,191,239,156.12,1,3,2,At Risk,20110203,20110414
17364,United Kingdom,11,4462.68,2692,1,405.7,5,5,5,Champions,20110112,20111209
17365,United Kingdom,8,4762.32,4737,13,595.29,5,5,5,Champions,20110111,20111127
17367,United Kingdom,1,167.55,149,238,167.55,1,2,1,At Risk,20110415,20110415
17368,United Kingdom,8,1878.87,1377,23,234.86,4,5,4,Champions,20110106,20111116
17370,United Kingdom,4,446.18,540,73,111.54,2,4,2,Can't Lose Them,20110623,20110928
17371,United Kingdom,3,418.4,151,17,139.47,4,4,2,Champions,20101213,20111122
17372,United Kingdom,8,1337.18,747,41,167.15,3,5,4,Loyal,20101212,20111030
17373,United Kingdom,4,646.92,408,40,161.73,3,4,3,Loyal,20110131,20111030
17374,United Kingdom,2,495.77,85,219,247.88,1,3,3,At Risk,20110303,20110505
17375,United Kingdom,3,400.1,367,199,133.37,1,4,2,Can't Lose Them,20101213,20110524
17376,United Kingdom,2,203.2,86,71,101.6,3,3,1,Loyal,20110201,20110930
17377,United Kingdom,20,4058.32,2038,24,202.92,4,5,5,Champions,20101201,20111116
17379,United Kingdom,1,389.72,623,11,389.72,5,2,2,New / Promising,20111128,20111128
17381,United Kingdom,29,20275.61,25649,9,699.16,5,5,5,Champions,20101202,20111201
17382,United Kingdom,1,65.4,25,65,65.4,3,2,1,Need Attention,20111005,20111005
17383,United Kingdom,1,193.39,148,4,193.39,5,2,1,New / Promising,20111205,20111205
17384,United Kingdom,2,336.4,88,19,168.2,4,3,2,Loyal,20110504,20111120
17385,United Kingdom,1,256.11,197,15,256.11,4,2,2,New / Promising,20111125,20111125
17386,United Kingdom,6,2686.42,1902,8,447.74,5,5,5,Champions,20110627,20111202
17387,United Kingdom,2,746.81,522,20,373.4,4,3,3,Loyal,20111106,20111120
17388,United Kingdom,4,1259.56,1068,78,314.89,2,4,4,Can't Lose Them,20110225,20110923
17389,United Kingdom,34,31833.68,7612,1,936.28,5,5,5,Champions,20110112,20111209
17391,United Kingdom,2,508.8,480,164,254.4,2,3,3,At Risk,20110628,20110629
17392,United Kingdom,2,411.27,275,307,205.64,1,3,2,At Risk,20101216,20110206
17394,United Kingdom,1,203.87,241,219,203.87,1,2,1,At Risk,20110504,20110504
17396,United Kingdom,7,7312.8,2004,39,1044.69,3,5,5,Loyal,20101203,20111031
17397,United Kingdom,2,681.41,250,22,340.7,4,3,3,Loyal,20111117,20111117
17398,United Kingdom,3,653.38,310,115,217.79,2,4,3,Can't Lose Them,20110329,20110817
17400,United Kingdom,5,2097.84,1088,126,419.57,2,4,5,Can't Lose Them,20101221,20110805
17402,United Kingdom,12,2598.85,700,5,216.57,5,5,5,Champions,20101205,20111205
17403,United Kingdom,1,263.92,111,36,263.92,3,2,2,Need Attention,20111103,20111103
17404,Sweden,13,31781.82,32744,4,2444.76,5,5,5,Champions,20101214,20111205
17405,United Kingdom,3,1031.41,726,1,343.8,5,4,4,Champions,20110712,20111208
17406,United Kingdom,3,2184.42,780,333,728.14,1,4,5,Can't Lose Them,20101208,20110110
17408,United Kingdom,1,32.65,3,163,32.65,2,2,1,At Risk,20110629,20110629
17409,United Kingdom,2,771.85,105,185,385.92,1,3,3,At Risk,20110405,20110608
17410,United Kingdom,5,1214.72,616,16,242.94,4,4,4,Champions,20110508,20111123
17411,United Kingdom,3,778.94,306,12,259.65,5,4,3,Champions,20110323,20111127
17412,United Kingdom,7,1258.06,738,3,179.72,5,5,4,Champions,20101202,20111207
17414,United Kingdom,2,778.0,2100,44,389.0,3,3,3,Loyal,20110608,20111027
17415,United Kingdom,1,507.84,114,80,507.84,2,2,3,At Risk,20110921,20110921
17416,United Kingdom,7,6893.42,4302,30,984.77,4,5,5,Champions,20110303,20111110
17418,United Kingdom,2,463.46,289,42,231.73,3,3,2,Loyal,20110120,20111028
17419,United Kingdom,12,4226.57,1876,11,352.21,5,5,5,Champions,20101207,20111128
17420,United Kingdom,3,598.83,265,50,199.61,3,4,3,Loyal,20101201,20111020
17422,United Kingdom,6,1979.37,2253,16,329.9,4,5,4,Champions,20110216,20111123
17423,United Kingdom,2,698.41,459,46,349.2,3,3,3,Loyal,20110506,20111024
17425,United Kingdom,2,759.17,407,19,379.58,4,3,3,Loyal,20111010,20111120
17426,United Kingdom,6,5037.26,3094,8,839.54,5,5,5,Champions,20110302,20111201
17427,United Kingdom,1,100.8,34,72,100.8,2,2,1,At Risk,20110929,20110929
17428,United Kingdom,28,17256.85,9474,1,616.32,5,5,5,Champions,20101206,20111209
17429,United Kingdom,3,524.92,624,128,174.97,2,4,3,Can't Lose Them,20110505,20110803
17430,United Kingdom,2,265.76,190,33,132.88,3,3,2,Loyal,20101209,20111107
17431,United Kingdom,1,403.3,292,313,403.3,1,2,2,At Risk,20110130,20110130
17432,United Kingdom,2,365.76,207,18,182.88,4,3,2,Loyal,20111102,20111121
17433,United Kingdom,1,303.16,185,88,303.16,2,2,2,At Risk,20110912,20110912
17434,United Kingdom,7,2373.82,1693,2,339.12,5,5,5,Champions,20110915,20111207
17436,United Kingdom,2,216.3,90,2,108.15,5,3,1,Loyal,20110427,20111208
17438,United Kingdom,1,388.45,103,254,388.45,1,2,2,At Risk,20110331,20110331
17440,United Kingdom,3,186.42,246,157,62.14,2,4,1,Can't Lose Them,20110406,20110706
17442,United Kingdom,6,2248.56,1496,37,374.76,3,5,5,Loyal,20110222,20111103
17443,Canada,1,534.24,504,220,534.24,1,2,3,At Risk,20110504,20110504
17444,Canada,2,2389.1,2118,152,1194.55,2,3,5,At Risk,20110620,20110711
17446,United Kingdom,2,120.9,198,177,60.45,2,3,1,At Risk,20110202,20110616
17447,United Kingdom,2,541.53,443,40,270.76,3,3,3,Loyal,20110929,20111030
17449,United Kingdom,7,2516.21,1120,2,359.46,5,5,5,Champions,20101215,20111207
17450,United Kingdom,46,194390.79,69973,8,4225.89,5,5,5,Champions,20101207,20111201
17451,United Kingdom,7,1721.4,1203,1,245.91,5,5,4,Champions,20110826,20111208
17453,United Kingdom,2,486.72,219,18,243.36,4,3,3,Loyal,20111006,20111122
17454,United Kingdom,4,517.53,243,192,129.38,1,4,3,Can't Lose Them,20101215,20110531
17455,United Kingdom,1,131.7,66,204,131.7,1,2,1,At Risk,20110520,20110520
17456,United Kingdom,1,249.86,222,365,249.86,1,2,2,At Risk,20101209,20101209
17457,United Kingdom,5,1737.7,826,127,347.54,2,4,4,Can't Lose Them,20110104,20110805
17458,United Kingdom,1,316.5,170,15,316.5,4,2,2,New / Promising,20111124,20111124
17459,United Kingdom,2,657.3,537,43,328.65,3,3,3,Loyal,20111010,20111027
17460,United Kingdom,6,622.43,236,94,103.74,2,5,3,Can't Lose Them,20101201,20110906
17461,United Kingdom,3,735.82,770,23,245.27,4,4,3,Champions,20111110,20111117
17462,United Kingdom,2,675.69,227,60,337.84,3,3,3,Loyal,20110228,20111010
17463,United Kingdom,5,1875.86,1086,16,375.17,4,4,4,Champions,20110130,20111123
17464,United Kingdom,1,289.96,220,158,289.96,2,2,2,At Risk,20110704,20110704
17466,United Kingdom,2,763.28,306,10,381.64,5,3,3,Loyal,20110922,20111129
17468,United Kingdom,2,137.0,116,10,68.5,5,3,1,Loyal,20111125,20111129
17469,United Kingdom,5,1870.97,787,16,374.19,4,4,4,Champions,20110519,20111123
17470,United Kingdom,5,1125.07,1675,45,225.01,3,4,4,Loyal,20101207,20111026
17472,United Kingdom,3,697.54,455,191,232.51,1,4,3,Can't Lose Them,20110213,20110601
17475,United Kingdom,1,194.37,178,79,194.37,2,2,1,At Risk,20110921,20110921
17480,United Kingdom,1,511.82,338,78,511.82,2,2,3,At Risk,20110923,20110923
17481,United Kingdom,4,1255.59,1061,4,313.9,5,4,4,Champions,20110907,20111206
17483,United Kingdom,3,414.04,191,65,138.01,3,4,2,Loyal,20110609,20111005
17486,United Kingdom,1,396.87,191,261,396.87,1,2,2,At Risk,20110323,20110323
17489,United Kingdom,2,376.64,428,59,188.32,3,3,2,Loyal,20110511,20111012
17490,United Kingdom,7,2092.32,1134,1,298.9,5,5,5,Champions,20110616,20111209
17491,United Kingdom,10,3558.87,2013,1,355.89,5,5,5,Champions,20101207,20111208
17492,United Kingdom,1,374.57,155,248,374.57,1,2,2,At Risk,20110405,20110405
17495,United Kingdom,2,497.56,229,8,248.78,5,3,3,Loyal,20111101,20111202
17496,United Kingdom,1,271.05,79,359,271.05,1,2,2,At Risk,20101216,20101216
17498,United Kingdom,1,272.22,394,76,272.22,2,2,2,At Risk,20110925,20110925
17499,United Kingdom,1,622.88,711,290,622.88,1,2,3,At Risk,20110223,20110223
17500,United Kingdom,3,1138.0,17,17,379.33,4,4,4,Champions,20111110,20111122
17501,United Kingdom,2,288.6,160,221,144.3,1,3,2,At Risk,20110503,20110503
17502,United Kingdom,4,689.1,376,9,172.28,5,4,3,Champions,20111110,20111130
17503,United Kingdom,2,558.96,486,3,279.48,5,3,3,Loyal,20111101,20111207
17504,United Kingdom,9,2997.03,1664,206,333.0,1,5,5,Can't Lose Them,20110121,20110517
17505,United Kingdom,2,1145.84,556,162,572.92,2,3,4,At Risk,20110518,20110701
17506,United Kingdom,1,302.2,139,76,302.2,2,2,2,At Risk,20110925,20110925
17507,United Kingdom,2,605.58,359,262,302.79,1,3,3,At Risk,20110203,20110323
17508,Greece,1,387.31,289,281,387.31,1,2,2,At Risk,20110304,20110304
17509,United Kingdom,8,6083.64,3512,58,760.46,3,5,5,Loyal,20111007,20111013
17510,United Kingdom,1,308.48,214,25,308.48,4,2,2,New / Promising,20111115,20111115
17511,United Kingdom,31,91062.38,64549,3,2937.5,5,5,5,Champions,20101201,20111207
17512,United Kingdom,10,2924.99,2753,29,292.5,4,5,5,Champions,20110211,20111111
17513,United Kingdom,1,513.2,254,72,513.2,2,2,3,At Risk,20110928,20110928
17514,United Kingdom,1,208.65,135,128,208.65,2,2,1,At Risk,20110803,20110803
17515,United Kingdom,4,639.02,243,31,159.76,4,4,3,Champions,20110125,20111108
17516,United Kingdom,5,764.88,414,15,152.98,4,4,3,Champions,20110227,20111124
17517,United Kingdom,1,153.94,102,309,153.94,1,2,1,At Risk,20110204,20110204
17519,United Kingdom,6,1844.02,1236,17,307.34,4,5,4,Champions,20101206,20111122
17520,United Kingdom,1,546.81,365,54,546.81,3,2,3,Need Attention,20111017,20111017
17521,United Kingdom,3,723.21,519,30,241.07,4,4,3,Champions,20110524,20111110
17522,United Kingdom,5,1066.15,1022,2,213.23,5,4,4,Champions,20110505,20111208
17523,United Kingdom,4,652.74,872,11,163.18,5,4,3,Champions,20111120,20111128
17524,United Kingdom,1,145.0,90,361,145.0,1,2,1,At Risk,20101213,20101213
17525,United Kingdom,1,422.7,82,360,422.7,1,2,2,At Risk,20101215,20101215
17526,United Kingdom,4,1195.9,310,5,298.98,5,4,4,Champions,20101209,20111205
17527,United Kingdom,4,939.37,488,54,234.84,3,4,4,Loyal,20110505,20111017
17528,United Kingdom,8,3628.5,2138,1,453.56,5,5,5,Champions,20110929,20111208
17530,United Kingdom,10,2362.53,1511,1,236.25,5,5,5,Champions,20101209,20111208
17531,United Kingdom,1,296.7,136,190,296.7,1,2,2,At Risk,20110602,20110602
17534,United Kingdom,1,223.36,103,54,223.36,3,2,1,Need Attention,20111017,20111017
17535,United Kingdom,1,164.4,136,280,164.4,1,2,1,At Risk,20110304,20110304
17536,United Kingdom,1,76.5,6,177,76.5,2,2,1,At Risk,20110615,20110615
17537,United Kingdom,2,887.67,699,30,443.84,4,3,3,Loyal,20110209,20111110
17538,United Kingdom,1,98.42,134,26,98.42,4,2,1,New / Promising,20111114,20111114
17540,United Kingdom,2,578.9,194,25,289.45,4,3,3,Loyal,20110127,20111115
17542,United Kingdom,1,170.75,134,270,170.75,1,2,1,At Risk,20110315,20110315
17545,United Kingdom,3,642.32,337,43,214.11,3,4,3,Loyal,20111027,20111027
17548,United Kingdom,1,103.3,58,234,103.3,1,2,1,At Risk,20110420,20110420
17549,United Kingdom,2,148.86,210,24,74.43,4,3,1,Loyal,20111019,20111116
17550,United Kingdom,3,267.16,86,197,89.05,1,4,2,Can't Lose Them,20110410,20110526
17551,United Kingdom,1,290.34,142,359,290.34,1,2,2,At Risk,20101215,20101215
17552,United Kingdom,4,930.41,719,60,232.6,3,4,4,Loyal,20101202,20111010
17553,United Kingdom,1,1487.6,1048,130,1487.6,2,2,4,At Risk,20110802,20110802
17554,United Kingdom,5,1952.45,1763,1,390.49,5,4,4,Champions,20110714,20111208
17555,United Kingdom,2,480.31,348,20,240.16,4,3,2,Loyal,20110109,20111120
17556,United Kingdom,1,157.9,101,206,157.9,1,2,1,At Risk,20110518,20110518
17557,United Kingdom,3,541.46,306,14,180.49,4,4,3,Champions,20110919,20111125
17560,United Kingdom,4,854.95,635,95,213.74,2,4,3,Can't Lose Them,20110202,20110906
17561,United Kingdom,1,165.12,144,19,165.12,4,2,1,New / Promising,20111120,20111120
17562,United Kingdom,7,1122.38,817,14,160.34,4,5,4,Champions,20110619,20111125
17564,United Kingdom,3,454.01,146,24,151.34,4,4,2,Champions,20110920,20111115
17566,United Kingdom,2,869.77,497,8,434.88,5,3,3,Loyal,20111114,20111201
17567,United Kingdom,8,4331.48,2632,7,541.43,5,5,5,Champions,20101202,20111202
17569,United Kingdom,1,344.14,159,332,344.14,1,2,2,At Risk,20110111,20110111
17571,United Kingdom,4,1424.42,875,50,356.1,3,4,4,Loyal,20110214,20111020
17572,United Kingdom,4,226.75,95,71,56.69,3,4,1,Loyal,20101201,20110929
17573,United Kingdom,3,380.6,308,29,126.87,4,4,2,Champions,20110907,20111110
17574,United Kingdom,1,185.65,77,243,185.65,1,2,1,At Risk,20110411,20110411
17576,United Kingdom,19,3564.83,1967,8,187.62,5,5,5,Champions,20101209,20111201
17578,United Kingdom,1,143.46,138,218,143.46,1,2,1,At Risk,20110505,20110505
17579,United Kingdom,3,448.9,258,5,149.63,5,4,2,Champions,20110613,20111205
17580,United Kingdom,3,212.77,87,253,70.92,1,4,1,Can't Lose Them,20101216,20110401
17581,United Kingdom,25,11025.24,5915,1,441.01,5,5,5,Champions,20101202,20111209
17582,United Kingdom,1,175.27,123,236,175.27,1,2,1,At Risk,20110417,20110417
17584,United Kingdom,2,1242.3,458,7,621.15,5,3,4,Loyal,20110804,20111202
17585,United Kingdom,4,1116.68,1650,109,279.17,2,4,4,Can't Lose Them,20110105,20110822
17588,United Kingdom,3,1240.2,676,100,413.4,2,4,4,Can't Lose Them,20110421,20110831
17589,United Kingdom,4,2402.92,1630,60,600.73,3,4,5,Loyal,20110413,20111010
17590,United Kingdom,3,1466.77,821,2,488.92,5,4,4,Champions,20111030,20111207
17591,United Kingdom,7,2203.67,1000,73,314.81,2,5,5,Can't Lose Them,20101207,20110927
17593,United Kingdom,5,3923.86,3089,4,784.77,5,4,5,Champions,20101222,20111206
17594,United Kingdom,2,993.18,550,85,496.59,2,3,4,At Risk,20110330,20110915
17595,United Kingdom,2,386.69,228,12,193.34,5,3,2,Loyal,20111102,20111127
17596,United Kingdom,7,2806.69,4376,23,400.96,4,5,5,Champions,20101206,20111116
17597,United Kingdom,1,2044.37,1176,214,2044.37,1,2,5,At Risk,20110510,20110510
17600,United Kingdom,1,161.67,144,18,161.67,4,2,1,New / Promising,20111122,20111122
17601,United Kingdom,1,116.01,103,239,116.01,1,2,1,At Risk,20110414,20110414
17602,United Kingdom,6,5054.42,4116,2,842.4,5,5,5,Champions,20110119,20111207
17603,United Kingdom,1,394.72,74,78,394.72,2,2,2,At Risk,20110922,20110922
17604,United Kingdom,2,309.36,169,217,154.68,1,3,2,At Risk,20110131,20110506
17608,United Kingdom,2,191.99,229,33,96.0,3,3,1,Loyal,20111106,20111106
17609,United Kingdom,5,1098.28,692,41,219.66,3,4,4,Loyal,20110116,20111030
17611,United Kingdom,15,3961.12,2550,7,264.07,5,5,5,Champions,20101213,20111202
17612,United Kingdom,6,2048.45,1808,53,341.41,3,5,5,Loyal,20110215,20111017
17613,United Kingdom,14,4544.55,2490,23,324.61,4,5,5,Champions,20110207,20111117
17614,United Kingdom,1,386.32,235,57,386.32,3,2,2,Need Attention,20111013,20111013
17615,United Kingdom,3,329.6,140,130,109.87,2,4,2,Can't Lose Them,20110501,20110801
17616,United Kingdom,3,571.2,224,174,190.4,2,4,3,Can't Lose Them,20101207,20110619
17618,United Kingdom,3,930.28,319,6,310.09,5,4,4,Champions,20101212,20111204
17619,United Kingdom,1,214.37,124,312,214.37,1,2,1,At Risk,20110131,20110131
17620,United Kingdom,1,81.44,60,60,81.44,3,2,1,Need Attention,20111011,20111011
17621,United Kingdom,3,1379.9,514,21,459.97,4,4,4,Champions,20101220,20111118
17623,United Kingdom,1,527.05,265,33,527.05,3,2,3,Need Attention,20111107,20111107
17624,United Kingdom,2,843.48,554,15,421.74,4,3,3,Loyal,20110505,20111125
17625,United Kingdom,4,2020.4,1180,18,505.1,4,4,4,Champions,20110327,20111121
17628,United Kingdom,1,75.75,79,81,75.75,2,2,1,At Risk,20110919,20110919
17629,United Kingdom,8,1814.12,1629,6,226.76,5,5,4,Champions,20101215,20111204
17630,United Kingdom,2,503.6,158,170,251.8,2,3,3,At Risk,20110421,20110623
17631,United Kingdom,3,528.33,334,2,176.11,5,4,3,Champions,20110421,20111208
17633,United Kingdom,4,1324.84,644,31,331.21,4,4,4,Champions,20110811,20111108
17634,United Kingdom,9,2358.59,838,36,262.07,3,5,5,Loyal,20110106,20111103
17636,United Kingdom,1,285.56,182,19,285.56,4,2,2,New / Promising,20111120,20111120
17637,United Kingdom,2,547.06,280,31,273.53,4,3,3,Loyal,20110816,20111108
17639,United Kingdom,1,108.5,49,276,108.5,1,2,1,At Risk,20110308,20110308
17640,United Kingdom,1,621.66,250,87,621.66,2,2,3,At Risk,20110914,20110914
17642,United Kingdom,2,712.29,474,120,356.14,2,3,3,At Risk,20110616,20110812
17643,United Kingdom,1,101.55,71,373,101.55,1,2,1,At Risk,20101201,20101201
17644,United Kingdom,11,2895.64,1793,1,263.24,5,5,5,Champions,20110324,20111208
17646,United Kingdom,3,1008.39,323,219,336.13,1,4,4,Can't Lose Them,20101209,20110504
17647,United Kingdom,1,133.06,30,65,133.06,3,2,1,Need Attention,20111005,20111005
17648,United Kingdom,4,1797.5,487,61,449.38,3,4,4,Loyal,20110404,20111010
17649,United Kingdom,1,868.49,399,138,868.49,2,2,3,At Risk,20110724,20110724
17650,United Kingdom,1,166.08,150,21,166.08,4,2,1,New / Promising,20111118,20111118
17651,United Kingdom,10,3945.0,3112,12,394.5,5,5,5,Champions,20110615,20111128
17652,United Kingdom,12,4867.72,2509,25,405.64,4,5,5,Champions,20110303,20111114
17653,United Kingdom,4,1207.56,1409,37,301.89,3,4,4,Loyal,20110811,20111103
17654,United Kingdom,1,117.55,41,277,117.55,1,2,1,At Risk,20110307,20110307
17655,United Kingdom,7,2638.94,1116,11,376.99,5,5,5,Champions,20101208,20111129
17656,United Kingdom,5,1674.69,1399,73,334.94,2,4,4,Can't Lose Them,20110803,20110927
17658,United Kingdom,2,595.42,616,26,297.71,4,3,3,Loyal,20110512,20111114
17659,United Kingdom,12,2999.46,1525,17,249.96,4,5,5,Champions,20101202,20111122
17660,United Kingdom,1,178.75,121,141,178.75,2,2,1,At Risk,20110721,20110721
17663,United Kingdom,7,1802.91,797,26,257.56,4,5,4,Champions,20110225,20111114
17664,United Kingdom,2,604.64,604,19,302.32,4,3,3,Loyal,20110511,20111121
17666,United Kingdom,2,728.16,596,4,364.08,5,3,3,Loyal,20111005,20111206
17667,United Kingdom,5,2055.51,1033,66,411.1,3,4,5,Loyal,20110214,20111004
17668,United Kingdom,2,347.75,93,1,173.88,5,3,2,Loyal,20111101,20111208
17669,United Kingdom,7,3406.72,1916,43,486.67,3,5,5,Loyal,20110404,20111028
17670,United Kingdom,1,205.7,110,228,205.7,1,2,1,At Risk,20110426,20110426
17671,United Kingdom,4,1572.71,772,16,393.18,4,4,4,Champions,20101209,20111124
17672,United Kingdom,2,3178.17,1690,50,1589.08,3,3,5,Loyal,20110203,20111020
17673,United Kingdom,6,1594.97,1462,2,265.83,5,5,4,Champions,20110123,20111208
17674,United Kingdom,2,551.04,672,74,275.52,2,3,3,At Risk,20101206,20110926
17675,United Kingdom,31,20374.28,8360,1,657.23,5,5,5,Champions,20101207,20111208
17676,United Kingdom,6,1371.18,922,4,228.53,5,5,4,Champions,20101208,20111205
17677,United Kingdom,30,16345.38,9772,2,544.85,5,5,5,Champions,20101206,20111208
17678,United Kingdom,1,298.11,207,264,298.11,1,2,2,At Risk,20110321,20110321
17679,United Kingdom,2,1992.11,729,53,996.06,3,3,4,Loyal,20110915,20111018
17680,United Kingdom,1,184.4,96,24,184.4,4,2,1,New / Promising,20111116,20111116
17682,United Kingdom,6,2474.33,1367,10,412.39,5,5,5,Champions,20101206,20111129
17684,United Kingdom,1,239.41,145,44,239.41,3,2,1,Need Attention,20111027,20111027
17685,United Kingdom,7,3155.83,1907,17,450.83,4,5,5,Champions,20101202,20111123
17686,United Kingdom,7,5739.46,2478,7,819.92,5,5,5,Champions,20110210,20111202
17690,United Kingdom,15,4726.8,1769,30,315.12,4,5,5,Champions,20101201,20111109
17691,United Kingdom,2,290.4,134,358,145.2,1,3,2,At Risk,20101206,20101216
17692,United Kingdom,4,725.58,624,127,181.4,2,4,3,Can't Lose Them,20101215,20110804
17693,United Kingdom,1,200.47,231,137,200.47,2,2,1,At Risk,20110725,20110725
17694,United Kingdom,1,283.12,184,142,283.12,2,2,2,At Risk,20110721,20110721
17695,United Kingdom,2,765.34,779,132,382.67,2,3,3,At Risk,20110621,20110731
17696,United Kingdom,8,2285.71,1756,38,285.71,3,5,5,Loyal,20101210,20111101
17697,United Kingdom,1,338.95,93,236,338.95,1,2,2,At Risk,20110417,20110417
17698,United Kingdom,1,154.95,93,261,154.95,1,2,1,At Risk,20110324,20110324
17700,United Kingdom,4,2534.64,1266,17,633.66,4,4,5,Champions,20110303,20111123
17701,United Kingdom,1,417.95,109,253,417.95,1,2,2,At Risk,20110401,20110401
17702,United Kingdom,4,1824.37,1353,30,456.09,4,4,4,Champions,20110517,20111109
17703,United Kingdom,3,798.74,590,35,266.25,3,4,3,Loyal,20110724,20111104
17704,United Kingdom,2,885.19,343,169,442.6,2,3,3,At Risk,20110414,20110624
17705,United Kingdom,9,1823.52,963,3,202.61,5,5,4,Champions,20110211,20111206
17706,United Kingdom,17,10504.49,3899,4,617.91,5,5,5,Champions,20101208,20111205
17707,United Kingdom,2,152.4,144,185,76.2,1,3,1,At Risk,20110107,20110607
17708,United Kingdom,2,263.33,90,188,131.66,1,3,2,At Risk,20110119,20110605
17709,United Kingdom,1,137.45,17,170,137.45,2,2,1,At Risk,20110623,20110623
17711,United Kingdom,2,385.1,246,11,192.55,5,3,2,Loyal,20110223,20111129
17712,United Kingdom,1,522.91,215,45,522.91,3,2,3,Need Attention,20111026,20111026
17714,United Kingdom,1,153.0,92,321,153.0,1,2,1,At Risk,20110123,20110123
17715,United Kingdom,1,326.4,384,201,326.4,1,2,2,At Risk,20110523,20110523
17716,United Kingdom,11,5655.99,3072,23,514.18,4,5,5,Champions,20110317,20111117
17718,United Kingdom,1,139.35,83,232,139.35,1,2,1,At Risk,20110421,20110421
17719,United Kingdom,15,5396.04,2466,38,359.74,3,5,5,Loyal,20110329,20111102
17720,United Kingdom,4,1195.94,576,26,298.98,4,4,4,Champions,20101207,20111113
17722,United Kingdom,4,2424.04,1595,96,606.01,2,4,5,Can't Lose Them,20101208,20110904
17723,United Kingdom,6,3276.4,792,127,546.07,2,5,5,Can't Lose Them,20110509,20110804
17724,United Kingdom,3,1033.0,300,71,344.33,3,4,4,Loyal,20110724,20110929
17725,United Kingdom,11,3439.08,2162,16,312.64,4,5,5,Champions,20110317,20111123
17727,United Kingdom,1,1060.25,645,15,1060.25,4,2,4,New / Promising,20111124,20111124
17728,United Kingdom,3,2876.01,1469,4,958.67,5,4,5,Champions,20110914,20111206
17730,United Kingdom,13,5298.48,3576,3,407.58,5,5,5,Champions,20110117,20111206
17731,United Kingdom,4,1240.11,493,79,310.03,2,4,4,Can't Lose Them,20110609,20110921
17732,United Kingdom,1,303.97,93,373,303.97,1,2,2,At Risk,20101202,20101202
17733,United Kingdom,2,692.19,463,39,346.1,3,3,3,Loyal,20110323,20111101
17734,United Kingdom,3,700.63,422,54,233.54,3,4,3,Loyal,20110420,20111017
17735,United Kingdom,19,13110.02,8439,2,690.0,5,5,5,Champions,20101207,20111207
17736,United Kingdom,3,377.44,238,9,125.81,5,4,2,Champions,20110818,20111130
17737,United Kingdom,2,168.24,108,9,84.12,5,3,1,Loyal,20111012,20111130
17738,United Kingdom,4,1879.05,1029,19,469.76,4,4,4,Champions,20110302,20111120
17739,United Kingdom,7,2791.35,861,12,398.76,5,5,5,Champions,20101214,20111128
17742,United Kingdom,2,355.11,89,113,177.56,2,3,2,At Risk,20110111,20110818
17744,United Kingdom,6,2322.4,3412,4,387.07,5,5,5,Champions,20101216,20111206
17746,United Kingdom,1,110.25,29,240,110.25,1,2,1,At Risk,20110413,20110413
17747,United Kingdom,1,71.4,12,113,71.4,2,2,1,At Risk,20110819,20110819
17749,United Kingdom,2,674.52,320,178,337.26,2,3,3,At Risk,20110328,20110614
17750,United Kingdom,9,1694.16,3696,5,188.24,5,5,4,Champions,20110628,20111204
17752,United Kingdom,1,80.64,192,359,80.64,1,2,1,At Risk,20101215,20101215
17754,United Kingdom,5,1664.65,1816,1,332.93,5,4,4,Champions,20110324,20111209
17757,United Kingdom,30,5589.44,3317,1,186.31,5,5,5,Champions,20101202,20111208
17758,United Kingdom,8,3408.2,2054,19,426.02,4,5,5,Champions,20110403,20111120
17759,United Kingdom,3,818.71,696,17,272.9,4,4,3,Champions,20110623,20111122
17760,United Kingdom,2,287.59,239,22,143.79,4,3,2,Loyal,20101201,20111118
17761,United Kingdom,1,712.78,398,33,712.78,3,2,3,Need Attention,20111107,20111107
17763,United Kingdom,1,15.0,12,263,15.0,1,2,1,At Risk,20110321,20110321
17764,United Kingdom,2,772.55,351,51,386.28,3,3,3,Loyal,20110512,20111020
17765,United Kingdom,3,367.63,143,159,122.54,2,4,2,Can't Lose Them,20110328,20110704
17767,United Kingdom,1,271.2,128,15,271.2,4,2,2,New / Promising,20111124,20111124
17768,United Kingdom,3,2081.9,1122,8,693.97,5,4,5,Champions,20110626,20111201
17769,United Kingdom,10,3957.43,1850,13,395.74,5,5,5,Champions,20110123,20111127
17770,United Kingdom,5,1143.27,365,199,228.65,1,4,4,Can't Lose Them,20110302,20110525
17771,United Kingdom,2,245.33,283,57,122.66,3,3,1,Loyal,20110120,20111014
17772,United Kingdom,2,173.45,55,11,86.72,5,3,1,Loyal,20111129,20111129
17774,United Kingdom,4,1213.73,508,97,303.43,2,4,4,Can't Lose Them,20110207,20110904
17775,United Kingdom,1,56.4,72,255,56.4,1,2,1,At Risk,20110330,20110330
17777,United Kingdom,3,647.56,501,25,215.85,4,4,3,Champions,20110831,20111115
17779,United Kingdom,3,650.32,396,21,216.77,4,4,3,Champions,20110719,20111118
17781,United Kingdom,2,188.02,34,159,94.01,2,3,1,At Risk,20110331,20110703
17783,United Kingdom,2,283.47,354,72,141.74,2,3,2,At Risk,20110406,20110928
17785,United Kingdom,1,131.94,67,53,131.94,3,2,1,Need Attention,20111017,20111017
17786,United Kingdom,2,266.85,195,85,133.43,2,3,2,At Risk,20110126,20110915
17787,United Kingdom,4,1817.54,896,153,454.38,2,4,4,Can't Lose Them,20101203,20110710
17788,United Kingdom,2,1112.95,210,74,556.48,2,3,4,At Risk,20110802,20110927
17789,United Kingdom,1,225.9,74,281,225.9,1,2,1,At Risk,20110303,20110303
17790,United Kingdom,14,1964.3,835,27,140.31,4,5,4,Champions,20101210,20111113
17791,United Kingdom,1,106.1,46,30,106.1,4,2,1,New / Promising,20111110,20111110
17793,United Kingdom,1,300.34,226,25,300.34,4,2,2,New / Promising,20111114,20111114
17795,United Kingdom,2,342.83,305,180,171.42,1,3,2,At Risk,20110320,20110613
17796,United Kingdom,4,690.0,176,40,172.5,3,4,3,Loyal,20101205,20111030
17797,United Kingdom,3,780.43,498,22,260.14,4,4,3,Champions,20110610,20111117
17799,United Kingdom,10,3039.17,1753,22,303.92,4,5,5,Champions,20101213,20111117
17800,United Kingdom,9,1186.21,731,37,131.8,3,5,4,Loyal,20110109,20111102
17802,United Kingdom,3,1285.04,752,82,428.35,2,4,4,Can't Lose Them,20101202,20110918
17805,United Kingdom,1,512.31,478,74,512.31,2,2,3,At Risk,20110927,20110927
17806,United Kingdom,1,546.04,727,11,546.04,5,2,3,New / Promising,20111128,20111128
17809,United Kingdom,12,5411.91,2057,16,450.99,4,5,5,Champions,20101201,20111123
17811,United Kingdom,39,7755.12,4145,4,198.85,5,5,5,Champions,20110110,20111205
17812,United Kingdom,4,699.81,329,13,174.95,5,4,3,Champions,20101206,20111127
17813,United Kingdom,5,1698.07,752,14,339.61,4,4,4,Champions,20110929,20111125
17816,United Kingdom,4,36.56,30,37,9.14,3,4,1,Loyal,20101209,20111103
17817,United Kingdom,3,387.68,67,4,129.23,5,4,2,Champions,20110307,20111205
17819,United Kingdom,7,3704.87,1031,72,529.27,2,5,5,Can't Lose Them,20101203,20110929
17824,United Kingdom,1,298.4,408,51,298.4,3,2,2,Need Attention,20111019,20111019
17827,United Kingdom,5,1987.33,1240,5,397.47,5,4,4,Champions,20101210,20111204
17828,Malta,4,1165.09,655,23,291.27,4,4,4,Champions,20110608,20111117
17829,United Arab Emirates,1,889.24,496,299,889.24,1,2,3,At Risk,20110214,20110214
17830,United Kingdom,3,398.7,92,2,132.9,5,4,2,Champions,20110224,20111208
17831,United Kingdom,1,35.4,12,33,35.4,3,2,1,Need Attention,20111106,20111106
17832,United Kingdom,1,155.37,208,50,155.37,3,2,1,Need Attention,20111021,20111021
17835,United Kingdom,3,342.24,344,3,114.08,5,4,2,Champions,20111116,20111207
17836,United Kingdom,1,109.83,87,47,109.83,3,2,1,Need Attention,20111023,20111023
17837,United Kingdom,8,1535.33,508,42,191.92,3,5,4,Loyal,20110629,20111028
17838,United Kingdom,5,2720.8,1831,27,544.16,4,4,5,Champions,20101202,20111113
17839,United Kingdom,1,318.15,257,42,318.15,3,2,2,Need Attention,20111028,20111028
17841,United Kingdom,124,40495.99,22816,2,326.58,5,5,5,Champions,20101201,20111208
17843,United Kingdom,1,197.73,88,303,197.73,1,2,1,At Risk,20110209,20110209
17844,Canada,1,51.56,52,107,51.56,2,2,1,At Risk,20110825,20110825
17848,United Kingdom,9,901.2,398,81,100.13,2,5,3,Can't Lose Them,20101216,20110919
17849,United Kingdom,4,605.8,114,218,151.45,1,4,3,Can't Lose Them,20110110,20110505
17850,United Kingdom,34,5391.21,1733,372,158.56,1,5,5,Can't Lose Them,20101201,20101202
17852,United Kingdom,2,114.34,53,12,57.17,5,3,1,Loyal,20111128,20111128
17854,United Kingdom,2,311.26,84,185,155.63,1,3,2,At Risk,20110426,20110607
17855,United Kingdom,1,208.97,197,373,208.97,1,2,1,At Risk,20101202,20101202
17856,United Kingdom,4,1418.03,842,2,354.51,5,4,4,Champions,20110303,20111208
17857,United Kingdom,22,25301.54,14822,4,1150.07,5,5,5,Champions,20101209,20111205
17858,United Kingdom,12,5140.66,2694,6,428.39,5,5,5,Champions,20101205,20111204
17859,United Kingdom,1,141.92,102,305,141.92,1,2,1,At Risk,20110208,20110208
17860,United Kingdom,1,226.45,93,369,226.45,1,2,1,At Risk,20101206,20101206
17861,United Kingdom,8,2097.88,1985,3,262.24,5,5,5,Champions,20110124,20111206
17862,United Kingdom,1,330.9,100,324,330.9,1,2,2,At Risk,20110120,20110120
17863,United Kingdom,6,3160.0,2638,59,526.67,3,5,5,Loyal,20101205,20111011
17864,United Kingdom,3,554.85,706,13,184.95,5,4,3,Champions,20110309,20111127
17865,United Kingdom,20,10524.22,5756,31,526.21,4,5,5,Champions,20101210,20111109
17866,United Kingdom,1,329.65,174,143,329.65,2,2,2,At Risk,20110720,20110720
17867,United Kingdom,6,1157.87,508,30,192.98,4,5,4,Champions,20110224,20111109
17869,United Kingdom,5,428.18,111,107,85.64,2,4,2,Can't Lose Them,20101206,20110824
17870,United Kingdom,12,1865.89,1351,2,155.49,5,5,4,Champions,20101208,20111207
17871,United Kingdom,1,155.9,182,205,155.9,1,2,1,At Risk,20110519,20110519
17873,United Kingdom,5,1719.58,1034,80,343.92,2,4,4,Can't Lose Them,20101201,20110920
17874,United Kingdom,6,683.46,221,185,113.91,1,5,3,Can't Lose Them,20110329,20110607
17877,United Kingdom,1,237.61,98,170,237.61,2,2,1,At Risk,20110622,20110622
17878,United Kingdom,1,379.45,401,44,379.45,3,2,2,Need Attention,20111027,20111027
17879,United Kingdom,1,178.52,45,174,178.52,2,2,1,At Risk,20110619,20110619
17880,United Kingdom,1,458.92,314,365,458.92,1,2,2,At Risk,20101210,20101210
17881,United Kingdom,1,133.35,32,304,133.35,1,2,1,At Risk,20110208,20110208
17883,United Kingdom,4,664.34,374,3,166.08,5,4,3,Champions,20110407,20111206
17884,United Kingdom,4,695.07,817,4,173.77,5,4,3,Champions,20101203,20111206
17885,United Kingdom,1,156.34,110,12,156.34,5,2,1,New / Promising,20111127,20111127
17886,United Kingdom,3,869.28,469,32,289.76,4,4,3,Champions,20110404,20111108
17887,United Kingdom,1,111.35,30,129,111.35,2,2,1,At Risk,20110802,20110802
17888,United Kingdom,8,716.0,973,21,89.5,4,5,3,Champions,20101217,20111118
17889,United Kingdom,2,201.37,77,212,100.68,1,3,1,At Risk,20110121,20110511
17890,United Kingdom,2,586.89,402,323,293.44,1,3,3,At Risk,20101213,20110121
17891,United Kingdom,1,203.86,393,162,203.86,2,2,1,At Risk,20110630,20110630
17892,United Kingdom,3,244.1,109,56,81.37,3,4,1,Loyal,20110707,20111014
17893,United Kingdom,1,107.21,149,225,107.21,1,2,1,At Risk,20110428,20110428
17894,United Kingdom,8,1118.54,402,72,139.82,2,5,4,Can't Lose Them,20101208,20110929
17895,United Kingdom,1,95.45,127,44,95.45,3,2,1,Need Attention,20111026,20111026
17896,United Kingdom,1,256.32,288,23,256.32,4,2,2,New / Promising,20111116,20111116
17897,United Kingdom,3,541.81,222,173,180.6,2,4,3,Can't Lose Them,20101201,20110620
17898,United Kingdom,2,152.06,190,85,76.03,2,3,1,At Risk,20110516,20110915
17899,United Kingdom,1,154.55,170,159,154.55,2,2,1,At Risk,20110703,20110703
17900,United Kingdom,2,112.2,73,190,56.1,1,3,1,At Risk,20110602,20110602
17901,United Kingdom,1,110.38,24,29,110.38,4,2,1,New / Promising,20111110,20111110
17904,United Kingdom,1,181.07,59,21,181.07,4,2,1,New / Promising,20111118,20111118
17905,United Kingdom,4,798.99,406,71,199.75,3,4,3,Loyal,20101201,20110929
17906,United Kingdom,1,72.9,26,247,72.9,1,2,1,At Risk,20110406,20110406
17908,United Kingdom,1,232.03,169,374,232.03,1,2,1,At Risk,20101201,20101201
17911,United Kingdom,1,366.23,223,9,366.23,5,2,2,New / Promising,20111130,20111130
17912,United Kingdom,5,310.06,184,310,62.01,1,4,2,Can't Lose Them,20101210,20110202
17913,United Kingdom,2,408.65,288,59,204.32,3,3,2,Loyal,20101219,20111012
17914,United Kingdom,1,329.36,457,4,329.36,5,2,2,New / Promising,20111206,20111206
17917,United Kingdom,3,335.03,184,45,111.68,3,4,2,Loyal,20101212,20111025
17919,United Kingdom,1,1304.04,756,88,1304.04,2,2,4,At Risk,20110912,20110912
17920,United Kingdom,17,4107.6,2471,4,241.62,5,5,5,Champions,20101201,20111205
17921,United Kingdom,4,820.23,425,64,205.06,3,4,3,Loyal,20110318,20111006
17923,United Kingdom,1,207.5,50,282,207.5,1,2,1,At Risk,20110302,20110302
17924,United Kingdom,7,2962.5,1160,12,423.21,5,5,5,Champions,20101201,20111128
17925,United Kingdom,1,244.08,72,373,244.08,1,2,1,At Risk,20101202,20101202
17926,United Kingdom,2,397.29,306,133,198.64,2,3,2,At Risk,20110520,20110729
17928,United Kingdom,2,184.46,68,45,92.23,3,3,1,Loyal,20110407,20111025
17929,United Kingdom,4,843.0,108,11,210.75,5,4,3,Champions,20110204,20111128
17930,United Kingdom,5,1740.48,1594,36,348.1,3,4,4,Loyal,20110414,20111104
17931,United Kingdom,2,408.36,249,134,204.18,2,3,2,At Risk,20110329,20110728
17932,United Kingdom,3,1331.57,789,29,443.86,4,4,4,Champions,20110512,20111110
17934,United Kingdom,2,704.25,478,52,352.12,3,3,3,Loyal,20111012,20111019
17935,United Kingdom,2,142.89,81,138,71.44,2,3,1,At Risk,20110721,20110724
17936,United Kingdom,1,380.13,257,5,380.13,5,2,2,New / Promising,20111204,20111204
17937,United Kingdom,7,4301.22,1754,9,614.46,5,5,5,Champions,20101212,20111201
17939,United Kingdom,1,99.14,40,160,99.14,2,2,1,At Risk,20110703,20110703
17940,United Kingdom,9,2152.18,9322,49,239.13,3,5,5,Loyal,20110210,20111021
17941,United Kingdom,1,304.56,252,131,304.56,2,2,2,At Risk,20110801,20110801
17942,United Kingdom,1,77.5,38,8,77.5,5,2,1,New / Promising,20111202,20111202
17946,United Kingdom,2,149.58,75,233,74.79,1,3,1,At Risk,20110325,20110420
17947,United Kingdom,1,176.68,168,37,176.68,3,2,1,Need Attention,20111102,20111102
17948,United Kingdom,1,358.56,144,147,358.56,2,2,2,At Risk,20110715,20110715
17949,United Kingdom,44,58030.48,30450,1,1318.87,5,5,5,Champions,20101203,20111208
17950,United Kingdom,3,482.2,366,72,160.73,2,4,2,Can't Lose Them,20101209,20110928
17951,United Kingdom,3,1008.54,616,40,336.18,3,4,4,Loyal,20101201,20111031
17954,United Kingdom,12,2314.13,2221,5,192.84,5,5,5,Champions,20101203,20111204
17955,United Kingdom,4,557.3,273,199,139.32,1,4,3,Can't Lose Them,20110504,20110525
17956,United Kingdom,1,12.75,1,249,12.75,1,2,1,At Risk,20110404,20110404
17957,United Kingdom,1,110.72,275,66,110.72,3,2,1,Need Attention,20111004,20111004
17958,United Kingdom,1,508.46,84,117,508.46,2,2,3,At Risk,20110815,20110815
17960,United Kingdom,1,73.78,41,171,73.78,2,2,1,At Risk,20110621,20110621
17961,United Kingdom,39,1296.44,560,21,33.24,4,5,4,Champions,20101202,20111118
17962,United Kingdom,1,102.41,127,142,102.41,2,2,1,At Risk,20110720,20110720
17964,United Kingdom,2,463.21,294,32,231.6,4,3,2,Loyal,20101202,20111108
17965,United Kingdom,14,2599.19,1532,38,185.66,3,5,5,Loyal,20101205,20111102
17966,United Kingdom,5,1098.43,2571,38,219.69,3,4,4,Loyal,20110323,20111102
17967,United Kingdom,1,112.27,73,372,112.27,1,2,1,At Risk,20101203,20101203
17968,United Kingdom,1,265.1,151,374,265.1,1,2,2,At Risk,20101201,20101201
17969,United Kingdom,2,228.2,152,166,114.1,2,3,1,At Risk,20101213,20110626
17970,United Kingdom,1,562.79,513,211,562.79,1,2,3,At Risk,20110512,20110512
17972,United Kingdom,1,135.19,36,242,135.19,1,2,1,At Risk,20110412,20110412
17973,United Kingdom,1,337.04,176,52,337.04,3,2,2,Need Attention,20111019,20111019
17974,United Kingdom,3,703.99,500,25,234.66,4,4,3,Champions,20110504,20111115
17975,United Kingdom,13,4479.96,1563,15,344.61,4,5,5,Champions,20101208,20111124
17976,United Kingdom,1,321.79,93,372,321.79,1,2,2,At Risk,20101202,20101202
17977,United Kingdom,1,288.14,342,29,288.14,4,2,2,New / Promising,20111110,20111110
17978,United Kingdom,1,300.92,499,365,300.92,1,2,2,At Risk,20101209,20101209
17979,United Kingdom,4,729.01,379,36,182.25,3,4,3,Loyal,20110325,20111104
17980,United Kingdom,3,811.45,682,166,270.48,2,4,3,Can't Lose Them,20101215,20110627
17984,United Kingdom,1,152.68,98,145,152.68,2,2,1,At Risk,20110717,20110717
17985,United Kingdom,1,631.35,171,22,631.35,4,2,3,New / Promising,20111117,20111117
17986,United Kingdom,1,20.8,10,56,20.8,3,2,1,Need Attention,20111014,20111014
17987,United Kingdom,1,198.57,261,185,198.57,1,2,1,At Risk,20110607,20110607
17988,United Kingdom,7,201.12,43,12,28.73,5,5,1,Champions,20110117,20111128
17990,United Kingdom,3,630.84,414,237,210.28,1,4,3,Can't Lose Them,20101213,20110417
17991,United Kingdom,2,93.35,25,225,46.68,1,3,1,At Risk,20110427,20110428
17994,United Kingdom,4,674.89,495,122,168.72,2,4,3,Can't Lose Them,20110222,20110810
17995,United Kingdom,1,76.1,133,282,76.1,1,2,1,At Risk,20110303,20110303
17997,United Kingdom,8,1962.46,2273,74,245.31,2,5,4,Can't Lose Them,20110628,20110926
17999,United Kingdom,2,380.39,219,37,190.2,3,3,2,Loyal,20101208,20111102
18001,United Kingdom,2,415.13,362,12,207.56,5,3,2,Loyal,20110914,20111127
18004,United Kingdom,1,157.92,75,362,157.92,1,2,1,At Risk,20101212,20101212
18005,United Kingdom,2,226.47,86,4,113.24,5,3,1,Loyal,20111023,20111206
18006,United Kingdom,1,444.68,220,23,444.68,4,2,2,New / Promising,20111116,20111116
18008,United Kingdom,9,2116.19,1581,70,235.13,3,5,5,Loyal,20110125,20110930
18009,United Kingdom,1,247.39,125,235,247.39,1,2,2,At Risk,20110418,20110418
18010,United Kingdom,1,174.8,60,257,174.8,1,2,1,At Risk,20110328,20110328
18011,United Kingdom,1,102.79,71,373,102.79,1,2,1,At Risk,20101201,20101201
18013,United Kingdom,2,187.29,285,155,93.64,2,3,1,At Risk,20110707,20110707
18014,United Kingdom,1,154.27,65,28,154.27,4,2,1,New / Promising,20111111,20111111
18015,United Kingdom,1,120.03,157,4,120.03,5,2,1,New / Promising,20111205,20111205
18016,United Kingdom,5,1477.66,1027,32,295.53,4,4,4,Champions,20101210,20111107
18017,United Kingdom,3,523.0,300,81,174.33,2,4,3,Can't Lose Them,20110202,20110919
18018,United Kingdom,2,122.14,55,108,61.07,2,3,1,At Risk,20110524,20110823
18019,United Kingdom,1,38.45,7,52,38.45,3,2,1,Need Attention,20111019,20111019
18022,United Kingdom,1,612.72,703,36,612.72,3,2,3,Need Attention,20111104,20111104
18024,United Kingdom,2,389.78,184,153,194.89,2,3,2,At Risk,20110710,20110710
18027,United Kingdom,1,115.31,78,99,115.31,2,2,1,At Risk,20110902,20110902
18030,United Kingdom,2,230.65,67,4,115.32,5,3,1,Loyal,20111028,20111205
18032,United Kingdom,1,73.5,42,334,73.5,1,2,1,At Risk,20110109,20110109
18033,United Kingdom,1,93.82,252,65,93.82,3,2,1,Need Attention,20111005,20111005
18034,United Kingdom,2,418.68,559,22,209.34,4,3,2,Loyal,20111118,20111118
18035,United Kingdom,3,713.89,584,36,237.96,3,4,3,Loyal,20111027,20111104
18036,United Kingdom,3,403.12,232,32,134.37,4,4,2,Champions,20110408,20111107
18037,United Kingdom,6,70.02,20,154,11.67,2,5,1,Can't Lose Them,20101212,20110708
18040,United Kingdom,2,357.2,148,19,178.6,4,3,2,Loyal,20110408,20111120
18041,United Kingdom,21,4097.37,3758,12,195.11,5,5,5,Champions,20101202,20111128
18042,United Kingdom,1,165.05,33,54,165.05,3,2,1,Need Attention,20111017,20111017
18043,United Kingdom,3,529.29,265,25,176.43,4,4,3,Champions,20101208,20111115
18044,United Kingdom,10,2088.6,1033,4,208.86,5,5,5,Champions,20101214,20111205
18045,United Kingdom,1,178.34,138,45,178.34,3,2,1,Need Attention,20111025,20111025
18048,United Kingdom,2,172.29,127,203,86.14,1,3,1,At Risk,20110520,20110520
18050,United Kingdom,1,74.4,40,359,74.4,1,2,1,At Risk,20101215,20101215
18053,United Kingdom,1,300.02,302,71,300.02,3,2,2,Need Attention,20110930,20110930
18055,United Kingdom,10,6761.34,2452,7,676.13,5,5,5,Champions,20101205,20111202
18056,United Kingdom,1,363.65,211,288,363.65,1,2,2,At Risk,20110224,20110224
18058,United Kingdom,1,170.16,88,10,170.16,5,2,1,New / Promising,20111130,20111130
18059,United Kingdom,3,306.46,258,23,102.15,4,4,2,Champions,20111003,20111116
18061,United Kingdom,10,2119.41,955,22,211.94,4,5,5,Champions,20101208,20111118
18062,United Kingdom,3,720.52,396,173,240.17,2,4,3,Can't Lose Them,20110106,20110619
18064,United Kingdom,2,814.0,384,133,407.0,2,3,3,At Risk,20110418,20110729
18065,United Kingdom,14,2392.83,1027,6,170.92,5,5,5,Champions,20101210,20111204
18066,United Kingdom,1,318.0,108,75,318.0,2,2,2,At Risk,20110925,20110925
18067,United Kingdom,1,396.33,189,40,396.33,3,2,2,Need Attention,20111030,20111030
18068,United Kingdom,1,101.7,6,289,101.7,1,2,1,At Risk,20110223,20110223
18069,United Kingdom,5,2009.24,1296,26,401.85,4,4,4,Champions,20110116,20111113
18071,United Kingdom,2,453.0,260,258,226.5,1,3,2,At Risk,20101209,20110327
18072,United Kingdom,1,247.44,288,186,247.44,1,2,2,At Risk,20110607,20110607
18073,United Kingdom,12,3859.82,3102,114,321.65,2,5,5,Can't Lose Them,20110526,20110817
18074,United Kingdom,1,489.6,190,374,489.6,1,2,3,At Risk,20101201,20101201
18075,United Kingdom,10,2611.75,1464,23,261.18,4,5,5,Champions,20101214,20111116
18077,United Kingdom,11,2584.41,1839,8,234.95,5,5,5,Champions,20101208,20111201
18078,United Kingdom,2,336.13,145,217,168.06,1,3,2,At Risk,20110325,20110506
18079,United Kingdom,4,3613.15,7347,45,903.29,3,4,5,Loyal,20110415,20111025
18080,United Kingdom,2,1231.5,642,19,615.75,4,3,4,Loyal,20110411,20111121
18081,United Kingdom,3,343.45,195,36,114.48,3,4,2,Loyal,20110729,20111103
18082,United Kingdom,1,680.84,608,26,680.84,4,2,3,New / Promising,20111114,20111114
18084,United Kingdom,1,90.48,312,16,90.48,4,2,1,New / Promising,20111123,20111123
18085,United Kingdom,2,689.95,265,330,344.98,1,3,3,At Risk,20101201,20110113
18086,United Kingdom,1,101.34,106,274,101.34,1,2,1,At Risk,20110310,20110310
18087,United Kingdom,1,3202.92,3906,291,3202.92,1,2,5,At Risk,20110222,20110222
18088,United Kingdom,1,166.03,107,61,166.03,3,2,1,Need Attention,20111009,20111009
18092,United Kingdom,11,9068.26,4252,2,824.39,5,5,5,Champions,20101209,20111207
18093,United Kingdom,4,2106.52,1392,93,526.63,2,4,5,Can't Lose Them,20110210,20110907
18094,United Kingdom,7,3017.3,2518,82,431.04,2,5,5,Can't Lose Them,20110221,20110919
18095,United Kingdom,2,580.05,419,313,290.02,1,3,3,At Risk,20110111,20110131
18096,United Kingdom,3,849.06,788,12,283.02,5,4,3,Champions,20111007,20111128
18097,United Kingdom,6,2662.4,1662,8,443.73,5,5,5,Champions,20101220,20111202
18099,United Kingdom,1,168.31,149,127,168.31,2,2,1,At Risk,20110804,20110804
18101,United Kingdom,2,222.4,87,11,111.2,5,3,1,Loyal,20110719,20111128
18102,United Kingdom,60,259657.3,64124,1,4327.62,5,5,5,Champions,20101207,20111209
18104,United Kingdom,1,754.64,362,37,754.64,3,2,3,Need Attention,20111102,20111102
18105,United Kingdom,1,113.48,46,38,113.48,3,2,1,Need Attention,20111102,20111102
18106,United Kingdom,1,421.9,126,330,421.9,1,2,2,At Risk,20110114,20110114
18108,United Kingdom,1,271.0,84,254,271.0,1,2,2,At Risk,20110330,20110330
18109,United Kingdom,26,8004.92,4230,2,307.88,5,5,5,Champions,20101205,20111208
18110,United Kingdom,1,198.8,72,20,198.8,4,2,1,New / Promising,20111120,20111120
18112,United Kingdom,2,352.69,255,12,176.34,5,3,2,Loyal,20110626,20111127
18113,United Kingdom,1,76.32,72,369,76.32,1,2,1,At Risk,20101206,20101206
18114,United Kingdom,1,220.1,55,290,220.1,1,2,1,At Risk,20110222,20110222
18116,United Kingdom,8,1399.51,819,68,174.94,3,5,4,Loyal,20101210,20111003
18117,United Kingdom,1,314.4,604,26,314.4,4,2,2,New / Promising,20111114,20111114
18118,United Kingdom,26,5622.68,2853,11,216.26,5,5,5,Champions,20101205,20111129
18119,United Kingdom,1,180.7,124,368,180.7,1,2,1,At Risk,20101207,20101207
18120,United Kingdom,1,111.15,31,214,111.15,1,2,1,At Risk,20110509,20110509
18121,United Kingdom,2,653.3,438,149,326.65,2,3,3,At Risk,20110708,20110713
18122,United Kingdom,6,1791.84,1215,8,298.64,5,5,4,Champions,20110712,20111201
18123,United Kingdom,2,574.44,582,24,287.22,4,3,3,Loyal,20111108,20111115
18125,United Kingdom,4,1131.75,800,30,282.94,4,4,4,Champions,20110127,20111110
18126,United Kingdom,1,198.58,129,61,198.58,3,2,1,Need Attention,20111010,20111010
18127,United Kingdom,3,347.08,187,19,115.69,4,4,2,Champions,20110729,20111120
18129,United Kingdom,1,112.55,48,243,112.55,1,2,1,At Risk,20110410,20110410
18130,United Kingdom,3,1059.39,824,15,353.13,4,4,4,Champions,20111013,20111124
18133,United Kingdom,1,931.5,1350,212,931.5,1,2,4,At Risk,20110511,20110511
18135,United Kingdom,5,681.91,349,29,136.38,4,4,3,Champions,20110602,20111110
18136,United Kingdom,3,784.33,379,63,261.44,3,4,3,Loyal,20110124,20111007
18138,United Kingdom,1,152.65,38,295,152.65,1,2,1,At Risk,20110217,20110217
18139,United Kingdom,6,8438.34,5557,18,1406.39,4,5,5,Champions,20111121,20111122
18142,United Kingdom,2,1019.52,1276,157,509.76,2,3,4,At Risk,20110508,20110705
18143,United Kingdom,2,1000.16,570,117,500.08,2,3,4,At Risk,20110721,20110815
18144,United Kingdom,12,2888.75,1343,8,240.73,5,5,5,Champions,20101201,20111202
18145,United Kingdom,4,2861.55,2625,13,715.39,5,4,5,Champions,20110131,20111127
18146,United Kingdom,2,160.35,153,141,80.18,2,3,1,At Risk,20110503,20110722
18147,United Kingdom,2,179.34,203,46,89.67,3,3,1,Loyal,20110823,20111025
18149,United Kingdom,3,612.08,310,51,204.03,3,4,3,Loyal,20110311,20111020
18150,United Kingdom,3,566.58,332,32,188.86,4,4,3,Champions,20110522,20111107
18151,United Kingdom,2,653.35,355,135,326.68,2,3,3,At Risk,20110223,20110728
18154,United Kingdom,2,399.19,255,3,199.6,5,3,2,Loyal,20111027,20111206
18155,United Kingdom,3,371.62,266,75,123.87,2,4,2,Can't Lose Them,20110221,20110925
18156,United Kingdom,2,675.64,283,13,337.82,5,3,3,Loyal,20101205,20111127
18158,United Kingdom,2,453.4,354,9,226.7,5,3,2,Loyal,20110912,20111130
18159,United Kingdom,1,530.15,139,301,530.15,1,2,3,At Risk,20110211,20110211
18160,United Kingdom,2,638.06,294,57,319.03,3,3,3,Loyal,20110523,20111013
18161,United Kingdom,5,1618.69,812,15,323.74,4,4,4,Champions,20110124,20111124
18164,United Kingdom,1,399.65,184,37,399.65,3,2,2,Need Attention,20111102,20111102
18165,United Kingdom,1,302.46,254,177,302.46,2,2,2,At Risk,20110615,20110615
18167,United Kingdom,3,1384.86,382,23,461.62,4,4,4,Champions,20110826,20111116
18168,United Kingdom,6,1160.04,592,176,193.34,2,5,4,Can't Lose Them,20101202,20110616
18169,United Kingdom,1,202.65,61,61,202.65,3,2,1,Need Attention,20111010,20111010
18170,United Kingdom,3,980.31,409,33,326.77,3,4,4,Loyal,20110506,20111106
18171,United Kingdom,5,1231.31,481,59,246.26,3,4,4,Loyal,20110110,20111012
18172,United Kingdom,20,7561.68,3184,15,378.08,4,5,5,Champions,20110223,20111125
18173,United Kingdom,4,2106.84,1220,87,526.71,2,4,5,Can't Lose Them,20110310,20110914
18174,United Kingdom,1,104.0,50,7,104.0,5,2,1,New / Promising,20111202,20111202
18176,United Kingdom,1,476.35,283,358,476.35,1,2,2,At Risk,20101216,20101216
18177,United Kingdom,6,1340.87,709,31,223.48,4,5,4,Champions,20110329,20111108
18178,United Kingdom,4,1590.81,983,129,397.7,2,4,4,Can't Lose Them,20101210,20110803
18179,United Kingdom,6,1793.17,1360,9,298.86,5,5,4,Champions,20110107,20111130
18180,United Kingdom,6,1843.75,1721,5,307.29,5,5,4,Champions,20110720,20111205
18181,United Kingdom,1,366.85,133,24,366.85,4,2,2,New / Promising,20111115,20111115
18183,United Kingdom,2,632.07,371,227,316.04,1,3,3,At Risk,20110310,20110426
18184,United Kingdom,1,49.8,60,15,49.8,4,2,1,New / Promising,20111124,20111124
18185,United Kingdom,1,304.25,183,249,304.25,1,2,2,At Risk,20110404,20110404
18188,United Kingdom,3,2001.04,1168,15,667.01,4,4,4,Champions,20110222,20111124
18189,United Kingdom,2,1090.24,566,78,545.12,2,3,4,At Risk,20110317,20110923
18190,United Kingdom,2,284.46,140,192,142.23,1,3,2,At Risk,20110113,20110531
18191,United Kingdom,1,207.8,140,262,207.8,1,2,1,At Risk,20110323,20110323
18192,United Kingdom,1,957.97,339,72,957.97,2,2,4,At Risk,20110929,20110929
18193,United Kingdom,1,243.76,124,165,243.76,2,2,1,At Risk,20110627,20110627
18194,United Kingdom,1,973.84,632,82,973.84,2,2,4,At Risk,20110918,20110918
18196,United Kingdom,2,686.63,431,95,343.32,2,3,3,At Risk,20110222,20110905
18198,United Kingdom,17,5425.56,4074,4,319.15,5,5,5,Champions,20110107,20111205
18200,United Kingdom,1,150.35,104,106,150.35,2,2,1,At Risk,20110825,20110825
18202,United Kingdom,3,1396.99,581,200,465.66,1,4,4,Can't Lose Them,20110201,20110524
18203,United Kingdom,1,160.42,43,157,160.42,2,2,1,At Risk,20110705,20110705
18204,United Kingdom,3,1975.35,1190,71,658.45,3,4,4,Loyal,20110531,20110929
18205,United Kingdom,2,517.36,192,36,258.68,3,3,3,Loyal,20110926,20111103
18209,United Kingdom,1,139.1,58,29,139.1,4,2,1,New / Promising,20111111,20111111
18210,United Kingdom,6,2621.38,1398,2,436.9,5,5,5,Champions,20110317,20111208
18211,United Kingdom,5,600.07,359,26,120.01,4,4,3,Champions,20110306,20111114
18212,United Kingdom,1,216.07,92,326,216.07,1,2,1,At Risk,20110117,20110117
18213,United Kingdom,1,232.48,232,237,232.48,1,2,1,At Risk,20110417,20110417
18215,United Kingdom,1,299.34,118,89,299.34,2,2,2,At Risk,20110911,20110911
18216,United Kingdom,1,481.75,200,31,481.75,4,2,2,New / Promising,20111108,20111108
18217,United Kingdom,2,621.75,491,29,310.88,4,3,3,Loyal,20110930,20111110
18218,United Kingdom,2,641.92,536,211,320.96,1,3,3,At Risk,20110303,20110512
18219,United Kingdom,10,2069.77,885,3,206.98,5,5,5,Champions,20101206,20111207
18220,United Kingdom,1,305.28,288,227,305.28,1,2,2,At Risk,20110427,20110427
18221,United Kingdom,5,1041.61,791,22,208.32,4,4,4,Champions,20110512,20111117
18222,United Kingdom,1,443.0,335,93,443.0,2,2,2,At Risk,20110908,20110908
18223,United Kingdom,14,6484.54,2948,5,463.18,5,5,5,Champions,20101216,20111205
18224,United Kingdom,1,158.95,69,264,158.95,1,2,1,At Risk,20110321,20110321
18225,United Kingdom,12,5504.96,3242,3,458.75,5,5,5,Champions,20101209,20111206
18226,United Kingdom,11,5228.05,3466,44,475.28,3,5,5,Loyal,20110106,20111026
18227,United Kingdom,1,93.75,21,218,93.75,1,2,1,At Risk,20110506,20110506
18228,United Kingdom,2,779.9,238,57,389.95,3,3,3,Loyal,20110921,20111014
18229,United Kingdom,20,7276.9,2488,12,363.84,5,5,5,Champions,20101201,20111128
18230,United Kingdom,7,2810.2,1316,9,401.46,5,5,5,Champions,20110210,20111130
18231,United Kingdom,5,2071.77,819,192,414.35,1,4,5,Can't Lose Them,20110224,20110531
18232,United Kingdom,4,592.97,302,82,148.24,2,4,3,Can't Lose Them,20110526,20110919
18233,United Kingdom,1,440.0,4,326,440.0,1,2,2,At Risk,20110118,20110118
18235,United Kingdom,3,1796.48,1578,72,598.83,2,4,4,Can't Lose Them,20110506,20110929
18236,United Kingdom,6,882.24,403,30,147.04,4,5,3,Champions,20110413,20111110
18237,United Kingdom,5,987.1,622,3,197.42,5,5,4,Champions,20110728,20111207
18239,United Kingdom,5,1561.61,795,219,312.32,1,5,4,Can't Lose Them,20101202,20110505
18240,United Kingdom,1,422.58,126,46,422.58,3,2,2,Need Attention,20111024,20111024
18241,United Kingdom,17,2073.09,1051,10,121.95,5,5,5,Champions,20110506,20111130
18242,United Kingdom,4,2232.49,1017,72,558.12,2,4,5,Can't Lose Them,20110510,20110928
18245,United Kingdom,7,2567.06,1788,7,366.72,5,5,5,Champions,20101219,20111202
18246,United Kingdom,2,596.1,166,24,298.05,4,3,3,Loyal,20110420,20111116
18248,United Kingdom,2,804.02,511,123,402.01,2,3,3,At Risk,20110606,20110809
18249,United Kingdom,1,95.34,128,17,95.34,4,2,1,New / Promising,20111122,20111122
18250,United Kingdom,1,349.27,199,310,349.27,1,2,2,At Risk,20110202,20110202
18251,United Kingdom,1,4314.72,7824,87,4314.72,2,2,5,At Risk,20110913,20110913
18252,United Kingdom,2,518.27,234,51,259.14,3,3,3,Loyal,20110621,20111020
18255,United Kingdom,1,103.3,74,89,103.3,2,2,1,At Risk,20110911,20110911
18257,United Kingdom,8,2337.63,1041,39,292.2,3,5,5,Loyal,20110216,20111031
18259,United Kingdom,3,2338.6,714,25,779.53,4,4,5,Champions,20101208,20111115
18260,United Kingdom,6,2628.35,1475,173,438.06,2,5,5,Can't Lose Them,20101216,20110620
18261,United Kingdom,2,324.24,146,43,162.12,3,3,2,Loyal,20110905,20111027
18262,United Kingdom,1,149.48,182,140,149.48,2,2,1,At Risk,20110722,20110722
18263,United Kingdom,3,1213.16,1468,26,404.39,4,4,4,Champions,20110401,20111114
18265,United Kingdom,2,801.51,311,72,400.76,2,3,3,At Risk,20110704,20110928
18268,United Kingdom,1,25.5,2,134,25.5,2,2,1,At Risk,20110728,20110728
18269,United Kingdom,1,168.6,76,366,168.6,1,2,1,At Risk,20101208,20101208
18270,United Kingdom,2,283.15,101,38,141.57,3,3,2,Loyal,20110318,20111101
18272,United Kingdom,6,3078.58,2050,3,513.1,5,5,5,Champions,20110407,20111207
18273,United Kingdom,3,204.0,80,2,68.0,5,4,1,Champions,20110327,20111207
18274,United Kingdom,1,175.92,88,30,175.92,4,2,1,New / Promising,20111109,20111109
18276,United Kingdom,1,335.86,186,44,335.86,3,2,2,Need Attention,20111027,20111027
18277,United Kingdom,1,110.38,68,58,110.38,3,2,1,Need Attention,20111012,20111012
18278,United Kingdom,1,173.9,66,74,173.9,2,2,1,At Risk,20110927,20110927
18280,United Kingdom,1,180.6,45,278,180.6,1,2,1,At Risk,20110307,20110307
18281,United Kingdom,1,80.82,54,181,80.82,1,2,1,At Risk,20110612,20110612
18282,United Kingdom,2,178.05,103,8,89.02,5,3,1,Loyal,20110805,20111202
18283,United Kingdom,16,2039.58,1355,4,127.47,5,5,5,Champions,20110106,20111206
18287,United Kingdom,3,1837.28,1586,43,612.43,3,4,4,Loyal,20110522,20111028
